id,week,week_start_date,obj_num,flw_get,last_flw_get,height_pl,num_leaf,len_leaf,width_leaf,unit_len,dim_pipe
11,4,2020.10.6 0:00,1,0,,20.8,7,10.3,8.4,7.5,13.3
11,4,2020.10.6 0:00,2,0,,18.4,7,8.7,7.3,6.5,12.31
11,4,2020.10.6 0:00,3,0,,21.2,6,11.6,8.6,7.8,12.56
11,4,2020.10.6 0:00,4,0,,24.6,6,11.4,9.3,9.1,12.88
11,5,2020.10.13 0:00,1,0,0,21.1,6,11.1,8.2,7.9,13.36
11,5,2020.10.13 0:00,2,0,0,19.5,5,10.5,8,6.7,11.9
11,5,2020.10.13 0:00,3,0,0,21,5,10.7,9.6,9.2,13.06
11,5,2020.10.13 0:00,4,0,0,26.1,5,12.8,10.2,12,12.91
11,6,2020.10.20 0:00,1,0,0,20.1,6,11.6,9.2,6.7,13.39
11,6,2020.10.20 0:00,2,0,0,18.9,6,10.8,8.2,6.7,12.67
11,6,2020.10.20 0:00,3,0,0,23.3,6,12.6,9.4,11.2,13.77
11,6,2020.10.20 0:00,4,0,0,27.5,7,12.4,8.7,12.6,14.5
11,7,2020.10.27 0:00,1,1,0,22.9,6,10.4,7.7,6.3,13.58
11,7,2020.10.27 0:00,2,0,0,18.9,6,10.6,8.2,7.8,13.86
11,7,2020.10.27 0:00,3,1,0,25.5,6,13.1,10,11.8,13.91
11,7,2020.10.27 0:00,4,1,0,30.2,8,13.4,9.4,14.6,14.62
11,8,2020.11.3 0:00,1,7,1,24.5,7,10.7,8,7.8,14.65
11,8,2020.11.3 0:00,2,3,0,15.2,7,7.9,6.2,6.4,15.36
11,8,2020.11.3 0:00,3,6,1,29.4,7,13.3,9.7,13.2,14.68
11,8,2020.11.3 0:00,4,4,1,31.2,8,12.9,9.5,15.7,14.82
11,9,2020.11.10 0:00,1,11,7,25.3,7,11.7,8.5,12.3,14.52
11,9,2020.11.10 0:00,2,7,3,18.3,6,8.2,6.1,9.6,15.45
11,9,2020.11.10 0:00,3,7,6,31,7,14.6,9.9,4.4,15.33
11,9,2020.11.10 0:00,4,7,4,35.3,5,13.4,9.8,20.6,14.92
11,10,2020.11.17 0:00,1,12,11,26.1,8,11.7,8.9,11.3,15.16
11,10,2020.11.17 0:00,2,8,7,19.6,6,7.8,6.4,10.5,15.48
11,10,2020.11.17 0:00,3,10,7,30.3,7,14.6,10.2,15.3,16.06
11,10,2020.11.17 0:00,4,11,7,36.7,6,13.6,9.7,15.2,15.18
11,11,2020.11.24 0:00,1,12,12,27.3,8,10.4,7.3,12.5,15.58
11,11,2020.11.24 0:00,2,8,8,20.8,6,8.4,6.1,10.7,15.56
11,11,2020.11.24 0:00,3,11,10,31.3,7,14.3,10.2,15.7,16.12
11,11,2020.11.24 0:00,4,13,11,37.1,7,12.6,8.7,21,15.19
11,12,2020.12.1 0:00,1,10,12,27.6,7,10.2,7.4,16.3,15.61
11,12,2020.12.1 0:00,2,7,8,21.5,6,8.5,6.2,11.1,15.59
11,12,2020.12.1 0:00,3,10,11,31.1,7,14.2,10.5,15.8,16.24
11,12,2020.12.1 0:00,4,10,13,36.6,7,13.3,8.9,18.5,15.2
11,13,2020.12.8 0:00,1,7,10,29.1,8,10.5,7.6,16.3,15.65
11,13,2020.12.8 0:00,2,8,7,22.3,6,8.4,6.3,11.5,15.61
11,13,2020.12.8 0:00,3,8,10,30.5,8,14.6,10.8,15.3,16.35
11,13,2020.12.8 0:00,4,8,10,30.1,7,9.4,7.1,21.4,15.47
11,14,2020.12.15 0:00,1,5,7,28.5,8,10.2,7.4,15.6,15.71
11,14,2020.12.15 0:00,2,10,8,20.1,6,8.8,6.2,11.4,15.77
11,14,2020.12.15 0:00,3,11,8,28.3,8,9,8.3,15.8,16.61
11,14,2020.12.15 0:00,4,8,8,39.6,8,13.9,10.3,21.8,15.56
11,15,2020.12.22 0:00,1,5,5,28.5,6,10.3,7.2,16.7,15.8
11,15,2020.12.22 0:00,2,11,10,21.6,7,8.6,6.2,11.8,15.82
11,15,2020.12.22 0:00,3,12,11,30.4,8,9.8,8.3,16.3,16.67
11,15,2020.12.22 0:00,4,8,8,34.2,10,14.2,8.9,18.5,15.58
11,16,2020.12.29 0:00,1,7,5,31,9,8.4,6.3,15.2,15.21
11,16,2020.12.29 0:00,2,12,11,24,7,6.4,4.4,12,15.04
11,16,2020.12.29 0:00,3,11,12,34.2,8,8.9,6.8,17,16.84
11,16,2020.12.29 0:00,4,7,8,40.5,12,8.9,8,23.4,16.28
11,17,2021.1.5 0:00,1,8,7,29.7,11,8.4,6.5,14.5,15.46
11,17,2021.1.5 0:00,2,12,12,23,6,6.5,4.5,12,13.27
11,17,2021.1.5 0:00,3,10,11,34.5,8,6.5,5.5,15.5,19.25
11,17,2021.1.5 0:00,4,9,7,41.2,13,9,7.5,18.5,16.49
11,18,2021.1.12 0:00,1,9,8,31,10,7,5.5,11,15.55
11,18,2021.1.12 0:00,2,12,12,23.3,6,6.5,4.3,11.8,14.03
11,18,2021.1.12 0:00,3,5,10,35,9,9.2,6.7,16,19.76
11,18,2021.1.12 0:00,4,11,9,41.5,11,7.5,6.3,17,16.48
11,19,2021.1.19 0:00,1,9,9,30.5,13,6.7,5.7,11,14.53
11,19,2021.1.19 0:00,2,9,12,23,6,6.5,4.5,11.5,12.72
11,19,2021.1.19 0:00,3,5,5,35,11,9,6.5,16,18.5
11,19,2021.1.19 0:00,4,11,11,41,12,9,8,20,16.9
11,20,2021.1.26 0:00,1,11,9,31.5,13,7,5.8,11.2,14.83
11,20,2021.1.26 0:00,2,11,9,23,6,6.5,4.5,11.5,12.55
11,20,2021.1.26 0:00,3,6,5,36.5,11,8.5,6,4,17.61
11,20,2021.1.26 0:00,4,13,11,40.3,13,9.4,8,20,15.4
11,21,2021.2.2 0:00,1,10,11,32,16,7,5.7,10.5,15
11,21,2021.2.2 0:00,2,7,11,21,6,6.8,4.5,11.5,14.19
11,21,2021.2.2 0:00,3,9,6,35,12,8.5,6,14.5,18.07
11,21,2021.2.2 0:00,4,7,13,42,16,7.5,6,12,16.01
11,22,2021.2.9 0:00,1,11,10,32,18,7.2,5.6,11.3,14.78
11,22,2021.2.9 0:00,2,11,7,22,6,4.3,3.5,6,13.74
11,22,2021.2.9 0:00,3,9,9,35.3,13,7.7,6.5,10.5,17.47
11,22,2021.2.9 0:00,4,13,7,41.2,19,7.2,6,12.3,15.95
11,23,2021.2.16 0:00,1,12,11,32,20,7.2,6,11,16.51
11,23,2021.2.16 0:00,2,12,11,22,6,4,3.5,6,14.61
11,23,2021.2.16 0:00,3,8,9,35.3,15,7.6,6.5,13,20.56
11,23,2021.2.16 0:00,4,13,13,42,21,7.8,6,11,21.29
11,24,2021.2.23 0:00,1,11,12,31.5,18,7.2,5.7,11.5,15.94
11,24,2021.2.23 0:00,2,11,12,21,4,4.3,3.5,6,14.1
11,24,2021.2.23 0:00,3,11,8,30.5,14,7.8,6.7,14.2,19.53
11,24,2021.2.23 0:00,4,17,13,39.5,24,8.5,6,16.5,20.59
11,25,2021.3.2 0:00,1,11,11,31,20,8,7,13.5,16.61
11,25,2021.3.2 0:00,2,7,11,20.2,5,4.5,3.5,6,14.12
11,25,2021.3.2 0:00,3,11,11,31,14,8,6.7,14.5,20.26
11,25,2021.3.2 0:00,4,13,17,37,23,8.7,6.7,17.5,20.21
11,26,2021.3.9 0:00,1,15,11,31.3,21,8,7,13.2,15.9
11,26,2021.3.9 0:00,2,3,7,20.2,4,4.2,3.5,7,14.06
11,26,2021.3.9 0:00,3,13,11,34,16,8,6.7,14.2,19.29
11,26,2021.3.9 0:00,4,13,13,36.5,25,6.5,4.8,14,21.94
11,27,2021.3.16 0:00,1,17,15,31.2,22,8.3,6.7,14,16.55
11,27,2021.3.16 0:00,2,3,3,20.2,4,4.3,3.5,6.3,12.59
11,27,2021.3.16 0:00,3,13,13,36,16,8,7.7,15,18.79
11,27,2021.3.16 0:00,4,8,13,35.5,21,9,7,18,18.79
11,28,2021.3.23 0:00,1,16,17,31.5,23,7.5,6.3,14,15.53
11,28,2021.3.23 0:00,2,2,3,19.5,4,3.5,2.8,7,14.17
11,28,2021.3.23 0:00,3,11,13,40.5,15,8,7,15,18.76
11,28,2021.3.23 0:00,4,9,8,35.5,22,8.8,7,18,19.1
11,29,2021.3.30 0:00,1,13,16,31,22,8.6,7,14.2,15.37
11,29,2021.3.30 0:00,2,2,2,19.5,4,3.5,2.8,7,14.17
11,29,2021.3.30 0:00,3,12,11,42,16,8,6.5,17.5,19.33
11,29,2021.3.30 0:00,4,21,9,35.5,24,8,6.4,15,15.93
11,30,2021.4.6 0:00,1,12,13,31,22,8.6,7,15,15.54
11,30,2021.4.6 0:00,2,2,2,19.5,4,3.5,2.8,7,14.17
11,30,2021.4.6 0:00,3,7,12,44.5,15,8,7,17.5,20.02
11,30,2021.4.6 0:00,4,18,21,35.8,27,8,6.3,15,19.14
16,4,2020.10.1 0:00,1,0,,18,5,8.5,6.5,8,13
16,4,2020.10.1 0:00,2,0,,16,4,7.5,5.5,7,14.4
16,4,2020.10.1 0:00,3,0,,16,4,8,6,7,10.2
16,4,2020.10.1 0:00,4,0,,22,4,7.5,6,6,11.3
16,5,2020.10.8 0:00,1,0,0,20,4,10,8,8,13.65
16,5,2020.10.8 0:00,2,0,0,20,4,8,6.5,7,14.7
16,5,2020.10.8 0:00,3,0,0,19,4,8,6,9,11.25
16,5,2020.10.8 0:00,4,0,0,18,5,8,6,7,11.7
16,6,2020.10.15 0:00,1,0,0,22,4,11,9,9,14.16666667
16,6,2020.10.15 0:00,2,0,0,23,4,9,8,9,14.96666667
16,6,2020.10.15 0:00,3,0,0,23,5,8,6,9,12.26666667
16,6,2020.10.15 0:00,4,0,0,21,5,10,9,10,12.33333333
16,7,2020.10.22 0:00,1,0,0,22,5,11,10,8,13.33333333
16,7,2020.10.22 0:00,2,0,0,26,5,11,9,10,13.9
16,7,2020.10.22 0:00,3,0,0,26,5,10,8,11,15.1
16,7,2020.10.22 0:00,4,0,0,26,6,10,9,8,15.5
16,8,2020.10.29 0:00,1,3,0,25,6,10,8,14,15.9
16,8,2020.10.29 0:00,2,2,0,29,5,12,10,13,16.43333333
16,8,2020.10.29 0:00,3,1,0,29,6,12,10,13,15.36666667
16,8,2020.10.29 0:00,4,2,0,27,8,10,9,14,14.66666667
16,9,2020.11.5 0:00,1,6,3,28,7,10.5,9,15,18.76666667
16,9,2020.11.5 0:00,2,3,2,31,6,11,9,15.5,17.56666667
16,9,2020.11.5 0:00,3,4,1,31,6,10.5,9,17.5,18.1
16,9,2020.11.5 0:00,4,3,2,31,10,10,8.5,18,16
16,10,2020.11.12 0:00,1,10,6,30,8,10,8,16,22.9
16,10,2020.11.12 0:00,2,7,3,32,6,12,9,15,16.86666667
16,10,2020.11.12 0:00,3,8,4,32,6,11,8,18,20
16,10,2020.11.12 0:00,4,6,3,32,12,8,6,16,19.66666667
16,11,2020.11.19 0:00,1,12,10,32,7,10,8,16,22.33333333
16,11,2020.11.19 0:00,2,7,7,34,7,11,9,20,20.86666667
16,11,2020.11.19 0:00,3,8,8,31,7,9,8,19,17.23333333
16,11,2020.11.19 0:00,4,6,6,33,13,10,8,16,26.46666667
16,12,2020.11.26 0:00,1,11,12,32,7,11,8,19,23.8
16,12,2020.11.26 0:00,2,7,7,34,7,12,10,18,21.6
16,12,2020.11.26 0:00,3,8,8,30,7,9,8,19,18.53333333
16,12,2020.11.26 0:00,4,6,6,32,14,12,9,19,24.73333333
16,13,2020.12.3 0:00,1,11,11,31,5,11,8,19,21.26666667
16,13,2020.12.3 0:00,2,7,7,34,5,12,10,18,18.8
16,13,2020.12.3 0:00,3,8,8,31,5,9,8,19,21.36666667
16,13,2020.12.3 0:00,4,7,6,33,9,10,8,20,20.5
16,14,2020.12.10 0:00,1,9,11,32,5,11,8,20,18.83333333
16,14,2020.12.10 0:00,2,6,7,34,5,12,10,19,19.43333333
16,14,2020.12.10 0:00,3,7,8,32,5,9,8,20,19.13333333
16,14,2020.12.10 0:00,4,5,7,32,9,10,8,21,17.9
16,15,2020.12.17 0:00,1,8,9,33,6,10,8,19,16.23333333
16,15,2020.12.17 0:00,2,4,6,35,8,11,9,18,18.16666667
16,15,2020.12.17 0:00,3,7,7,32,6,10,8,20,18.86666667
16,15,2020.12.17 0:00,4,3,5,32,10,10,8,22,16.76666667
16,16,2020.12.24 0:00,1,6,8,33,6,10,8,20,19.26666667
16,16,2020.12.24 0:00,2,5,4,33,8,11,9,19,16.76666667
16,16,2020.12.24 0:00,3,4,7,32,6,10,8,22,18.8
16,16,2020.12.24 0:00,4,4,3,32,11,9,7,16,17.33333333
16,17,2020.12.31 0:00,1,6,6,34,7,11.5,8.5,20,22.25666667
16,17,2020.12.31 0:00,2,6,5,33.4,8,7.3,5.7,14,18.58333333
16,17,2020.12.31 0:00,3,4,4,31.3,6,7.5,5.5,14,19.5
16,17,2020.12.31 0:00,4,6,4,35,12,9,7,17.5,15.96333333
16,18,2021.1.7 0:00,1,5,6,34,7,11.5,8.5,20,15.49666667
16,18,2021.1.7 0:00,2,4,6,35.5,10,7,5.5,15,21.5
16,18,2021.1.7 0:00,3,5,4,31,7,7.5,5.5,13,18.31666667
16,18,2021.1.7 0:00,4,6,6,34,12,6.5,6.5,12,21.79666667
16,19,2021.1.14 0:00,1,8,5,33,7,11,8.5,20,15.72333333
16,19,2021.1.14 0:00,2,4,4,35,11,7.2,6,14.5,22.12666667
16,19,2021.1.14 0:00,3,2,5,32,9,6,5,13,18.11333333
16,19,2021.1.14 0:00,4,4,6,35,14,7.4,6.5,12,21
16,20,2021.1.21 0:00,1,8,8,33.5,8,6.5,4.5,10,18.96666667
16,20,2021.1.21 0:00,2,3,4,32,11,6.5,5.5,15,22.2
16,20,2021.1.21 0:00,3,5,2,29,8,6.2,5,13.5,19.85666667
16,20,2021.1.21 0:00,4,8,4,31,12,7,6,13,17.05
16,21,2021.1.28 0:00,1,8,8,34.5,8,7,4.5,11.5,18.91
16,21,2021.1.28 0:00,2,5,3,34,13,6,5.5,12.5,20.65333333
16,21,2021.1.28 0:00,3,3,5,29.5,11,6.8,5.2,14,21.73333333
16,21,2021.1.28 0:00,4,14,8,34,19,7.5,6.5,13,20.86333333
16,22,2021.2.4 0:00,1,8,8,32,9,7,4.8,11.5,23.87666667
16,22,2021.2.4 0:00,2,9,5,33,12,7,6,14,20.58666667
16,22,2021.2.4 0:00,3,10,3,23,14,6.5,5,14.5,24.19
16,22,2021.2.4 0:00,4,22,14,30.5,20,7.5,6.5,14.5,20.40666667
16,23,2021.2.11 0:00,1,9,8,33,10,7,6,11.5,23.72333333
16,23,2021.2.11 0:00,2,14,9,33,19,7.5,6.5,15,21.61333333
16,23,2021.2.11 0:00,3,4,10,26,14,6,5.6,16,25.98333333
16,23,2021.2.11 0:00,4,17,22,31,23,7.2,5,15.5,20.40333333
16,24,2021.2.18 0:00,1,11,9,30,12,7.5,6.5,16,26.14333333
16,24,2021.2.18 0:00,2,16,14,33,18,8,6.5,16,27.78
16,24,2021.2.18 0:00,3,7,4,30,16,7.2,5.8,17,27.05666667
16,24,2021.2.18 0:00,4,20,17,30,22,8,6.7,16,24.79666667
16,25,2021.2.25 0:00,1,11,11,26,9,7.2,6.4,13.5,24.11666667
16,25,2021.2.25 0:00,2,19,16,29.5,20,8,6.8,18,28.62
16,25,2021.2.25 0:00,3,8,7,31,11,6.5,5.5,11.5,28.75666667
16,25,2021.2.25 0:00,4,19,20,27,17,8,6.5,15,25.70666667
16,26,2021.3.4 0:00,1,9,11,26,10,6.4,7.4,14,23.12
16,26,2021.3.4 0:00,2,21,19,30,22,7.8,6.6,18,33.81333333
16,26,2021.3.4 0:00,3,10,8,34,12,7.2,5.7,19,31.02333333
16,26,2021.3.4 0:00,4,20,19,29,17,8,5.8,15,25.47333333
16,27,2021.3.11 0:00,1,9,9,27,9,8,6.8,18,33.86333333
16,27,2021.3.11 0:00,2,16,21,30,21,8,7,17,26.24
16,27,2021.3.11 0:00,3,10,10,37,13,7.8,6.7,18.5,20.04666667
16,27,2021.3.11 0:00,4,20,20,31,18,8,7.8,15,35.16
16,28,2021.3.18 0:00,1,8,9,26,9,7.5,5,15,18.06333333
16,28,2021.3.18 0:00,2,15,16,32,18,8.2,6,17,33.85666667
16,28,2021.3.18 0:00,3,10,10,40,12,7.5,5.8,19,34.33666667
16,28,2021.3.18 0:00,4,15,20,30,15,7.4,5.2,15.5,25.95
16,29,2021.3.25 0:00,1,8,8,27,10,7.5,6.2,14.5,18.88
16,29,2021.3.25 0:00,2,11,15,32,18,8.2,6.2,18,27.93666667
16,29,2021.3.25 0:00,3,5,10,40,12,7.5,6.6,24,30.80333333
16,29,2021.3.25 0:00,4,9,15,31,16,8,6,16.5,25.25333333
16,30,2021.4.1 0:00,1,6,8,30,9,8,6.5,17.5,25.02
16,30,2021.4.1 0:00,2,5,11,32,17,8,6.5,17.8,19.62333333
16,30,2021.4.1 0:00,3,3,5,40,12,8.5,6.5,20,21.45333333
16,30,2021.4.1 0:00,4,4,9,30,18,9,7,19.5,16.24333333
20,4,2020.10.4 0:00,1,0,,30,3,10.6,8.6,17.8,13.24
20,4,2020.10.4 0:00,2,0,,26.3,3,7,4.3,10.6,12.08
20,4,2020.10.4 0:00,3,0,,24,3,5.8,4.5,16.8,9.49
20,4,2020.10.4 0:00,4,0,,30,4,12.1,8.3,16.3,12.88
20,5,2020.10.11 0:00,1,0,0,30.2,4,13,8.9,13,14.93
20,5,2020.10.11 0:00,2,0,0,26.6,3,12.5,9.1,12,13.68
20,5,2020.10.11 0:00,3,0,0,20.1,3,5.8,4.2,12,9.83
20,5,2020.10.11 0:00,4,0,0,30.2,5,14.2,9.7,14.3,14.81
20,6,2020.10.18 0:00,1,0,0,31.4,4,13.1,9,13,16.42
20,6,2020.10.18 0:00,2,0,0,26.7,4,12.8,8.5,9.6,14.94
20,6,2020.10.18 0:00,3,0,0,20,4,6.3,4.8,12.2,11.14
20,6,2020.10.18 0:00,4,0,0,30.7,5,14.4,10,14.3,16.14
20,7,2020.10.25 0:00,1,0,0,32.3,4,13.8,10.3,16,17.97
20,7,2020.10.25 0:00,2,0,0,28,5,12.7,9.2,13,16.15
20,7,2020.10.25 0:00,3,0,0,20,5,8.8,7.5,7.5,11.79
20,7,2020.10.25 0:00,4,0,0,31.2,5,13.3,11.2,15.5,17.22
20,8,2020.11.1 0:00,1,0,0,32.3,5,15.1,9.4,13.5,19.21
20,8,2020.11.1 0:00,2,0,0,28,5,13.3,9.2,12.5,18.95
20,8,2020.11.1 0:00,3,0,0,31.4,6,15.8,11.2,13,18.89
20,8,2020.11.1 0:00,4,0,0,31.9,5,13.6,11.2,15.7,19.03
20,9,2020.11.8 0:00,1,0,0,32.5,5,15.3,10,13.5,19.37
20,9,2020.11.8 0:00,2,0,0,29.1,5,13.7,9.5,14.1,19.45
20,9,2020.11.8 0:00,3,0,0,31.6,6,16.1,11.3,13,19.32
20,9,2020.11.8 0:00,4,0,0,32,6,13.3,10.6,14.2,19.94
20,10,2020.11.15 0:00,1,7,0,32.5,6,13,9.2,15.6,20.52
20,10,2020.11.15 0:00,2,5,0,29.5,6,10.8,8.3,13.2,19.96
20,10,2020.11.15 0:00,3,7,0,32.7,7,14.6,11.7,14.5,21.64
20,10,2020.11.15 0:00,4,7,0,32.5,6,13.7,10.6,14.6,21.84
20,11,2020.11.22 0:00,1,9,7,31.5,6,12.6,8.7,18.5,21.44
20,11,2020.11.22 0:00,2,8,5,29.2,7,12.7,7.5,13.2,20.23
20,11,2020.11.22 0:00,3,9,7,33.2,7,12.5,8.6,15.1,21.81
20,11,2020.11.22 0:00,4,8,7,32.5,7,12.8,9.2,15.2,22.45
20,12,2020.11.29 0:00,1,10,9,33.7,7,12.7,8.8,18.9,21.48
20,12,2020.11.29 0:00,2,10,8,30.5,7,12.7,7.6,15.2,20.52
20,12,2020.11.29 0:00,3,9,9,33.5,7,12.6,8.7,15.7,21.97
20,12,2020.11.29 0:00,4,8,8,32.9,7,12.9,9.3,15.9,22.48
20,13,2020.12.6 0:00,1,12,10,34.3,7,12.5,8.7,19.4,22.25
20,13,2020.12.6 0:00,2,11,10,31.2,7,12.6,7.9,15.8,20.87
20,13,2020.12.6 0:00,3,9,9,33.5,7,12.6,9,16.1,21.95
20,13,2020.12.6 0:00,4,8,8,32.9,8,11.7,8.9,18,23.01
20,14,2020.12.13 0:00,1,9,12,34.5,7,12.5,8.7,19.7,22.51
20,14,2020.12.13 0:00,2,9,11,31.5,8,12.7,7.9,15.7,20.96
20,14,2020.12.13 0:00,3,8,9,33.5,8,10.2,8.2,16.2,22.21
20,14,2020.12.13 0:00,4,6,8,33,8,12.1,8.9,18.2,23.28
20,15,2020.12.20 0:00,1,9,9,34.5,5,12.5,8.7,19.7,19.72
20,15,2020.12.20 0:00,2,10,9,31.7,6,12.7,7.9,15.7,20.26
20,15,2020.12.20 0:00,3,6,8,33.6,7,10.4,8.5,17.5,21.24
20,15,2020.12.20 0:00,4,6,6,33.1,7,12.1,8.9,18.2,22.32
20,16,2020.12.27 0:00,1,8,9,34.7,5,12.7,9.1,19.8,20.03
20,16,2020.12.27 0:00,2,10,10,31.8,6,13,8,16.2,20.46
20,16,2020.12.27 0:00,3,5,6,33.8,7,9.8,7.3,20.3,21.73
20,16,2020.12.27 0:00,4,4,6,33.1,7,9.8,7.6,16.6,22.1
20,17,2021.1.3 0:00,1,6,8,35,5,13,9.1,20.1,20.06
20,17,2021.1.3 0:00,2,8,10,32.1,6,13.1,8,16.9,20.47
20,17,2021.1.3 0:00,3,5,5,33.8,7,9.9,7.5,20.7,21.83
20,17,2021.1.3 0:00,4,4,4,33.1,7,10,7.6,17.2,22.17
20,18,2021.1.10 0:00,1,10,6,35.4,5,13,9.2,20.7,20.09
20,18,2021.1.10 0:00,2,14,8,32.6,5,13.3,8,17.1,20.54
20,18,2021.1.10 0:00,3,6,5,33.2,6,10,7.5,20.8,21.85
20,18,2021.1.10 0:00,4,6,4,33.1,7,10,7.6,17.2,22.4
20,19,2021.1.17 0:00,1,9,10,35.4,5,13,9.2,20.7,21
20,19,2021.1.17 0:00,2,12,14,32.9,5,13.4,8,17.3,20.76
20,19,2021.1.17 0:00,3,9,6,33.5,6,10.1,7.5,20.8,21.92
20,19,2021.1.17 0:00,4,11,6,33,7,10,7.6,17.2,22.51
20,20,2021.1.24 0:00,1,6,9,35.8,5,13,9.2,20.9,21.02
20,20,2021.1.24 0:00,2,7,12,33.5,5,13.4,8,18.3,20.78
20,20,2021.1.24 0:00,3,5,9,33.7,6,10.2,7.5,21.6,22.03
20,20,2021.1.24 0:00,4,10,11,32.8,7,10,7.6,17.2,22.64
20,21,2021.1.31 0:00,1,6,6,35.8,5,13,9.2,20.9,21.12
20,21,2021.1.31 0:00,2,5,7,33.7,5,13.4,8,18.5,20.8
20,21,2021.1.31 0:00,3,5,5,34,7,8.2,5.5,12.5,22.21
20,21,2021.1.31 0:00,4,9,10,32.7,7,10,7.6,16.9,22.91
20,22,2021.2.7 0:00,1,5,6,36.6,5,13.1,9.3,21.8,21.16
20,22,2021.2.7 0:00,2,4,5,34.9,5,13.5,8,19.3,20.95
20,22,2021.2.7 0:00,3,4,5,34.7,7,8.4,5.5,12.8,22.32
20,22,2021.2.7 0:00,4,6,9,32.7,8,9.7,7.1,17.8,23.01
20,23,2021.2.14 0:00,1,2,5,37.1,6,12,8.2,20.3,21.17
20,23,2021.2.14 0:00,2,0,4,34.7,6,10.2,8.1,19.2,21.01
20,23,2021.2.14 0:00,3,2,4,35,6,8.5,5.5,13,23.49
20,23,2021.2.14 0:00,4,3,6,32.5,8,9.7,7.1,17.8,23.08
20,24,2021.2.21 0:00,1,2,2,37.1,6,12,8.2,20.3,21.17
20,24,2021.2.21 0:00,2,0,0,34.7,6,10.3,8.1,19.6,21.09
20,24,2021.2.21 0:00,3,0,2,35,7,6,4.4,15.3,23.51
20,24,2021.2.21 0:00,4,1,3,32.5,8,6.2,5.8,16.2,23.11
20,25,2021.2.28 0:00,1,5,2,37.4,7,4.9,4,14.6,21.19
20,25,2021.2.28 0:00,2,0,0,34.7,8,6.2,4.2,13.7,21.11
20,25,2021.2.28 0:00,3,0,0,35.2,10,6,4.6,11.7,23.57
20,25,2021.2.28 0:00,4,2,1,31.7,10,6.6,5.7,11.1,23.25
20,26,2021.3.7 0:00,1,10,5,35.1,6,7,6.8,14.1,19.95
20,26,2021.3.7 0:00,2,0,0,33,8,5.5,4,12.3,19.26
20,26,2021.3.7 0:00,3,2,0,35.4,11,5.8,4.5,10.1,22.19
20,26,2021.3.7 0:00,4,3,2,32.8,10,8.2,6.9,12.2,22.05
20,27,2021.3.14 0:00,1,11,10,35.1,7,9.9,8.1,19,19.91
20,27,2021.3.14 0:00,2,0,0,30,9,7.1,5.6,14.9,19.22
20,27,2021.3.14 0:00,3,6,2,29.1,11,8.8,7.7,19.4,20.47
20,27,2021.3.14 0:00,4,3,3,32.8,9,8.4,7,13.5,22.03
20,28,2021.3.21 0:00,1,11,11,35.1,7,7.2,5.5,16.5,19.91
20,28,2021.3.21 0:00,2,2,0,35.8,10,8.7,6.5,19.1,19.25
20,28,2021.3.21 0:00,3,8,6,33,11,10.5,9.3,21.1,20.98
20,28,2021.3.21 0:00,4,2,3,30,10,9.3,7.2,12.1,21.32
20,29,2021.3.28 0:00,1,10,11,35.2,7,9,6.4,18.1,19.56
20,29,2021.3.28 0:00,2,10,2,40,8,9.3,7,20.2,19.25
20,29,2021.3.28 0:00,3,9,8,39.5,9,12,10.5,21.2,21.37
20,29,2021.3.28 0:00,4,0,2,29.6,10,9,5.7,18.3,21.71
20,30,2021.4.4 0:00,1,6,10,38.5,7,9.1,6.4,18.1,19.58
20,30,2021.4.4 0:00,2,13,10,42,9,11.4,8.8,24.8,20.38
20,30,2021.4.4 0:00,3,8,9,42.2,10,8.6,6.7,24.3,21.71
20,30,2021.4.4 0:00,4,3,0,33.8,10,7,4.9,19.2,22.15
23,4,2020.9.29 0:00,1,0,,29.5,5,12.4,8.7,15.6,12.44
23,4,2020.9.29 0:00,2,0,,31.7,5,12.9,10.4,15.7,12.49
23,4,2020.9.29 0:00,3,0,,28.5,3,11,8.8,16.1,11.97
23,4,2020.9.29 0:00,4,0,,24.6,5,6.9,5.2,15.7,13.69
23,5,2020.10.6 0:00,1,0,0,30.1,6,13,8.6,14.1,13.56
23,5,2020.10.6 0:00,2,0,0,32.2,6,12.5,9.2,18,13.5
23,5,2020.10.6 0:00,3,0,0,29.1,4,12.6,9.2,12.8,13.67
23,5,2020.10.6 0:00,4,0,0,24.4,5,10.5,7.5,12,12.39
23,6,2020.10.13 0:00,1,0,0,32.3,7,14.1,10.2,16.6,14.96
23,6,2020.10.13 0:00,2,0,0,33.8,7,14.8,11.6,15.7,16.77
23,6,2020.10.13 0:00,3,0,0,30.5,5,13,10.2,15.2,14.26
23,6,2020.10.13 0:00,4,0,0,27.5,4,10.8,7.7,12.3,13.54
23,7,2020.10.20 0:00,1,1,0,36.8,4,14.3,10.4,17.1,14.68
23,7,2020.10.20 0:00,2,0,0,35.3,6,16.1,10.3,17.3,17.69
23,7,2020.10.20 0:00,3,1,0,31.9,6,13.7,10.4,16.6,14.85
23,7,2020.10.20 0:00,4,1,0,30.5,5,12.1,8.7,12.6,15.05
23,8,2020.10.27 0:00,1,4,1,39.5,5,13.5,9.5,18.7,16.11
23,8,2020.10.27 0:00,2,2,0,37.7,6,16.1,10.3,17.4,18.4
23,8,2020.10.27 0:00,3,2,1,34.5,6,13.9,10.5,16.8,16.82
23,8,2020.10.27 0:00,4,2,1,31.8,5,12.2,9,12.6,15.8
23,9,2020.11.3 0:00,1,7,4,40.7,5,13.6,9.6,19.2,16.74
23,9,2020.11.3 0:00,2,3,2,39.3,6,14.8,10.6,20.1,18.83
23,9,2020.11.3 0:00,3,4,2,35.1,5,13.9,10.7,17,17.1
23,9,2020.11.3 0:00,4,6,2,32.5,6,14.9,10.3,15.1,16.63
23,10,2020.11.10 0:00,1,12,7,40.8,6,14.9,10,24,18.53
23,10,2020.11.10 0:00,2,6,3,39.5,6,15,10.8,20.1,18.61
23,10,2020.11.10 0:00,3,9,4,36.8,6,14.2,10.2,18.7,17.33
23,10,2020.11.10 0:00,4,9,6,33.2,6,13.5,9.6,18,17
23,11,2020.11.17 0:00,1,13,12,41.3,6,14.9,10.1,24,18.88
23,11,2020.11.17 0:00,2,9,6,39.6,6,15.2,10.9,20.2,19.77
23,11,2020.11.17 0:00,3,13,9,37.2,6,14.4,10.3,19,18.72
23,11,2020.11.17 0:00,4,11,9,33.9,5,13.5,9.8,18.2,17.13
23,12,2020.11.24 0:00,1,15,13,41.4,7,11.5,9.1,22.5,19.06
23,12,2020.11.24 0:00,2,10,9,40.1,7,14.4,10,22.8,19.3
23,12,2020.11.24 0:00,3,16,13,37.6,5,14.4,10.3,19,18.62
23,12,2020.11.24 0:00,4,12,11,34,6,11.6,8.6,16.5,17.34
23,13,2020.12.1 0:00,1,13,15,41.4,7,11.5,9.1,22.6,19.08
23,13,2020.12.1 0:00,2,11,10,41,7,14.4,10,24,19.76
23,13,2020.12.1 0:00,3,16,16,37.8,6,13.3,9.5,22.6,18.92
23,13,2020.12.1 0:00,4,11,12,34,6,11.8,8.6,17.4,17.55
23,14,2020.12.8 0:00,1,11,13,41.4,7,11.5,9.1,22.6,19.15
23,14,2020.12.8 0:00,2,8,11,41.2,8,11.2,7.5,26.5,19.87
23,14,2020.12.8 0:00,3,14,16,37.8,6,13.3,9.5,22.6,19.3
23,14,2020.12.8 0:00,4,11,11,34,6,11.8,8.7,17.5,17.66
23,15,2020.12.15 0:00,1,8,11,41.4,7,11.7,9.2,22.9,19.25
23,15,2020.12.15 0:00,2,8,8,41.2,8,11.3,7.6,26.6,20.24
23,15,2020.12.15 0:00,3,9,14,38.1,6,13.4,9.7,22.7,20.7
23,15,2020.12.15 0:00,4,7,11,34,7,9.1,7.1,17.2,17.94
23,16,2020.12.22 0:00,1,7,8,41.4,6,11.7,9.2,22.9,20.03
23,16,2020.12.22 0:00,2,3,8,41.2,7,11.3,7.6,26.6,20.26
23,16,2020.12.22 0:00,3,7,9,38.1,6,13.5,9.7,22.7,20.18
23,16,2020.12.22 0:00,4,5,7,34.1,7,9.1,7.1,17.2,17.91
23,17,2020.12.29 0:00,1,4,7,41.4,6,11.7,9.2,22.9,20.06
23,17,2020.12.29 0:00,2,3,3,41.2,8,9.2,7,21.2,20.45
23,17,2020.12.29 0:00,3,5,7,38.4,6,13.5,9.8,23.2,21.06
23,17,2020.12.29 0:00,4,3,5,34.1,7,9.5,7.1,17.5,19.62
23,18,2021.1.5 0:00,1,4,4,41.4,6,11.6,9.2,22.8,20.15
23,18,2021.1.5 0:00,2,2,3,41.2,8,9.2,7,21.3,20.68
23,18,2021.1.5 0:00,3,1,5,39,6,13.5,9.9,23.6,21.87
23,18,2021.1.5 0:00,4,2,3,34.1,7,9.5,7.2,17.6,19.65
23,19,2021.1.12 0:00,1,4,4,41.4,6,10.3,7.2,20.4,20.41
23,19,2021.1.12 0:00,2,4,2,41.2,7,9.2,7,21.3,20.74
23,19,2021.1.12 0:00,3,1,1,39.3,6,13.7,9.9,23.9,21.89
23,19,2021.1.12 0:00,4,0,2,34.1,7,9.5,7.2,17.6,20.46
23,20,2021.1.19 0:00,1,6,4,41.2,6,14.8,10.3,24,20.43
23,20,2021.1.19 0:00,2,5,4,41,7,9.5,7,21.3,21.09
23,20,2021.1.19 0:00,3,3,1,40.5,6,10.5,7.3,20.5,21.93
23,20,2021.1.19 0:00,4,0,0,34.1,7,9.6,7.3,17.8,20.51
23,21,2021.1.26 0:00,1,5,6,41.2,6,10.3,7.2,20.2,21.06
23,21,2021.1.26 0:00,2,5,5,40.8,7,9.5,7,21.3,21.33
23,21,2021.1.26 0:00,3,3,3,39.8,6,10.6,7.4,20.9,21.99
23,21,2021.1.26 0:00,4,0,0,34.1,8,7.7,6,17.5,21.08
23,22,2021.2.2 0:00,1,0,5,41.2,6,10.3,7.2,20,21.22
23,22,2021.2.2 0:00,2,5,5,40.5,6,9.6,7,21.3,21.36
23,22,2021.2.2 0:00,3,0,3,39.6,6,10.5,7.4,20.9,22.33
23,22,2021.2.2 0:00,4,0,0,37.3,7,7.8,6.1,17.6,21.35
23,23,2021.2.9 0:00,1,0,0,41,6,10.3,7.2,19.6,22.32
23,23,2021.2.9 0:00,2,5,5,40.3,6,9.6,7,21.2,21.43
23,23,2021.2.9 0:00,3,0,0,39.6,6,10.6,7.5,20.6,23.03
23,23,2021.2.9 0:00,4,1,0,34.3,7,7.8,6.1,17.6,21.96
23,24,2021.2.16 0:00,1,2,0,40.8,7,7.5,6.1,20.3,22.35
23,24,2021.2.16 0:00,2,4,5,40.3,8,5.6,4.7,17.3,21.85
23,24,2021.2.16 0:00,3,0,0,39.6,7,8.2,5.4,18.6,21.35
23,24,2021.2.16 0:00,4,4,1,36.1,8,7.8,6.1,19.9,22.07
23,25,2021.2.23 0:00,1,6,2,32.7,5,7.7,6.7,14.5,20.95
23,25,2021.2.23 0:00,2,4,4,39.5,7,7.5,6.5,13.7,21.55
23,25,2021.2.23 0:00,3,1,0,32.4,5,8.1,6.6,16.5,20.05
23,25,2021.2.23 0:00,4,6,4,36.1,7,7.2,5.2,13,21.75
23,26,2021.3.2 0:00,1,4,6,32.2,8,8.4,7.8,15.8,20.95
23,26,2021.3.2 0:00,2,4,4,39.5,8,7.6,6.6,13.9,21.65
23,26,2021.3.2 0:00,3,4,1,32.2,7,8.2,7.4,17,20.08
23,26,2021.3.2 0:00,4,8,6,31.2,6,6.9,5.7,13.8,21.8
23,27,2021.3.9 0:00,1,5,4,32.4,10,5.6,5.2,12.1,20.18
23,27,2021.3.9 0:00,2,4,4,39.5,9,9.3,7.9,17.8,21.12
23,27,2021.3.9 0:00,3,8,4,33.5,7,9,7.5,17.8,19.74
23,27,2021.3.9 0:00,4,7,8,28,8,8.4,7,18.4,21.08
23,28,2021.3.16 0:00,1,5,5,35.5,8,10.1,8.2,23.8,19.52
23,28,2021.3.16 0:00,2,3,4,39.4,10,5.9,4.4,11.9,22.23
23,28,2021.3.16 0:00,3,8,8,36.5,9,8.5,6.5,22.3,19.39
23,28,2021.3.16 0:00,4,3,7,31.7,9,7.3,6.1,16.9,21.89
23,29,2021.3.23 0:00,1,5,5,37.8,8,8.5,7.1,18.7,19.43
23,29,2021.3.23 0:00,2,1,3,39.4,9,5.9,4.4,11.9,22.23
23,29,2021.3.23 0:00,3,8,8,39,8,9.7,7.3,25,19.78
23,29,2021.3.23 0:00,4,2,3,37.9,10,8,7.3,27.3,22.51
23,30,2021.3.30 0:00,1,2,5,42.7,7,8.6,7.5,18.9,19.32
23,30,2021.3.30 0:00,2,1,1,41.2,9,10.9,8.9,24.8,22.63
23,30,2021.3.30 0:00,3,1,8,43,10,8.5,6.1,30.3,19.9
23,30,2021.3.30 0:00,4,0,2,40.8,12,5.3,4.6,22,24.53
24,4,2020.9.30 0:00,1,0,,20.5,5,1,3,9.1,10.62
24,4,2020.9.30 0:00,2,0,,26.2,4,2,2,18.7,10.89
24,4,2020.9.30 0:00,3,0,,24.5,5,2,3,8.4,10.29
24,4,2020.9.30 0:00,4,0,,27.1,5,2,3,14.2,11.33
24,5,2020.10.7 0:00,1,0,0,19.5,3,5,4,8.4,11.5
24,5,2020.10.7 0:00,2,0,0,18.2,2,6,6,7.4,11.92
24,5,2020.10.7 0:00,3,0,0,18.4,2,6,6,8.4,11.59
24,5,2020.10.7 0:00,4,0,0,18.7,3,6,5,9,11.51
24,6,2020.10.14 0:00,1,0,0,22.1,3,6,5,9.5,12.7
24,6,2020.10.14 0:00,2,0,0,19.3,3,6,5,8.2,12.66
24,6,2020.10.14 0:00,3,0,0,19.5,3,6,5,9.5,11.62
24,6,2020.10.14 0:00,4,0,0,20.6,3,7,5,9.1,11.25
24,7,2020.10.21 0:00,1,0,0,23.8,4,6,6,11.4,13.95
24,7,2020.10.21 0:00,2,0,0,21.9,4,7,6,8.4,13.54
24,7,2020.10.21 0:00,3,0,0,25,4,8,6,8.8,12.87
24,7,2020.10.21 0:00,4,0,0,23.7,4,7,6,10.2,12.12
24,8,2020.10.28 0:00,1,0,0,27.9,5,8,7,13.2,17.21
24,8,2020.10.28 0:00,2,1,0,28.4,5,9,7,11.3,14.6
24,8,2020.10.28 0:00,3,0,0,30.2,6,9,8,13.7,13.19
24,8,2020.10.28 0:00,4,1,0,30.7,6,9,8,12,15.46
24,9,2020.11.4 0:00,1,3,0,30.1,6,9,8,15.2,18.27
24,9,2020.11.4 0:00,2,4,1,31.2,5,9,8,13,16.4
24,9,2020.11.4 0:00,3,0,0,31.2,6,9,8,14.2,14.53
24,9,2020.11.4 0:00,4,6,1,33.7,6,9,8,12.8,16.6
24,10,2020.11.11 0:00,1,6,3,32.5,6,9,8,15.6,20.04
24,10,2020.11.11 0:00,2,7,4,35.2,5,10,8,14.3,18
24,10,2020.11.11 0:00,3,0,0,33.7,4,10,8,14.6,15.22
24,10,2020.11.11 0:00,4,8,6,34.9,7,9,9,19.6,17.22
24,11,2020.11.18 0:00,1,8,6,35,6,10,9,18.6,20.31
24,11,2020.11.18 0:00,2,8,7,37.8,5,10,9,19.6,19.69
24,11,2020.11.18 0:00,3,1,0,34.9,4,10,9,15.5,17.14
24,11,2020.11.18 0:00,4,9,8,36.1,7,10,10,20.5,17.87
24,12,2020.11.25 0:00,1,9,8,35.5,5,10,9,19.4,19.22
24,12,2020.11.25 0:00,2,10,8,38.8,5,10,9,19.9,19.86
24,12,2020.11.25 0:00,3,1,1,35.2,5,10,10,21.3,17.45
24,12,2020.11.25 0:00,4,10,9,36.6,6,10,10,20.9,16.72
24,13,2020.12.2 0:00,1,9,9,36.1,5,10,10,21.7,18.68
24,13,2020.12.2 0:00,2,9,10,40.1,5,11,10,24.4,18.86
24,13,2020.12.2 0:00,3,3,1,35.3,5,10,10,21.3,17.89
24,13,2020.12.2 0:00,4,10,10,36.7,7,10,11,18,16.61
24,14,2020.12.9 0:00,1,8,9,36.2,5,11,10,21.7,19.11
24,14,2020.12.9 0:00,2,7,9,40.4,5,11,10,24.5,19.01
24,14,2020.12.9 0:00,3,6,3,35.5,5,10,10,21.6,17.92
24,14,2020.12.9 0:00,4,6,10,36.7,7,10,11,18.1,16.4
24,15,2020.12.16 0:00,1,7,8,36.5,5,10,10,22,19.12
24,15,2020.12.16 0:00,2,6,7,41,5,11,10,24.5,19.02
24,15,2020.12.16 0:00,3,6,6,35.5,6,10,11,21.3,18.38
24,15,2020.12.16 0:00,4,5,6,36.7,7,10,11,18.1,16.43
24,16,2020.12.23 0:00,1,6,7,37,5,11,10,23,19.33
24,16,2020.12.23 0:00,2,3,6,41,5,11,10,24.7,19.1
24,16,2020.12.23 0:00,3,6,6,35.6,6,10,11,21.5,19.08
24,16,2020.12.23 0:00,4,4,5,36.7,7,10,11,18.1,16.62
24,17,2020.12.30 0:00,1,6,6,36.6,5,10,10,23,20.09
24,17,2020.12.30 0:00,2,3,3,41.1,5,11,10,24.7,19.11
24,17,2020.12.30 0:00,3,6,6,35.7,6,10,11,21.8,19.12
24,17,2020.12.30 0:00,4,3,4,36.7,7,10,12,21.3,17.54
24,18,2021.1.6 0:00,1,4,6,37.1,5,11,10,23.1,20.11
24,18,2021.1.6 0:00,2,2,3,41.2,5,11,10,24.7,19.66
24,18,2021.1.6 0:00,3,6,6,35.7,7,10,12,19.9,19.73
24,18,2021.1.6 0:00,4,9,3,41,7,7,14,18.2,21.93
24,19,2021.1.13 0:00,1,0,4,37.3,5,10,10,23.1,20.53
24,19,2021.1.13 0:00,2,4,2,41.4,5,11,10,24.8,20.04
24,19,2021.1.13 0:00,3,5,6,35.8,7,10,12,20,19.98
24,19,2021.1.13 0:00,4,1,9,36.7,7,10,13,17.6,17.9
24,20,2021.1.20 0:00,1,11,0,37.5,4,10,10,23.1,20.56
24,20,2021.1.20 0:00,2,8,4,41.5,5,11,10,24.5,20.82
24,20,2021.1.20 0:00,3,5,5,36,6,10,12,20.2,19.98
24,20,2021.1.20 0:00,4,4,1,36.6,8,10,14,11.7,18.93
24,21,2021.1.27 0:00,1,11,11,37.5,5,10,11,22.8,19.34
24,21,2021.1.27 0:00,2,12,8,41.6,6,11,11,26.4,21.9
24,21,2021.1.27 0:00,3,7,5,36.2,6,10,12,20.2,18.32
24,21,2021.1.27 0:00,4,9,4,36.5,8,10,14,12.6,19.03
24,22,2021.2.3 0:00,1,11,11,37.3,5,10,10,22.8,19.62
24,22,2021.2.3 0:00,2,10,12,41.8,7,11,12,19.4,22.29
24,22,2021.2.3 0:00,3,8,7,36.2,6,10,12,20.3,18.35
24,22,2021.2.3 0:00,4,11,9,36.3,8,10,14,12.6,19.52
24,23,2021.2.10 0:00,1,11,11,37.1,5,10,11,22.5,19.86
24,23,2021.2.10 0:00,2,10,10,42,6,11,12,19.8,22.08
24,23,2021.2.10 0:00,3,6,8,36.2,5,10,12,20.3,17.41
24,23,2021.2.10 0:00,4,10,11,36.3,8,10,15,13.1,18.87
24,24,2021.2.17 0:00,1,11,11,36.9,5,11,11,22.3,19.93
24,24,2021.2.17 0:00,2,10,10,42,6,11,12,20,22.08
24,24,2021.2.17 0:00,3,7,6,36.2,5,10,12,19.8,17.85
24,24,2021.2.17 0:00,4,16,10,35.2,8,12,16,15.3,19.8
24,25,2021.2.24 0:00,1,11,11,36.9,6,10.5,7.6,20.6,19.98
24,25,2021.2.24 0:00,2,10,10,42,7,9.6,7.6,19.9,22.09
24,25,2021.2.24 0:00,3,9,7,36.2,5,9.8,8.5,19.7,17.91
24,25,2021.2.24 0:00,4,20,16,35.2,9,6.2,5.1,14.9,20.16
24,26,2021.3.3 0:00,1,12,11,36.9,7,7.2,5.8,10.3,20.03
24,26,2021.3.3 0:00,2,10,10,42,7,9.6,7.6,19.9,22.11
24,26,2021.3.3 0:00,3,9,9,36.2,7,9,6.3,14.2,18
24,26,2021.3.3 0:00,4,21,20,27.5,9,8.6,7.5,16.3,20.18
24,27,2021.3.10 0:00,1,9,12,36.9,7,8.3,7.1,10.8,18.62
24,27,2021.3.10 0:00,2,10,10,42,7,8,5.7,14.4,20.71
24,27,2021.3.10 0:00,3,7,9,36.2,7,9.6,5.8,10.2,17.65
24,27,2021.3.10 0:00,4,17,21,27.8,9,9.5,7.9,15.3,20.02
24,28,2021.3.17 0:00,1,8,9,36.9,7,9.4,7.7,13.5,18.01
24,28,2021.3.17 0:00,2,11,10,42.2,8,6.1,5,12.3,19.26
24,28,2021.3.17 0:00,3,7,7,36.2,9,7.4,5.5,12.4,16.91
24,28,2021.3.17 0:00,4,17,17,27.8,9,9.7,7.9,15.3,19.98
24,29,2021.3.24 0:00,1,9,8,36.9,7,9.4,7.7,13.5,18.12
24,29,2021.3.24 0:00,2,12,11,30.1,8,8.5,6.6,19.1,20.91
24,29,2021.3.24 0:00,3,13,7,31.2,10,6.3,5.2,11.6,17.44
24,29,2021.3.24 0:00,4,27,17,27.5,11,8.4,6.3,15,20.07
24,30,2021.3.31 0:00,1,8,9,27.1,8,8.1,7.6,16.1,18.53
24,30,2021.3.31 0:00,2,13,12,33.8,8,9.4,7.1,22,21.15
24,30,2021.3.31 0:00,3,15,13,20,11,8.5,6.6,18.5,18.54
24,30,2021.3.31 0:00,4,18,27,27.7,11,5.6,5.2,13.6,20.49
25,4,2020.10.9 0:00,1,0,,28.5,5,10.2,3.6,15.2,10.08
25,4,2020.10.9 0:00,2,0,,30.7,6,7.7,2.7,12.9,11.02
25,4,2020.10.9 0:00,3,0,,27.7,5,7.3,2.9,14.6,12.05
25,4,2020.10.9 0:00,4,0,,29.3,5,5.8,2.5,8.9,11.3
25,5,2020.10.16 0:00,1,0,0,30.8,4,10.4,4.3,16.2,10.72
25,5,2020.10.16 0:00,2,0,0,28,4,10.1,4.3,13.1,11.72
25,5,2020.10.16 0:00,3,0,0,29.1,4,10.1,4,15.6,12.69
25,5,2020.10.16 0:00,4,0,0,25,4,8.8,4,11.9,11.58
25,6,2020.10.23 0:00,1,0,0,31.9,5,11.2,4.1,16.5,13.21
25,6,2020.10.23 0:00,2,0,0,29.5,5,9.5,4.5,15.7,13.5
25,6,2020.10.23 0:00,3,0,0,30.3,5,8.4,4,16.4,15.41
25,6,2020.10.23 0:00,4,0,0,26.4,5,9,4.1,11.6,12.84
25,7,2020.10.30 0:00,1,0,0,33.1,5,10.6,4.4,17.4,15.41
25,7,2020.10.30 0:00,2,1,0,32.3,5,9.5,4.2,14,14.8
25,7,2020.10.30 0:00,3,1,0,31.4,5,8,4.1,16,16.1
25,7,2020.10.30 0:00,4,0,0,27.4,5,9,4.1,13.6,14.8
25,8,2020.11.6 0:00,1,1,0,34.8,6,10.4,4.2,21,15.65
25,8,2020.11.6 0:00,2,6,1,37.5,6,11.3,4.6,17.5,15.98
25,8,2020.11.6 0:00,3,6,1,38.1,6,10.2,4.2,16.7,16.18
25,8,2020.11.6 0:00,4,2,0,34.2,5,7,4.2,12.5,15.16
25,9,2020.11.13 0:00,1,5,1,39.5,6,11,4.1,20.1,16.45
25,9,2020.11.13 0:00,2,10,6,39,7,11.1,4.9,22.5,16.79
25,9,2020.11.13 0:00,3,8,6,40.4,7,10.2,4.8,23.3,16.3
25,9,2020.11.13 0:00,4,4,2,40.3,6,10.6,4.2,19.4,15.45
25,10,2020.11.20 0:00,1,9,5,40.1,7,10.3,4.8,25,17.4
25,10,2020.11.20 0:00,2,10,10,39.5,8,8.5,4.1,23.9,16.98
25,10,2020.11.20 0:00,3,9,8,41.7,7,10.6,4.3,25.5,16.88
25,10,2020.11.20 0:00,4,5,4,41.3,4,11.2,4.5,19.5,15.6
25,11,2020.11.27 0:00,1,11,9,41.2,6,10.5,4.9,25.1,18.02
25,11,2020.11.27 0:00,2,9,10,40.2,7,8.4,4.1,24,17.27
25,11,2020.11.27 0:00,3,9,9,42,5,10.7,4.4,25.2,17.13
25,11,2020.11.27 0:00,4,5,5,41.8,5,10.6,4.8,23.4,16.96
25,12,2020.12.4 0:00,1,9,11,41.3,6,8.7,4.1,26.3,18.56
25,12,2020.12.4 0:00,2,8,9,40.2,7,8.5,4.2,24.5,17.58
25,12,2020.12.4 0:00,3,8,9,42.3,6,11.7,4.6,25.5,17.27
25,12,2020.12.4 0:00,4,3,5,42,5,11.2,4.9,23.5,17.59
25,13,2020.12.11 0:00,1,8,9,41.3,6,9,4.6,26.2,18.7
25,13,2020.12.11 0:00,2,6,8,40.5,8,9.2,4.1,21.2,17.76
25,13,2020.12.11 0:00,3,6,8,42.3,6,11,4.4,25.5,18.91
25,13,2020.12.11 0:00,4,2,3,42,5,11.2,5,23.5,17.26
25,14,2020.12.18 0:00,1,7,8,39,5,9,3.9,26.2,18.86
25,14,2020.12.18 0:00,2,4,6,40.5,7,9.4,4.1,21.2,17.77
25,14,2020.12.18 0:00,3,5,6,42.3,7,8.3,3.8,24.5,19.09
25,14,2020.12.18 0:00,4,2,2,42.3,5,11.3,5.1,23.5,17.56
25,15,2020.12.25 0:00,1,8,7,39.1,5,9,4,26.2,18.65
25,15,2020.12.25 0:00,2,4,4,40.5,7,9.4,4,21.8,18.74
25,15,2020.12.25 0:00,3,3,5,42.3,7,8.3,4,24.5,19.08
25,15,2020.12.25 0:00,4,0,2,42.3,6,10,4,25.6,18.35
25,16,2021.1.1 0:00,1,6,8,39.5,6,7.7,3.4,20.4,18.66
25,16,2021.1.1 0:00,2,3,4,38.9,7,6.4,2.8,14.5,18.79
25,16,2021.1.1 0:00,3,1,3,43.5,7,7,3.1,17.9,19.08
25,16,2021.1.1 0:00,4,0,0,42.4,7,9.1,4,22.3,18.39
25,17,2021.1.8 0:00,1,4,6,39.5,6,7.7,3.4,20.4,18.77
25,17,2021.1.8 0:00,2,4,3,38.9,7,6.2,2.7,15,18.79
25,17,2021.1.8 0:00,3,0,1,43.5,8,6.1,3,15.5,19.08
25,17,2021.1.8 0:00,4,1,0,42.4,7,9.3,4,23.1,18.59
25,18,2021.1.15 0:00,1,11,4,39.5,6,7.7,3.4,20.4,19.12
25,18,2021.1.15 0:00,2,4,4,38.9,8,5.8,2.5,10.3,19.1
25,18,2021.1.15 0:00,3,1,0,43.5,9,5,2.7,10.4,19.12
25,18,2021.1.15 0:00,4,5,1,42.4,8,7.1,3.8,14.1,18.76
25,19,2021.1.22 0:00,1,12,11,39.5,7,5.6,3.2,14,19.47
25,19,2021.1.22 0:00,2,4,4,38.9,9,5.3,4.2,13.4,19.85
25,19,2021.1.22 0:00,3,4,1,43.5,9,5.1,4.4,11,19.34
25,19,2021.1.22 0:00,4,9,5,42.4,6,7.1,3.5,17.9,18.32
25,20,2021.1.29 0:00,1,11,12,39.5,7,5.6,2.5,14.5,18.09
25,20,2021.1.29 0:00,2,4,4,38.9,10,7.3,3.2,11.8,18.35
25,20,2021.1.29 0:00,3,9,4,43.5,8,6.5,2.2,10.1,18.62
25,20,2021.1.29 0:00,4,9,9,42.4,6,7.1,3.6,18,18.52
25,21,2021.2.5 0:00,1,12,11,39.5,7,6.7,2.7,15.2,18.49
25,21,2021.2.5 0:00,2,5,4,38.9,10,5,3.4,14.9,18.43
25,21,2021.2.5 0:00,3,11,9,43.5,9,6.5,2.6,11,18.75
25,21,2021.2.5 0:00,4,11,9,42.4,7,6.1,3.6,12.6,18.95
25,22,2021.2.12 0:00,1,15,12,38.2,6,6.6,3.6,14,17.93
25,22,2021.2.12 0:00,2,10,5,27.1,7,5.4,3.6,13.6,18.65
25,22,2021.2.12 0:00,3,15,11,22.4,4,6.5,2.8,11.2,18.98
25,22,2021.2.12 0:00,4,12,11,40.2,5,6.4,3.4,14.4,18.99
25,23,2021.2.19 0:00,1,7,15,38.2,6,6.6,3.8,14.2,17.98
25,23,2021.2.19 0:00,2,14,10,27.2,8,8.5,3.7,16,18.74
25,23,2021.2.19 0:00,3,18,15,24.6,6,5.6,3.8,13.6,19.02
25,23,2021.2.19 0:00,4,10,12,40.2,5,6.4,3.5,14.6,18.99
25,24,2021.2.26 0:00,1,9,7,29.5,5,6.6,4.1,14.7,18.03
25,24,2021.2.26 0:00,2,12,14,30.4,9,8.1,3.8,19.6,18.79
25,24,2021.2.26 0:00,3,17,18,25.7,9,5.6,2.9,17.8,19.04
25,24,2021.2.26 0:00,4,4,10,28,5,6.4,4,14.8,18.87
25,25,2021.3.5 0:00,1,8,9,30.1,6,7.7,3.2,16.4,18.06
25,25,2021.3.5 0:00,2,13,12,31.5,11,6.1,2.6,19.4,18.68
25,25,2021.3.5 0:00,3,12,17,30.1,10,6.1,3.2,19,19.23
25,25,2021.3.5 0:00,4,3,4,28.1,5,6.3,4,15.1,18.72
25,26,2021.3.12 0:00,1,8,8,32.4,6,7.3,3.5,21.8,17.52
25,26,2021.3.12 0:00,2,13,13,35.9,11,6.9,3.2,18,18.07
25,26,2021.3.12 0:00,3,5,12,33.4,10,6.6,3.2,18,18.5
25,26,2021.3.12 0:00,4,3,3,28.5,7,6.3,3.3,18,18.75
25,27,2021.3.19 0:00,1,6,8,33.2,6,7.4,3.4,22.8,17.51
25,27,2021.3.19 0:00,2,8,13,37,12,7,2.9,23.3,18
25,27,2021.3.19 0:00,3,3,5,34.2,11,6.3,2.7,18.4,18.26
25,27,2021.3.19 0:00,4,3,3,32.2,7,6.6,2.7,21.4,18.67
25,28,2021.3.26 0:00,1,6,6,36.7,7,6.8,2.5,21.2,17.72
25,28,2021.3.26 0:00,2,6,8,36.7,11,8.5,3.5,26,18.17
25,28,2021.3.26 0:00,3,2,3,38.1,11,6.4,2.9,28.3,18.43
25,28,2021.3.26 0:00,4,1,3,38.6,7,8.7,3.6,27,18.71
25,29,2021.4.2 0:00,1,5,6,38,5,8.5,2.8,26,17.57
25,29,2021.4.2 0:00,2,4,6,41.2,9,9.1,3.3,26.5,18.74
25,29,2021.4.2 0:00,3,1,2,43.8,11,6.3,1.8,27.4,18.65
25,29,2021.4.2 0:00,4,2,1,42.5,8,7.2,2.1,21.6,17.7
25,30,2021.4.9 0:00,1,4,5,38.5,6,8.5,3.4,24.2,17.57
25,30,2021.4.9 0:00,2,4,4,42,9,7.6,3.3,29.7,18.62
25,30,2021.4.9 0:00,3,4,1,45.4,10,8,3.2,28.6,19.01
25,30,2021.4.9 0:00,4,4,2,45.8,8,8.5,3.3,26.5,17.75
26,4,2020.9.30 0:00,1,0,,38.1,6,9.1,7.6,10.1,12.98
26,4,2020.9.30 0:00,2,0,,36.4,6,12.6,10,9.1,12.11
26,4,2020.9.30 0:00,3,0,,24,5,9,7.7,7.3,12.68
26,4,2020.9.30 0:00,4,0,,39,5,6.7,5.3,25.4,12.16
26,5,2020.10.7 0:00,1,0,0,22.7,5,12.8,9.6,9.7,11.69
26,5,2020.10.7 0:00,2,0,0,23.3,5,9.9,7.9,10.3,13.09
26,5,2020.10.7 0:00,3,0,0,26.4,5,8.3,7.5,11.3,13.29
26,5,2020.10.7 0:00,4,0,0,19.4,5,9.8,7.9,6.4,13.02
26,6,2020.10.14 0:00,1,0,0,24.6,6,10.5,7.5,10.8,11.79
26,6,2020.10.14 0:00,2,0,0,24.7,4,10.2,8.4,10.7,13.97
26,6,2020.10.14 0:00,3,0,0,27.1,5,8.5,7.6,11.5,13.77
26,6,2020.10.14 0:00,4,0,0,21,5,10,8.2,7.2,13.43
26,7,2020.10.21 0:00,1,0,0,25.7,4,10.6,7.6,11,12.23
26,7,2020.10.21 0:00,2,1,0,25.5,5,12.3,10.9,11.9,14.09
26,7,2020.10.21 0:00,3,1,0,28.2,5,13,11,13.6,13.88
26,7,2020.10.21 0:00,4,0,0,20.5,5,10,8.2,7.3,14.34
26,8,2020.10.28 0:00,1,1,0,29,5,12,9.3,13.9,14.71
26,8,2020.10.28 0:00,2,3,1,27,6,10.6,10,11.5,15.95
26,8,2020.10.28 0:00,3,3,1,27.5,6,12.5,10,13.7,16.03
26,8,2020.10.28 0:00,4,1,0,22.5,6,6.3,5.8,12.7,17.32
26,9,2020.11.4 0:00,1,3,1,28.2,6,13.5,9.6,13.6,15.72
26,9,2020.11.4 0:00,2,7,3,28.5,6,11.7,10.1,11.2,16.82
26,9,2020.11.4 0:00,3,7,3,29,7,12.2,10.7,14.5,16.85
26,9,2020.11.4 0:00,4,5,1,38.5,6,12.5,9.2,16.2,18.15
26,10,2020.11.11 0:00,1,6,3,30.3,7,11.8,9.7,17.7,16.07
26,10,2020.11.11 0:00,2,11,7,30.5,7,11.6,9.1,16.6,17.74
26,10,2020.11.11 0:00,3,11,7,30.9,8,12.9,11,16,17.28
26,10,2020.11.11 0:00,4,7,5,39.8,7,14.5,12,15.4,18.37
26,11,2020.11.18 0:00,1,7,6,31,7,12.1,9.4,17,16.42
26,11,2020.11.18 0:00,2,10,11,30.5,8,10,8.4,15.5,18.15
26,11,2020.11.18 0:00,3,10,11,31.7,9,11.5,8.5,19.1,17.59
26,11,2020.11.18 0:00,4,10,7,40,7,14.8,12.1,15.5,19.25
26,12,2020.11.25 0:00,1,6,7,31.4,6,12.1,9.4,17,16.39
26,12,2020.11.25 0:00,2,9,10,30.5,8,10,8.4,16,18.56
26,12,2020.11.25 0:00,3,9,10,32.2,9,12.2,9,17,16.45
26,12,2020.11.25 0:00,4,9,10,40,8,12.5,9.1,23.1,20.77
26,13,2020.12.2 0:00,1,6,6,32.1,7,11,8.3,19.5,17.18
26,13,2020.12.2 0:00,2,4,9,30.6,7,10.3,8.4,16.3,18.89
26,13,2020.12.2 0:00,3,9,9,32.7,7,12.2,9.2,17,16.85
26,13,2020.12.2 0:00,4,8,9,40.4,7,12.5,9.1,23.1,20.17
26,14,2020.12.9 0:00,1,4,6,32.2,6,11.1,8.3,19.5,18.63
26,14,2020.12.9 0:00,2,4,4,30.6,7,10.3,8.4,16.5,19.31
26,14,2020.12.9 0:00,3,7,9,32.7,7,12.2,9.2,17,17.05
26,14,2020.12.9 0:00,4,7,8,40.4,8,10.2,7.6,19.9,20.35
26,15,2020.12.16 0:00,1,2,4,32.2,6,11.1,8.5,19.5,18.67
26,15,2020.12.16 0:00,2,2,4,30.6,7,10.3,8.4,16.5,19.34
26,15,2020.12.16 0:00,3,6,7,32.7,7,12.2,9.2,17,17.76
26,15,2020.12.16 0:00,4,6,7,40.4,8,10.4,7.6,20,20.41
26,16,2020.12.23 0:00,1,3,2,32.2,5,11.1,8.5,19.5,18.76
26,16,2020.12.23 0:00,2,2,2,30.6,7,10.3,8.4,16.5,19.58
26,16,2020.12.23 0:00,3,3,6,33.1,7,12.5,9.3,17.6,17.68
26,16,2020.12.23 0:00,4,5,6,40.5,6,10.4,7.7,20.2,20.56
26,17,2020.12.30 0:00,1,2,3,32.2,5,11.2,8.5,19.5,19.2
26,17,2020.12.30 0:00,2,4,2,30.6,7,10.5,8.5,16.5,20.05
26,17,2020.12.30 0:00,3,3,3,33.3,8,10.6,8.3,19.8,17.53
26,17,2020.12.30 0:00,4,5,5,40.7,6,10.8,7.8,20.3,21.59
26,18,2021.1.6 0:00,1,3,2,32.4,6,9.4,8.1,19.2,20.31
26,18,2021.1.6 0:00,2,5,4,31,7,10.6,8.5,19,19.89
26,18,2021.1.6 0:00,3,5,3,33.5,8,9.9,7.7,19.4,17.42
26,18,2021.1.6 0:00,4,9,5,41,7,10.1,7.3,18.2,21.93
26,19,2021.1.13 0:00,1,3,3,32.4,6,11.4,8.6,19.7,20.86
26,19,2021.1.13 0:00,2,6,5,31.2,7,10.7,8.6,19.1,20.94
26,19,2021.1.13 0:00,3,5,5,34.1,8,10,7.7,19.6,18.31
26,19,2021.1.13 0:00,4,6,9,41.1,7,9,6.2,16.4,20.86
26,20,2021.1.20 0:00,1,3,3,32.3,8,6.9,6.1,14.3,20.89
26,20,2021.1.20 0:00,2,6,6,31.6,9,6.2,5.3,13.2,21.05
26,20,2021.1.20 0:00,3,6,5,34.2,9,7.6,5.6,13.3,18.82
26,20,2021.1.20 0:00,4,6,6,41.7,7,9.2,6.4,17.3,20.89
26,21,2021.1.27 0:00,1,3,3,32,8,6.9,6.1,14.4,21.16
26,21,2021.1.27 0:00,2,6,6,31.8,9,6.3,5.5,13.4,21.54
26,21,2021.1.27 0:00,3,6,6,34.8,9,7.8,5.7,13.4,18.87
26,21,2021.1.27 0:00,4,7,6,41.7,7,9.2,6.4,17.5,21.01
26,22,2021.2.3 0:00,1,3,3,32.2,7,11.4,8.4,19.5,20.99
26,22,2021.2.3 0:00,2,5,6,32,9,6.3,5.5,13.6,21.67
26,22,2021.2.3 0:00,3,7,6,35.1,9,7.8,5.7,13.4,19.01
26,22,2021.2.3 0:00,4,8,7,41.8,7,9.2,6.4,17.6,21.13
26,23,2021.2.10 0:00,1,4,3,32.6,7,6.9,6.1,14.4,21.05
26,23,2021.2.10 0:00,2,9,5,32,9,6.3,5.5,13.6,21.85
26,23,2021.2.10 0:00,3,9,7,35.1,9,7.8,5.7,13.5,19.08
26,23,2021.2.10 0:00,4,12,8,41.8,7,9.2,6.4,18,21.61
26,24,2021.2.17 0:00,1,9,4,32.6,7,7,6.2,14.2,21.07
26,24,2021.2.17 0:00,2,8,9,32.1,9,5.5,5.5,13.6,21.85
26,24,2021.2.17 0:00,3,8,9,35.1,9,7.7,5.7,13.3,19.14
26,24,2021.2.17 0:00,4,13,12,41.6,8,7,5.6,13.1,21.73
26,25,2021.2.24 0:00,1,9,9,26.4,6,6.3,6.5,12.1,19.98
26,25,2021.2.24 0:00,2,6,8,32,8,7.8,7.2,12.7,21.53
26,25,2021.2.24 0:00,3,7,8,32.9,6,6.6,6,12.3,19.52
26,25,2021.2.24 0:00,4,12,13,41.6,8,7.1,6,13.3,21.68
26,26,2021.3.3 0:00,1,10,9,26.4,7,6.5,4.9,12,20.01
26,26,2021.3.3 0:00,2,7,6,32,8,7.9,7.2,12.8,21.56
26,26,2021.3.3 0:00,3,8,7,33.1,6,6.6,6,12.4,19.58
26,26,2021.3.3 0:00,4,14,12,33.2,6,6.5,5.4,11.6,20.63
26,27,2021.3.10 0:00,1,10,10,26.4,7,6.7,4.9,8.5,19.98
26,27,2021.3.10 0:00,2,10,7,32,9,7,6.5,12.8,21.48
26,27,2021.3.10 0:00,3,8,8,33.4,8,8,6.6,12.3,19.49
26,27,2021.3.10 0:00,4,14,14,33.5,8,7.2,6,11.4,20.63
26,28,2021.3.17 0:00,1,10,10,28.1,8,8.7,8,15.3,19.93
26,28,2021.3.17 0:00,2,12,10,30.5,10,8.4,7.5,13.5,21.49
26,28,2021.3.17 0:00,3,11,8,33.3,10,8.7,8,12.8,19.49
26,28,2021.3.17 0:00,4,12,14,28.2,7,7.2,6,11.4,20.56
26,29,2021.3.24 0:00,1,6,10,30.5,8,8.6,8.1,15.5,19.72
26,29,2021.3.24 0:00,2,9,12,32,12,9.6,8.4,20.1,21.33
26,29,2021.3.24 0:00,3,8,11,29,12,9.2,7.4,19.3,19.32
26,29,2021.3.24 0:00,4,9,12,28.7,8,7.5,6,9.2,20.49
26,30,2021.3.31 0:00,1,2,6,33.5,8,10.8,9.5,21,19.74
26,30,2021.3.31 0:00,2,8,9,37.5,12,9,6.5,21.8,21.29
26,30,2021.3.31 0:00,3,5,8,32.8,12,10.1,8.3,22.8,19.43
26,30,2021.3.31 0:00,4,8,9,28.7,8,7.5,6,9.3,20.38
31,4,2020.10.6 0:00,1,0,,24.5,10,12.5,8.7,11,13.5
31,4,2020.10.6 0:00,2,0,,25.5,10,11.7,8,13.5,13.6
31,4,2020.10.6 0:00,3,0,,24,10,11.2,8.5,12.3,12.9
31,4,2020.10.6 0:00,4,0,,23,11,10.5,8.8,9.5,13.3
31,5,2020.10.13 0:00,1,0,0,27.5,7,11.5,8.5,11.5,15.2
31,5,2020.10.13 0:00,2,0,0,28,5,10.5,8,13,14.6
31,5,2020.10.13 0:00,3,0,0,26.5,6,11.5,8.5,12.5,13.9
31,5,2020.10.13 0:00,4,0,0,25,9,9.5,7.5,8.5,13.9
31,6,2020.10.20 0:00,1,0,0,29.5,7,12,11,11,15.5
31,6,2020.10.20 0:00,2,0,0,32,5,12.5,11,15,14.2
31,6,2020.10.20 0:00,3,0,0,29,6,14.7,11,13,14.1
31,6,2020.10.20 0:00,4,0,0,29.5,10,12.5,11,14,14.9
31,7,2020.10.27 0:00,1,1,0,31,8,13,11.5,15.5,16.4
31,7,2020.10.27 0:00,2,1,0,33.5,7,12.5,11,15,14.7
31,7,2020.10.27 0:00,3,0,0,31.5,7,12.5,10.5,14,15.5
31,7,2020.10.27 0:00,4,2,0,35,10,13.5,10.5,15,15
31,8,2020.11.3 0:00,1,5,1,34.5,8,13.5,10,17.5,16.5
31,8,2020.11.3 0:00,2,3,1,34,8,12.5,10.5,18,14.9
31,8,2020.11.3 0:00,3,1,0,33,8,14.5,12,15,15.7
31,8,2020.11.3 0:00,4,5,2,36,10,13,9.5,20.5,15.2
31,9,2020.11.10 0:00,1,7,5,36,6,12,10.5,20,16.7
31,9,2020.11.10 0:00,2,6,3,37,8,12.5,11,23,15.1
31,9,2020.11.10 0:00,3,4,1,33,6,11.5,9.8,19,15.9
31,9,2020.11.10 0:00,4,7,5,37,8,13.5,10,22,15.4
31,10,2020.11.17 0:00,1,10,7,37,7,12.5,11,22.5,16.9
31,10,2020.11.17 0:00,2,9,6,40,8,13.5,11.5,25.5,15.3
31,10,2020.11.17 0:00,3,9,4,34,7,10.5,8.5,20,16.1
31,10,2020.11.17 0:00,4,10,7,38.5,8,13.5,10,23,15.6
31,11,2020.11.24 0:00,1,9,10,37.5,8,12,9,18,16.9
31,11,2020.11.24 0:00,2,9,9,41,9,13.5,11.5,23,15.9
31,11,2020.11.24 0:00,3,9,9,37.5,8,12.5,11,21.5,16.1
31,11,2020.11.24 0:00,4,10,10,38.5,8,14,10,23.5,15.7
31,12,2020.12.1 0:00,1,9,9,37.5,8,12,9,19,17
31,12,2020.12.1 0:00,2,8,9,41,9,14.5,9.5,22,16.8
31,12,2020.12.1 0:00,3,9,9,38.5,9,13,9,21,15.4
31,12,2020.12.1 0:00,4,9,10,39,8,12,10,25,15.8
31,13,2020.12.8 0:00,1,8,9,38,8,13,9,18,17.1
31,13,2020.12.8 0:00,2,8,8,41.5,11,13,8.5,24,17.2
31,13,2020.12.8 0:00,3,9,9,39,9,13,9.5,24,15.5
31,13,2020.12.8 0:00,4,8,9,39,10,11.5,8.5,21.5,15.8
31,14,2020.12.15 0:00,1,8,8,37.73333333,7,12.8,9,18,17.16333333
31,14,2020.12.15 0:00,2,8,8,41.36666667,10,13.03333333,8.533333333,23.46666667,17.58
31,14,2020.12.15 0:00,3,8,9,39.83333333,8,12.93333333,9.333333333,22.16666667,16.84
31,14,2020.12.15 0:00,4,8,8,39.03333333,9,11.36666667,8.333333333,21.4,17.12666667
31,15,2020.12.22 0:00,1,8,8,37.46666667,7,12.6,9,18,17.22666667
31,15,2020.12.22 0:00,2,9,8,41.23333333,9,13.06666667,8.566666667,22.93333333,17.96
31,15,2020.12.22 0:00,3,7,8,40.66666667,8,12.86666667,9.166666667,20.33333333,18.18
31,15,2020.12.22 0:00,4,9,8,39.06666667,8,11.23333333,8.166666667,21.3,18.45333333
31,16,2020.12.29 0:00,1,8,8,37.2,7,12.4,9,18,17.29
31,16,2020.12.29 0:00,2,10,9,41.1,9,13.1,8.6,22.4,18.34
31,16,2020.12.29 0:00,3,7,7,41.5,8,12.8,9,18.5,19.52
31,16,2020.12.29 0:00,4,10,9,39.1,8,11.1,8,21.2,19.78
31,17,2021.1.5 0:00,1,7,8,38.1,7,9,6.4,17,16.66
31,17,2021.1.5 0:00,2,10,10,40.8,9,8.1,6,19.2,16.8
31,17,2021.1.5 0:00,3,7,7,39.1,8,7.9,6.1,16.8,19.34
31,17,2021.1.5 0:00,4,9,10,39.2,8,11.2,8.1,20.8,17.52
31,18,2021.1.12 0:00,1,6,7,38.5,10,8.7,6.4,16.8,18.02
31,18,2021.1.12 0:00,2,8,10,41.1,11,8.2,6,18.2,18.22
31,18,2021.1.12 0:00,3,7,7,39.2,8,8.1,6.2,16.5,20.89
31,18,2021.1.12 0:00,4,7,9,39.2,8,6.8,5.7,17.8,19.2
31,19,2021.1.19 0:00,1,5,6,38,9,9,6.3,17.1,18.93
31,19,2021.1.19 0:00,2,8,8,41.2,9,8.1,5.9,19.7,19.02
31,19,2021.1.19 0:00,3,7,7,38.5,9,8.1,5.8,16.7,20.51
31,19,2021.1.19 0:00,4,7,7,39.2,9,6.7,5.6,17.5,16.22
31,20,2021.1.26 0:00,1,4,5,38.5,9,9,6.4,17.2,17
31,20,2021.1.26 0:00,2,8,8,41.8,9,8.3,6.2,19.2,17.88
31,20,2021.1.26 0:00,3,7,7,39.2,8,8.2,6.1,16.1,18.91
31,20,2021.1.26 0:00,4,6,7,39.5,7,6.6,5.7,18.8,15.31
31,21,2021.2.2 0:00,1,4,4,38.6,9,6.2,4.3,9,17.53
31,21,2021.2.2 0:00,2,9,8,40.2,10,6,5.1,11,17.6
31,21,2021.2.2 0:00,3,7,7,39.2,10,8.2,6,16.4,18.6
31,21,2021.2.2 0:00,4,5,6,39.5,9,6.8,5.8,19.2,15.76
31,22,2021.2.9 0:00,1,3,4,38.5,10,6.1,4.5,9.5,17.78
31,22,2021.2.9 0:00,2,8,9,42,10,6.1,5.2,11.4,17.66
31,22,2021.2.9 0:00,3,5,7,39.2,10,7,5.5,12,19.02
31,22,2021.2.9 0:00,4,4,5,40.1,10,5.5,4.7,8.5,15.71
31,23,2021.2.16 0:00,1,4,3,38.5,10,7.5,6.7,11.4,18.14
31,23,2021.2.16 0:00,2,6,8,42,11,8.2,6.5,13,19.35
31,23,2021.2.16 0:00,3,8,5,40,10,7.7,6.6,15.5,19.02
31,23,2021.2.16 0:00,4,3,4,39.8,9,6.6,4.6,10,16.68
31,24,2021.2.23 0:00,1,7,4,39.4,9,7.5,6.9,13.4,16.66
31,24,2021.2.23 0:00,2,9,6,42.2,10,8.2,6.8,14.2,19.69
31,24,2021.2.23 0:00,3,9,8,40.1,9,8.5,7.2,18.1,16.69
31,24,2021.2.23 0:00,4,5,3,40.2,11,7.5,5.5,15.2,15.58
31,25,2021.3.2 0:00,1,9,7,39,9,8.4,7.5,14.2,17.37
31,25,2021.3.2 0:00,2,8,9,42.5,10,8.5,6.7,15,19.45
31,25,2021.3.2 0:00,3,10,9,40.7,10,8.7,7.5,18.2,15.57
31,25,2021.3.2 0:00,4,6,5,40.2,9,8.2,6.4,16.8,15.71
31,26,2021.3.9 0:00,1,8,9,39.6,9,8.6,7.2,14.1,17.7
31,26,2021.3.9 0:00,2,5,8,41,9,9.6,8.1,21.5,19.24
31,26,2021.3.9 0:00,3,8,10,39.7,10,10.3,8.3,25.2,16.27
31,26,2021.3.9 0:00,4,7,6,40.2,10,8.6,7.1,13,15.94
31,27,2021.3.16 0:00,1,4,8,38.4,9,9.8,6.8,20.6,21.69
31,27,2021.3.16 0:00,2,3,5,37.5,9,9.9,8.1,22.4,19.64
31,27,2021.3.16 0:00,3,6,8,39.5,10,11.3,8,20.4,16.88
31,27,2021.3.16 0:00,4,5,7,36.8,9,10.4,8.7,21.7,15.13
31,28,2021.3.23 0:00,1,2,4,38.6,11,9.8,7.5,22.2,20.3
31,28,2021.3.23 0:00,2,1,3,37.5,10,9.7,8.1,21.4,19.85
31,28,2021.3.23 0:00,3,3,6,39,9,11.3,8.6,21.4,16.88
31,28,2021.3.23 0:00,4,3,5,37.4,10,10.3,9,22.8,14.52
31,29,2021.3.30 0:00,1,4,2,42.2,11,11,9.8,21.1,19.17
31,29,2021.3.30 0:00,2,3,1,41,10,11.3,9.3,23,19.2
31,29,2021.3.30 0:00,3,4,3,46.2,10,11.7,8.7,22.8,17.22
31,29,2021.3.30 0:00,4,2,3,37.1,9,11.9,9.8,21.5,14.47
31,30,2021.4.6 0:00,1,4,4,45.2,10,11,9,25.7,18.16
31,30,2021.4.6 0:00,2,2,3,42,9,11.8,9.7,23.5,18.95
31,30,2021.4.6 0:00,3,3,4,48.8,8,10.4,8.7,30.4,16.45
31,30,2021.4.6 0:00,4,2,2,38,9,11,8,23.5,15.95
34,4,2020.10.7 0:00,1,0,,30,7,12,11,12.5,16.5
34,4,2020.10.7 0:00,2,0,,25.5,9,11.5,10.5,11,14.6
34,4,2020.10.7 0:00,3,0,,28,8,11,10.5,11.5,15.5
34,4,2020.10.7 0:00,4,0,,30.5,7,11.5,10,14,14.8
34,5,2020.10.14 0:00,1,0,0,31,7,13.2,11.5,15.5,16.9
34,5,2020.10.14 0:00,2,0,0,26.5,10,12,10.5,11.5,14.9
34,5,2020.10.14 0:00,3,0,0,25,7,11,10.5,15.5,16
34,5,2020.10.14 0:00,4,0,0,33,7,12,10,16,15
34,6,2020.10.21 0:00,1,0,0,31,8,13.5,12,13,16.6
34,6,2020.10.21 0:00,2,0,0,27,12,10.5,10,12.5,15
34,6,2020.10.21 0:00,3,0,0,25,7,12.5,12,11.5,16.3
34,6,2020.10.21 0:00,4,0,0,34,8,12,10.5,19,15.2
34,7,2020.10.28 0:00,1,2,0,32,7,11.4,10.3,13,16.9
34,7,2020.10.28 0:00,2,1,0,28,9,10.5,8.5,14.5,15.8
34,7,2020.10.28 0:00,3,1,0,25,7,12.5,10,9,16.9
34,7,2020.10.28 0:00,4,0,0,34,7,12,10.5,19,15.6
34,8,2020.11.4 0:00,1,6,2,32,9,12,10.5,13.5,16.5
34,8,2020.11.4 0:00,2,7,1,28,7,11,8.5,15,15.1
34,8,2020.11.4 0:00,3,3,1,25,7,13,11,9.5,17.1
34,8,2020.11.4 0:00,4,3,0,35,8,13.5,10,17.5,16
34,9,2020.11.11 0:00,1,13,6,32,8,12,10,17.5,16.8
34,9,2020.11.11 0:00,2,13,7,29,7,11.5,10,16.5,15.5
34,9,2020.11.11 0:00,3,7,3,25,9,9.2,8,13.5,17.2
34,9,2020.11.11 0:00,4,7,3,35,9,10.5,9.5,18,16.4
34,10,2020.11.18 0:00,1,13,13,32.5,8,12.5,10,18,16.7
34,10,2020.11.18 0:00,2,14,13,29.5,5,11.5,10,17,15.8
34,10,2020.11.18 0:00,3,9,7,25.5,9,9.5,8,14,17.3
34,10,2020.11.18 0:00,4,10,7,35.5,9,10.5,9.5,18,16.8
34,11,2020.11.25 0:00,1,13,13,32.5,9,10.2,8,15,17.5
34,11,2020.11.25 0:00,2,17,14,29.7,7,11.5,9,14.5,16.3
34,11,2020.11.25 0:00,3,10,9,27.5,8,9,8,16,17.3
34,11,2020.11.25 0:00,4,12,10,35.5,10,11,10,19,17.1
34,12,2020.12.2 0:00,1,11,13,33,9,10.5,8,15,17.6
34,12,2020.12.2 0:00,2,18,17,30,8,11.5,9,15.5,16.5
34,12,2020.12.2 0:00,3,9,10,28.5,9,8.5,8,17,17.4
34,12,2020.12.2 0:00,4,11,12,35.5,9,9,7,15,17.4
34,13,2020.12.9 0:00,1,10,11,33.5,9,10.5,8,15,17.8
34,13,2020.12.9 0:00,2,17,18,30,8,11.5,9,15,16.7
34,13,2020.12.9 0:00,3,8,9,28.5,10,9,8,17,17.5
34,13,2020.12.9 0:00,4,10,11,35.5,11,9.5,7,15,17.6
34,14,2020.12.16 0:00,1,10,10,33.5,9,10.66666667,8,15.5,17.8
34,14,2020.12.16 0:00,2,16,17,30,8,11.5,9,15.33333333,16.8
34,14,2020.12.16 0:00,3,7,8,28.5,9,9,8,17,17.53333333
34,14,2020.12.16 0:00,4,11,10,35.5,11,9.633333333,7.233333333,15.16666667,17.7
34,15,2020.12.23 0:00,1,10,10,33.5,9,10.83333333,8,16,17.8
34,15,2020.12.23 0:00,2,15,16,30,8,11.5,9,15.66666667,16.9
34,15,2020.12.23 0:00,3,7,7,28.5,8,9,8,17,17.56666667
34,15,2020.12.23 0:00,4,12,11,35.5,11,9.766666667,7.466666667,15.33333333,17.8
34,16,2020.12.30 0:00,1,10,10,33.5,9,11,8,16.5,17.8
34,16,2020.12.30 0:00,2,14,15,30,8,11.5,9,16,17
34,16,2020.12.30 0:00,3,7,7,28.5,8,9,8,17,17.6
34,16,2020.12.30 0:00,4,14,12,35.5,11,9.9,7.7,15.5,17.9
34,17,2021.1.6 0:00,1,8,10,32,9,9.5,6,15,17.9
34,17,2021.1.6 0:00,2,11,14,30,9,7.2,5.5,14,17.2
34,17,2021.1.6 0:00,3,3,7,28.6,8,6.9,5,10.5,17.7
34,17,2021.1.6 0:00,4,9,14,35.8,11,6.7,5.2,15.3,17.9
34,18,2021.1.13 0:00,1,4,8,32.5,9,9.3,5.8,15,18
34,18,2021.1.13 0:00,2,7,11,30.3,9,7.5,5.5,13,17.3
34,18,2021.1.13 0:00,3,3,3,29,9,7,4.8,10.5,17.8
34,18,2021.1.13 0:00,4,9,9,36,10,7,5,16,18
34,19,2021.1.20 0:00,1,4,4,33,10,9.5,6,14.5,18.1
34,19,2021.1.20 0:00,2,4,7,30.5,9,7.6,5.5,13.9,17.3
34,19,2021.1.20 0:00,3,3,3,29,8,7.3,5.3,10,17.9
34,19,2021.1.20 0:00,4,8,9,36.3,10,7.1,5.1,15.2,18.1
34,20,2021.1.27 0:00,1,4,4,33.2,10,6.5,5.3,7.5,18.1
34,20,2021.1.27 0:00,2,2,4,30.5,9,7.7,5.9,14.3,17.4
34,20,2021.1.27 0:00,3,5,3,30.5,8,8.5,7.3,15.5,18
34,20,2021.1.27 0:00,4,7,8,35,10,7,5.2,16.4,18.1
34,21,2021.2.3 0:00,1,3,4,33.5,9,6.4,5.2,9.2,18.2
34,21,2021.2.3 0:00,2,2,2,30.7,8,7.7,5.9,14,17.5
34,21,2021.2.3 0:00,3,3,5,31.6,9,8.4,7.3,16.3,18.2
34,21,2021.2.3 0:00,4,5,7,35,11,6.2,5.1,12,18.1
34,22,2021.2.10 0:00,1,4,3,33.9,10,6.7,5.5,10,18.2
34,22,2021.2.10 0:00,2,1,2,30.8,8,6.8,5.5,5.3,17.6
34,22,2021.2.10 0:00,3,4,3,31.8,9,8.5,7.2,16.3,18.3
34,22,2021.2.10 0:00,4,5,5,35.1,12,6.2,5.4,11,18.3
34,23,2021.2.17 0:00,1,4,4,33.9,11,7.6,5.6,11,18.3
34,23,2021.2.17 0:00,2,1,1,31,9,8,6.1,8,17.7
34,23,2021.2.17 0:00,3,3,4,31.9,11,9,7.7,17,18.4
34,23,2021.2.17 0:00,4,3,5,35.1,12,6.4,5.5,11.5,18.5
34,24,2021.2.24 0:00,1,7,4,34,12,8.7,6.4,10.8,18.4
34,24,2021.2.24 0:00,2,0,1,31.2,11,8.3,6.7,9.3,18
34,24,2021.2.24 0:00,3,2,3,32,10,7.6,6.2,10,18.5
34,24,2021.2.24 0:00,4,3,3,35.5,12,8.2,6,10.5,18.7
34,25,2021.3.3 0:00,1,5,7,34.2,11,8.7,6.6,10.9,18.6
34,25,2021.3.3 0:00,2,3,0,31.2,10,8.6,6.7,8.8,18.2
34,25,2021.3.3 0:00,3,4,2,32.5,10,8,6.2,10,18.6
34,25,2021.3.3 0:00,4,3,3,35.5,14,8.5,6.3,11,18.8
34,26,2021.3.10 0:00,1,5,5,34.3,10,7.7,6.5,8.3,18.7
34,26,2021.3.10 0:00,2,3,3,31.2,13,8.6,6.6,9.4,18.3
34,26,2021.3.10 0:00,3,4,4,33,12,7.6,6.2,11,18.7
34,26,2021.3.10 0:00,4,3,3,35.5,14,7.9,6.2,11.5,18.9
34,27,2021.3.17 0:00,1,3,5,19.5,6,8.3,6.7,9.8,17.6
34,27,2021.3.17 0:00,2,3,3,22.5,8,8.7,6.5,9,17.4
34,27,2021.3.17 0:00,3,3,4,33.5,10,7.7,6.5,11,17.8
34,27,2021.3.17 0:00,4,4,3,30,12,9.7,7.4,13.6,17.9
34,28,2021.3.24 0:00,1,2,3,20.5,7,8.6,7,10.4,17.6
34,28,2021.3.24 0:00,2,4,3,22.5,7,7.6,6.2,10.2,17.4
34,28,2021.3.24 0:00,3,7,3,30.5,11,7.7,6.6,10.7,17.9
34,28,2021.3.24 0:00,4,3,4,30.3,13,9.3,7.1,12.9,17.9
34,29,2021.3.31 0:00,1,2,2,26.5,8,9.2,7.3,16.4,17.6
34,29,2021.3.31 0:00,2,6,4,26,9,8.6,7.6,16.3,17.4
34,29,2021.3.31 0:00,3,6,7,32.2,13,7.7,6.9,10.2,17.9
34,29,2021.3.31 0:00,4,2,3,35,16,9,8.1,14.1,17.9
34,30,2021.4.7 0:00,1,3,2,28,7,9.8,8,16.5,17.6
34,30,2021.4.7 0:00,2,4,6,32.8,9,9.3,8.4,17.7,17.5
34,30,2021.4.7 0:00,3,7,6,33,9,10.1,7.9,16.2,17.9
34,30,2021.4.7 0:00,4,3,2,35.5,14,11.1,8.5,19.8,17.9
38,4,2020.10.6 0:00,1,0,,25.99,6,9.39,7.31,11.35,13.13
38,4,2020.10.6 0:00,2,0,,25.87,6,9.09,7.02,11.55,12.82625
38,4,2020.10.6 0:00,3,0,,23.96,5,8.53,6.85,11.12,12.16875
38,4,2020.10.6 0:00,4,0,,27.36,6,8.31,6.78,12.64,12.78875
38,5,2020.10.13 0:00,1,0,0,29.1,3,8.7,7,8.8,13.11
38,5,2020.10.13 0:00,2,0,0,24.6,5,9.8,8.2,11.6,12.79
38,5,2020.10.13 0:00,3,0,0,23.1,5,8.8,7.2,8.9,12.91
38,5,2020.10.13 0:00,4,0,0,32.5,4,8.5,7.1,10.2,12.65
38,6,2020.10.20 0:00,1,0,0,29.2,5,8.1,6.7,4,14.41
38,6,2020.10.20 0:00,2,0,0,24.2,5,7.1,8.3,5.4,13.55
38,6,2020.10.20 0:00,3,0,0,23.1,4,8.5,7.3,5.5,13.73
38,6,2020.10.20 0:00,4,0,0,28.5,5,8.5,7.1,6.1,14.24
38,7,2020.10.27 0:00,1,0,0,28.4,6,9.1,7.5,9.4,14.76
38,7,2020.10.27 0:00,2,0,0,23.4,6,8.1,7.7,6,13.79
38,7,2020.10.27 0:00,3,0,0,21.7,5,9.2,7.7,9,14.37
38,7,2020.10.27 0:00,4,0,0,26.5,6,8.4,7.3,7.2,15.8
38,8,2020.11.3 0:00,1,0,0,18,8,10.1,8.5,5.8,16.06
38,8,2020.11.3 0:00,2,0,0,23.1,7,8.6,8,8,15.4
38,8,2020.11.3 0:00,3,0,0,21,6,9.9,9.3,7.2,15.5
38,8,2020.11.3 0:00,4,0,0,20.6,6,9.1,8.5,6,15.61
38,9,2020.11.10 0:00,1,1,0,19.1,9,10,8.6,6.7,16.86
38,9,2020.11.10 0:00,2,0,0,22.8,9,10.1,9.1,8,15.84
38,9,2020.11.10 0:00,3,1,0,20.5,7,10,8.9,8.4,14.94
38,9,2020.11.10 0:00,4,1,0,21.7,7,10.2,9.6,12.7,16.77
38,10,2020.11.17 0:00,1,3,1,21.1,6,9.9,8,9.8,15.49
38,10,2020.11.17 0:00,2,3,0,23.1,8,9.4,8.3,8.8,16.18
38,10,2020.11.17 0:00,3,6,1,21.2,7,10.2,9.1,10.3,16.1
38,10,2020.11.17 0:00,4,4,1,20.5,6,10.2,8.5,8.1,15.37
38,11,2020.11.24 0:00,1,9,3,22.4,6,10.5,8.4,10.7,16.5
38,11,2020.11.24 0:00,2,6,3,22.6,7,9.8,8.5,10,16.48
38,11,2020.11.24 0:00,3,8,6,22.4,7,10.4,9.6,10.5,16.09
38,11,2020.11.24 0:00,4,7,4,22.5,7,10.2,9,9.4,15.87
38,12,2020.12.1 0:00,1,9,9,23,7,10.5,8.4,10.7,16.77
38,12,2020.12.1 0:00,2,7,6,23.3,7,10.1,8.8,9.8,17.93
38,12,2020.12.1 0:00,3,8,8,22.8,8,10.8,9.9,11.3,17.9
38,12,2020.12.1 0:00,4,8,7,22,7,10.6,9.2,10.1,17.67
38,13,2020.12.8 0:00,1,9,9,23.1,7,10.3,8.4,10.6,18.06
38,13,2020.12.8 0:00,2,7,7,23.4,7,10,8.9,10.1,18.42
38,13,2020.12.8 0:00,3,8,8,22.7,8,8.5,8.1,12.4,17.51
38,13,2020.12.8 0:00,4,8,8,22,7,10.6,9.1,9.6,17.38
38,14,2020.12.15 0:00,1,10,9,23.4,8,10.3,8,11.7,18.09
38,14,2020.12.15 0:00,2,7,7,23.6,8,9,8,10.2,18.01
38,14,2020.12.15 0:00,3,8,8,23.7,9,9.4,7.8,10.2,17.87
38,14,2020.12.15 0:00,4,9,8,23.5,8,9.7,7.8,9.6,17.16
38,15,2020.12.22 0:00,1,10,10,22.95,8,10.4,7.25,10.9,18.145
38,15,2020.12.22 0:00,2,7,7,23.55,8,9,7.95,10.55,18.445
38,15,2020.12.22 0:00,3,6,8,23.9,9,9.55,7.8,10.75,18.57
38,15,2020.12.22 0:00,4,9,9,23.5,8,9.9,7.8,9.95,16.465
38,16,2020.12.29 0:00,1,11,10,22.5,9,10.5,6.5,10.1,18.2
38,16,2020.12.29 0:00,2,7,7,23.5,9,9,7.9,10.9,18.88
38,16,2020.12.29 0:00,3,5,6,24.1,10,9.7,7.8,11.3,19.27
38,16,2020.12.29 0:00,4,9,9,23.5,8,10.1,7.8,10.3,15.77
38,17,2021.1.5 0:00,1,10,11,23.8,8,6.7,7.5,10.1,16.62
38,17,2021.1.5 0:00,2,7,7,23.5,8,9.1,7.8,11.1,17.69
38,17,2021.1.5 0:00,3,5,5,24,8,9.7,8,10.1,16.27
38,17,2021.1.5 0:00,4,11,9,23.5,8,9.8,7.8,10.5,14.82
38,18,2021.1.12 0:00,1,8,10,24,8,7.5,6.5,10,17.88
38,18,2021.1.12 0:00,2,5,7,23.8,8,7.5,6.3,8.3,17.91
38,18,2021.1.12 0:00,3,1,5,22.5,9,9.4,7.8,11.1,16.5
38,18,2021.1.12 0:00,4,7,11,23.6,9,7.5,6.2,9.5,14.81
38,19,2021.1.19 0:00,1,4,8,22.7,9,7,6.1,11.1,17.96
38,19,2021.1.19 0:00,2,4,5,23.8,9,7.4,6.5,8.2,18.3
38,19,2021.1.19 0:00,3,1,1,23.2,9,6.1,5,8.5,16.73
38,19,2021.1.19 0:00,4,5,7,23.4,8,7.6,6.2,9.5,15.67
38,20,2021.1.26 0:00,1,4,4,24,9,7.2,5.9,11.4,15.67
38,20,2021.1.26 0:00,2,3,4,23.8,10,7.5,6.3,8.1,17.5
38,20,2021.1.26 0:00,3,1,1,24.2,10,6.2,5.1,8.5,15.76
38,20,2021.1.26 0:00,4,4,5,24,9,7.4,6.1,10,16.6
38,21,2021.2.2 0:00,1,3,4,23.7,9,7,6,11.2,16
38,21,2021.2.2 0:00,2,5,3,23.5,9,7.5,6.4,9,18.1
38,21,2021.2.2 0:00,3,5,1,23.8,10,6.4,5.1,9,18.1
38,21,2021.2.2 0:00,4,5,4,23.5,9,7.4,6.3,9.5,16.71
38,22,2021.2.9 0:00,1,2,3,23.5,10,7,6,11.2,17.02
38,22,2021.2.9 0:00,2,7,5,24,10,6.4,5.7,6.5,19.72
38,22,2021.2.9 0:00,3,4,5,24.5,10,6.7,5.6,8.5,17.01
38,22,2021.2.9 0:00,4,3,5,24.2,10,5.5,5,6,16.1
38,23,2021.2.16 0:00,1,3,2,23.2,10,7.8,6.8,10.5,16.74
38,23,2021.2.16 0:00,2,4,7,24,11,6.6,6.1,7.5,20.64
38,23,2021.2.16 0:00,3,5,4,23.7,11,7,6,6.6,17.65
38,23,2021.2.16 0:00,4,5,3,23.7,10,5.5,5.5,7.7,16.1
38,24,2021.2.23 0:00,1,3,3,23.4,10,6.7,5.1,10.3,17
38,24,2021.2.23 0:00,2,5,4,24.2,11,7.8,6.9,8,19.4
38,24,2021.2.23 0:00,3,7,5,24.3,10,8.2,6.4,9.1,17.73
38,24,2021.2.23 0:00,4,6,5,24.4,11,7.1,6.2,8.8,18.06
38,25,2021.3.2 0:00,1,4,3,21,8,5.5,4.8,10.5,14.77
38,25,2021.3.2 0:00,2,5,5,19.3,8,8,7.1,8.8,14.24
38,25,2021.3.2 0:00,3,6,7,23.2,10,8.5,9.8,10.2,19.04
38,25,2021.3.2 0:00,4,11,6,18.8,8,7.4,6.4,9,18.6
38,26,2021.3.9 0:00,1,4,4,21.2,9,10.4,7.1,7.3,15.13
38,26,2021.3.9 0:00,2,6,5,20.2,10,8.3,7.6,9,14.37
38,26,2021.3.9 0:00,3,3,6,25.4,9,8.5,7.4,14,20.23
38,26,2021.3.9 0:00,4,9,11,22,8,8.4,7,10.2,19.3
38,27,2021.3.16 0:00,1,0,4,22,9,8.1,7,11.7,15.33
38,27,2021.3.16 0:00,2,2,6,22.6,9,9.1,8.1,11.4,14.46
38,27,2021.3.16 0:00,3,4,3,28.4,10,8.5,7.8,13.2,20.23
38,27,2021.3.16 0:00,4,3,9,24.7,8,8,7.6,13.7,19.04
38,28,2021.3.23 0:00,1,0,0,25,9,9.3,8.6,13.7,15.6
38,28,2021.3.23 0:00,2,3,2,21.5,9,8.3,7,10.2,18.05
38,28,2021.3.23 0:00,3,5,4,27.4,9,8.3,7,10.2,18.05
38,28,2021.3.23 0:00,4,3,3,27.2,8,8.3,6.5,12.2,24.71
38,29,2021.3.30 0:00,1,0,0,25.5,8,8.6,7.4,12.5,14.64
38,29,2021.3.30 0:00,2,4,3,23,8,8.5,7,10.5,13.73
38,29,2021.3.30 0:00,3,4,5,29.7,8,8.4,7.3,17.5,24.83
38,29,2021.3.30 0:00,4,3,3,29,9,9.4,7.5,15,23.77
38,30,2021.4.6 0:00,1,1,0,25.5,9,8.9,7,9,15.15
38,30,2021.4.6 0:00,2,2,4,22.54518519,9,8.2,7.4,12,14.12
38,30,2021.4.6 0:00,3,3,4,31,8,8.7,7.4,18.3,24.83
38,30,2021.4.6 0:00,4,3,3,39.5,8,9.6,7.6,16.1,23.58
49,4,2020.10.7 0:00,1,0,,20,8,7.3,7,6.7,13.13
49,4,2020.10.7 0:00,2,0,,22,5,9.3,9.5,10.5,12.78875
49,4,2020.10.7 0:00,3,0,,21.7,5,8.4,8,9.4,12.16875
49,4,2020.10.7 0:00,4,0,,23.5,5,8.7,9.4,7.3,12.78875
49,5,2020.10.14 0:00,1,0,0,18.5,6,7.4,7.5,7.3,12.3
49,5,2020.10.14 0:00,2,0,0,23.3,4,9.6,8.1,9.5,13.9
49,5,2020.10.14 0:00,3,0,0,22.5,5,9.6,9,10.5,14.82
49,5,2020.10.14 0:00,4,0,0,20.4,4,10.7,9.5,8.3,16.92
49,6,2020.10.21 0:00,1,0,0,18.5,9,6,5.5,5.7,19.66
49,6,2020.10.21 0:00,2,0,0,23.3,5,9,8.8,11.5,15.45
49,6,2020.10.21 0:00,3,0,0,24,6,9.8,8.6,10.6,15.75
49,6,2020.10.21 0:00,4,2,0,22.5,4,10.7,9.8,11.7,15.79
49,7,2020.10.28 0:00,1,1,0,19,10,9,6.6,8,21.38
49,7,2020.10.28 0:00,2,1,0,23.3,5,9,8.8,11.5,19.14
49,7,2020.10.28 0:00,3,2,0,25.3,6,10,8.9,10.8,16.55
49,7,2020.10.28 0:00,4,3,2,24.5,5,11.5,10.3,12,16.44
49,8,2020.11.4 0:00,1,3,1,19.1,7,6.1,5.1,10.1,19.82
49,8,2020.11.4 0:00,2,3,1,23.4,5,9,8.8,11.5,19.14
49,8,2020.11.4 0:00,3,5,2,26.7,7,10.4,9,16.3,17.27
49,8,2020.11.4 0:00,4,7,3,26.2,4,11.3,10.2,12.5,16.7
49,9,2020.11.11 0:00,1,4,3,20,7,6.8,5.6,11.4,20.07
49,9,2020.11.11 0:00,2,7,3,23.8,6,8.5,7,11.6,19.27
49,9,2020.11.11 0:00,3,9,5,28.5,8,10.5,8,18,17.4
49,9,2020.11.11 0:00,4,9,7,26.4,5,11.7,10.4,13,17.48
49,10,2020.11.18 0:00,1,4,4,20.8,9,8.1,6.5,9.5,22.09
49,10,2020.11.18 0:00,2,7,7,26,7,9.6,7.6,14.5,22.42
49,10,2020.11.18 0:00,3,10,9,30,8,10.5,8.3,18.5,18.69
49,10,2020.11.18 0:00,4,10,9,27.7,5,12,10.5,13.2,18.4
49,11,2020.11.25 0:00,1,4,4,21.8,9,8.3,6.6,9.7,22.1
49,11,2020.11.25 0:00,2,7,7,27.2,7,9.8,7.9,15,22.5
49,11,2020.11.25 0:00,3,11,10,31,8,10.5,8.5,18.8,19.18
49,11,2020.11.25 0:00,4,10,10,28,5,12,10.7,13.5,18.56
49,12,2020.12.2 0:00,1,4,4,22,11,6.3,5.2,13.5,22.26
49,12,2020.12.2 0:00,2,6,7,28.5,7,10,8.5,16,23.88
49,12,2020.12.2 0:00,3,10,11,32,9,10,7.3,16,21.09
49,12,2020.12.2 0:00,4,9,10,29,6,10.2,7.7,15,18.62
49,13,2020.12.9 0:00,1,3,4,22.5,11,6.8,5.2,13.8,22.56
49,13,2020.12.9 0:00,2,6,6,28.8,8,7.5,6.2,16.5,24.84
49,13,2020.12.9 0:00,3,9,10,32,10,7,6,17,22.05
49,13,2020.12.9 0:00,4,7,9,29.3,6,10.2,7.7,15,20.55
49,14,2020.12.16 0:00,1,3,3,23.3,12,7,5.3,14,24.23
49,14,2020.12.16 0:00,2,6,6,29.1,8,8,6.4,16.8,24.96
49,14,2020.12.16 0:00,3,9,9,32.5,9,7.4,6,15.3,22.87
49,14,2020.12.16 0:00,4,7,7,29.6,7,6.6,5.5,12.5,20.55
49,15,2020.12.23 0:00,1,3,3,23.7,12,7.3,5.5,14.2,25.02
49,15,2020.12.23 0:00,2,4,6,29.5,8,8.3,6.5,17,25.78
49,15,2020.12.23 0:00,3,8,9,32.6,9,7.4,6.3,15.4,23.51
49,15,2020.12.23 0:00,4,7,7,29.6,7,6.8,5.6,12.5,20.67
49,16,2020.12.30 0:00,1,5,3,24.1,12,7.4,5.9,14.7,25.71
49,16,2020.12.30 0:00,2,4,4,29.7,6,7,4.9,14.5,26.44
49,16,2020.12.30 0:00,3,7,8,33,8,7.7,6.6,15.6,23.92
49,16,2020.12.30 0:00,4,8,7,29.9,7,7,5.8,12.6,21.46
49,17,2021.1.6 0:00,1,9,5,24.4,12,7.7,6.2,14.9,27.77
49,17,2021.1.6 0:00,2,4,4,29.9,6,7,5.1,14.5,27.35
49,17,2021.1.6 0:00,3,6,7,33,8,7.7,6.6,15.7,25.12
49,17,2021.1.6 0:00,4,11,8,30.1,7,7.2,6.1,12.8,23.86
49,18,2021.1.13 0:00,1,10,9,24.5,12,7.8,6.5,15.2,29.68
49,18,2021.1.13 0:00,2,6,4,30.2,6,7,5.3,14.8,29.5
49,18,2021.1.13 0:00,3,5,6,33.1,8,7.9,6.9,15.8,26.47
49,18,2021.1.13 0:00,4,9,11,30.3,7,7.5,6.1,13,25.19
49,19,2021.1.20 0:00,1,11,10,24.8,11,7.8,6.6,15.4,29.7
49,19,2021.1.20 0:00,2,7,6,30.3,6,7.2,5.6,14.9,29.82
49,19,2021.1.20 0:00,3,6,5,33.1,8,8,6.9,15.8,27.25
49,19,2021.1.20 0:00,4,8,9,30.5,7,7.7,6.4,13.3,26.79
49,20,2021.1.27 0:00,1,13,11,25,11,8.1,6.7,15.4,30.56
49,20,2021.1.27 0:00,2,7,7,30.5,7,5.4,4.5,11.7,30.36
49,20,2021.1.27 0:00,3,8,6,33.3,8,8.3,7.1,16,28.94
49,20,2021.1.27 0:00,4,8,8,30.5,8,5.4,4.2,13.8,29.38
49,21,2021.2.3 0:00,1,13,13,25.2,11,8.3,6.8,15.5,31.72
49,21,2021.2.3 0:00,2,8,7,30.7,7,5.7,4.7,12,31.48
49,21,2021.2.3 0:00,3,9,8,33.3,8,8.5,7.3,16.3,30.12
49,21,2021.2.3 0:00,4,8,8,30.7,8,5.6,4.5,14,30.15
49,22,2021.2.10 0:00,1,13,13,24.8,10,8.4,6.8,15.8,31.84
49,22,2021.2.10 0:00,2,9,8,31,7,5.9,4.8,12.2,32.55
49,22,2021.2.10 0:00,3,7,9,27.7,7,8.8,7.5,16.5,31.57
49,22,2021.2.10 0:00,4,8,8,32,7,5.9,4.7,14.1,31.81
49,23,2021.2.17 0:00,1,11,13,25,10,8.6,6.9,15.9,32.16
49,23,2021.2.17 0:00,2,12,9,31.2,7,6.1,5,12.4,32.94
49,23,2021.2.17 0:00,3,9,7,27.9,7,8.9,7.7,16.7,32.34
49,23,2021.2.17 0:00,4,8,8,32.1,7,6.2,4.9,14.2,32.73
49,24,2021.2.24 0:00,1,7,11,25.3,10,8.8,7.1,16,33.09
49,24,2021.2.24 0:00,2,12,12,31.4,7,6.3,5.3,12.6,33.62
49,24,2021.2.24 0:00,3,10,9,28.1,7,9,7.8,16.8,33.16
49,24,2021.2.24 0:00,4,7,8,32.3,7,6.3,5.2,14.4,33.7
49,25,2021.3.3 0:00,1,3,7,20,5,8.9,7.2,16,33.73
49,25,2021.3.3 0:00,2,7,12,32,6,6.5,5.5,12.7,34.05
49,25,2021.3.3 0:00,3,10,10,23.1,5,9,7.9,16.8,33.6
49,25,2021.3.3 0:00,4,2,7,28.2,6,6.5,5.3,14.6,34.28
49,26,2021.3.10 0:00,1,2,3,20.5,7,3.6,3,12,33.84
49,26,2021.3.10 0:00,2,6,7,32.3,6,6.7,5.8,12.9,34.25
49,26,2021.3.10 0:00,3,8,10,23.5,5,9.3,8.2,17.2,33.71
49,26,2021.3.10 0:00,4,2,2,29.4,6,6.7,5.7,14.9,34.35
49,27,2021.3.17 0:00,1,0,2,20.8,8,3.2,2.5,10.5,33.98
49,27,2021.3.17 0:00,2,3,6,32.8,7,5.4,4.2,11.2,34.36
49,27,2021.3.17 0:00,3,8,8,24.7,6,8.2,6.5,13.4,34.12
49,27,2021.3.17 0:00,4,1,2,30.2,8,5.4,3.5,10.2,34.45
49,28,2021.3.24 0:00,1,0,0,22.5,9,2.8,2.1,8.7,34.25
49,28,2021.3.24 0:00,2,1,3,33.2,7,6.2,5.4,13.4,34.45
49,28,2021.3.24 0:00,3,3,8,26.5,6,8.5,6.8,15.2,34.23
49,28,2021.3.24 0:00,4,0,1,31.8,9,3.5,2.8,8.5,34.58
49,29,2021.3.31 0:00,1,1,0,24.6,10,2.5,2,8.2,34.54
49,29,2021.3.31 0:00,2,1,1,33.8,8,5.4,4.9,10.5,34.68
49,29,2021.3.31 0:00,3,1,3,27.2,7,7.5,6.3,13.7,34.45
49,29,2021.3.31 0:00,4,0,0,32.3,10,3.3,2.5,7.7,34.67
49,30,2021.4.7 0:00,1,3,1,25.2,10,2.8,2.4,8.7,34.68
49,30,2021.4.7 0:00,2,2,1,34.5,8,5.9,5.1,10.9,34.72
49,30,2021.4.7 0:00,3,3,1,27.8,7,8.1,6.8,14.5,34.55
49,30,2021.4.7 0:00,4,1,0,33.2,10,3.8,2.9,8.2,34.78
