³ó°¡¸í,week,°³Ã¼¹øÈ£,ÃÊÀå,¿±¼ö,¿±Àå,¿±Æø,¿±º´Àå,°üºÎÁ÷°æ,È­¹æº°Âø°ú¼ö
11,4,1,20.8,7,10.3,8.4,7.5,13.3,0
11,4,2,18.4,7,8.7,7.3,6.5,12.31,0
11,4,3,21.2,6,11.6,8.6,7.8,12.56,0
11,4,4,24.6,6,11.4,9.3,9.1,12.88,0
11,5,1,21.1,6,11.1,8.2,7.9,13.36,0
11,5,2,19.5,5,10.5,8,6.7,11.9,0
11,5,3,21,5,10.7,9.6,9.2,13.06,0
11,5,4,26.1,5,12.8,10.2,12,12.91,0
11,6,1,20.1,6,11.6,9.2,6.7,13.39,0
11,6,2,18.9,6,10.8,8.2,6.7,12.67,0
11,6,3,23.3,6,12.6,9.4,11.2,13.77,0
11,6,4,27.5,7,12.4,8.7,12.6,14.5,0
11,7,1,22.9,6,10.4,7.7,6.3,13.58,1
11,7,2,18.9,6,10.6,8.2,7.8,13.86,0
11,7,3,25.5,6,13.1,10,11.8,13.91,1
11,7,4,30.2,8,13.4,9.4,14.6,14.62,1
11,8,1,24.5,7,10.7,8,7.8,14.65,7
11,8,2,15.2,7,7.9,6.2,6.4,15.36,3
11,8,3,29.4,7,13.3,9.7,13.2,14.68,6
11,8,4,31.2,8,12.9,9.5,15.7,14.82,4
11,9,1,25.3,7,11.7,8.5,12.3,14.52,11
11,9,2,18.3,6,8.2,6.1,9.6,15.45,7
11,9,3,31,7,14.6,9.9,4.4,15.33,7
11,9,4,35.3,5,13.4,9.8,20.6,14.92,7
11,10,1,26.1,8,11.7,8.9,11.3,15.16,12
11,10,2,19.6,6,7.8,6.4,10.5,15.48,8
11,10,3,30.3,7,14.6,10.2,15.3,16.06,10
11,10,4,36.7,6,13.6,9.7,15.2,15.18,11
11,11,1,27.3,8,10.4,7.3,12.5,15.58,12
11,11,2,20.8,6,8.4,6.1,10.7,15.56,8
11,11,3,31.3,7,14.3,10.2,15.7,16.12,11
11,11,4,37.1,7,12.6,8.7,21,15.19,13
11,12,1,27.6,7,10.2,7.4,16.3,15.61,10
11,12,2,21.5,6,8.5,6.2,11.1,15.59,7
11,12,3,31.1,7,14.2,10.5,15.8,16.24,10
11,12,4,36.6,7,13.3,8.9,18.5,15.2,10
11,13,1,29.1,8,10.5,7.6,16.3,15.65,7
11,13,2,22.3,6,8.4,6.3,11.5,15.61,8
11,13,3,30.5,8,14.6,10.8,15.3,16.35,8
11,13,4,30.1,7,9.4,7.1,21.4,15.47,8
11,14,1,28.5,8,10.2,7.4,15.6,15.71,5
11,14,2,20.1,6,8.8,6.2,11.4,15.77,10
11,14,3,28.3,8,9,8.3,15.8,16.61,11
11,14,4,39.6,8,13.9,10.3,21.8,15.56,8
11,15,1,28.5,6,10.3,7.2,16.7,15.8,5
11,15,2,21.6,7,8.6,6.2,11.8,15.82,11
11,15,3,30.4,8,9.8,8.3,16.3,16.67,12
11,15,4,34.2,10,14.2,8.9,18.5,15.58,8
11,16,1,31,9,8.4,6.3,15.2,15.21,7
11,16,2,24,7,6.4,4.4,12,15.04,12
11,16,3,34.2,8,8.9,6.8,17,16.84,11
11,16,4,40.5,12,8.9,8,23.4,16.28,7
11,17,1,29.7,11,8.4,6.5,14.5,15.46,8
11,17,2,23,6,6.5,4.5,12,13.27,12
11,17,3,34.5,8,6.5,5.5,15.5,19.25,10
11,17,4,41.2,13,9,7.5,18.5,16.49,9
11,18,1,31,10,7,5.5,11,15.55,9
11,18,2,23.3,6,6.5,4.3,11.8,14.03,12
11,18,3,35,9,9.2,6.7,16,19.76,5
11,18,4,41.5,11,7.5,6.3,17,16.48,11
11,19,1,30.5,13,6.7,5.7,11,14.53,9
11,19,2,23,6,6.5,4.5,11.5,12.72,9
11,19,3,35,11,9,6.5,16,18.5,5
11,19,4,41,12,9,8,20,16.9,11
11,20,1,31.5,13,7,5.8,11.2,14.83,11
11,20,2,23,6,6.5,4.5,11.5,12.55,11
11,20,3,36.5,11,8.5,6,4,17.61,6
11,20,4,40.3,13,9.4,8,20,15.4,13
11,21,1,32,16,7,5.7,10.5,15,10
11,21,2,21,6,6.8,4.5,11.5,14.19,7
11,21,3,35,12,8.5,6,14.5,18.07,9
11,21,4,42,16,7.5,6,12,16.01,7
11,22,1,32,18,7.2,5.6,11.3,14.78,11
11,22,2,22,6,4.3,3.5,6,13.74,11
11,22,3,35.3,13,7.7,6.5,10.5,17.47,9
11,22,4,41.2,19,7.2,6,12.3,15.95,13
11,23,1,32,20,7.2,6,11,16.51,12
11,23,2,22,6,4,3.5,6,14.61,12
11,23,3,35.3,15,7.6,6.5,13,20.56,8
11,23,4,42,21,7.8,6,11,21.29,13
11,24,1,31.5,18,7.2,5.7,11.5,15.94,11
11,24,2,21,4,4.3,3.5,6,14.1,11
11,24,3,30.5,14,7.8,6.7,14.2,19.53,11
11,24,4,39.5,24,8.5,6,16.5,20.59,17
11,25,1,31,20,8,7,13.5,16.61,11
11,25,2,20.2,5,4.5,3.5,6,14.12,7
11,25,3,31,14,8,6.7,14.5,20.26,11
11,25,4,37,23,8.7,6.7,17.5,20.21,13
11,26,1,31.3,21,8,7,13.2,15.9,15
11,26,2,20.2,4,4.2,3.5,7,14.06,3
11,26,3,34,16,8,6.7,14.2,19.29,13
11,26,4,36.5,25,6.5,4.8,14,21.94,13
11,27,1,31.2,22,8.3,6.7,14,16.55,17
11,27,2,20.2,4,4.3,3.5,6.3,12.59,3
11,27,3,36,16,8,7.7,15,18.79,13
11,27,4,35.5,21,9,7,18,18.79,8
11,28,1,31.5,23,7.5,6.3,14,15.53,16
11,28,2,19.5,4,3.5,2.8,7,14.17,2
11,28,3,40.5,15,8,7,15,18.76,11
11,28,4,35.5,22,8.8,7,18,19.1,9
11,29,1,31,22,8.6,7,14.2,15.37,13
11,29,2,19.5,4,3.5,2.8,7,14.17,2
11,29,3,42,16,8,6.5,17.5,19.33,12
11,29,4,35.5,24,8,6.4,15,15.93,21
11,30,1,31,22,8.6,7,15,15.54,12
11,30,2,19.5,4,3.5,2.8,7,14.17,2
11,30,3,44.5,15,8,7,17.5,20.02,7
11,30,4,35.8,27,8,6.3,15,19.14,18
16,4,1,18,5,8.5,6.5,8,13,0
16,4,2,16,4,7.5,5.5,7,14.4,0
16,4,3,16,4,8,6,7,10.2,0
16,4,4,22,4,7.5,6,6,11.3,0
16,5,1,20,4,10,8,8,14.3,0
16,5,2,20,4,8,6.5,7,15,0
16,5,3,19,4,8,6,9,12.3,0
16,5,4,18,5,8,6,7,12.1,0
16,6,1,22,4,11,9,9,15.2,0
16,6,2,23,4,9,8,9,15.5,0
16,6,3,23,5,8,6,9,14.3,0
16,6,4,21,5,10,9,10,13.6,0
16,7,1,22,5,11,10,8,15.8,0
16,7,2,26,5,11,9,10,16,0
16,7,3,26,5,10,8,11,15.1,0
16,7,4,26,6,10,9,8,14.3,0
16,8,1,25,6,10,8,14,16.7,3
16,8,2,29,5,12,10,13,17.8,2
16,8,3,29,6,12,10,13,16.7,1
16,8,4,27,8,10,9,14,16.1,2
16,9,1,28,7,10.5,9,15,20.2,6
16,9,2,31,6,11,9,15.5,20.5,3
16,9,3,31,6,10.5,9,17.5,16.2,4
16,9,4,31,10,10,8.5,18,25.9,3
16,10,1,30,8,10,8,16,23.1,10
16,10,2,32,6,12,9,15,20.7,7
16,10,3,32,6,11,8,18,17.7,8
16,10,4,32,12,8,6,16,26.7,6
16,11,1,32,7,10,8,16,23.7,12
16,11,2,34,7,11,9,20,21.4,7
16,11,3,31,7,9,8,19,17.8,8
16,11,4,33,13,10,8,16,26.8,6
16,12,1,32,7,11,8,19,24.6,11
16,12,2,34,7,12,10,18,22.7,7
16,12,3,30,7,9,8,19,20.1,8
16,12,4,32,14,12,9,19,20.7,6
16,13,1,31,5,11,8,19,15.8,11
16,13,2,34,5,12,10,18,17.4,7
16,13,3,31,5,9,8,19,18.5,8
16,13,4,33,9,10,8,20,16.3,7
16,14,1,32,5,11,8,20,16.1,9
16,14,2,34,5,12,10,19,18.2,6
16,14,3,32,5,9,8,20,18.8,7
16,14,4,32,9,10,8,21,16.7,5
16,15,1,33,6,10,8,19,16.8,8
16,15,2,35,8,11,9,18,18.9,4
16,15,3,32,6,10,8,20,19.3,7
16,15,4,32,10,10,8,22,17.3,3
16,16,1,33,6,10,8,20,17.4,6
16,16,2,33,8,11,9,19,19.3,5
16,16,3,32,6,10,8,22,19.7,4
16,16,4,32,11,9,7,16,18,4
16,17,1,34,7,11.5,8.5,20,13.69,6
16,17,2,33.4,8,7.3,5.7,14,20.3,6
16,17,3,31.3,6,7.5,5.5,14,16.75,4
16,17,4,35,12,9,7,17.5,31.47,6
16,18,1,34,7,11.5,8.5,20,15.4,5
16,18,2,35.5,10,7,5.5,15,24.9,4
16,18,3,31,7,7.5,5.5,13,18.5,5
16,18,4,34,12,6.5,6.5,12,15.92,6
16,19,1,33,7,11,8.5,20,18.08,8
16,19,2,35,11,7.2,6,14.5,21.18,4
16,19,3,32,9,6,5,13,19.09,2
16,19,4,35,14,7.4,6.5,12,15.61,4
16,20,1,33.5,8,6.5,4.5,10,23.42,8
16,20,2,32,11,6.5,5.5,15,20.52,3
16,20,3,29,8,6.2,5,13.5,21.98,5
16,20,4,31,12,7,6,13,19.62,8
16,21,1,34.5,8,7,4.5,11.5,23.7,8
16,21,2,34,13,6,5.5,12.5,20.89,5
16,21,3,29.5,11,6.8,5.2,14,20.89,3
16,21,4,34,19,7.5,6.5,13,21.5,14
16,22,1,32,9,7,4.8,11.5,24.51,8
16,22,2,33,12,7,6,14,20.35,9
16,22,3,23,14,6.5,5,14.5,29.7,10
16,22,4,30.5,20,7.5,6.5,14.5,20.1,22
16,23,1,33,10,7,6,11.5,22.96,9
16,23,2,33,19,7.5,6.5,15,23.6,14
16,23,3,26,14,6,5.6,16,27.36,4
16,23,4,31,23,7.2,5,15.5,19.61,17
16,24,1,30,12,7.5,6.5,16,26.92,11
16,24,2,33,18,8,6.5,16,37.22,16
16,24,3,30,16,7.2,5.8,17,26.28,7
16,24,4,30,22,8,6.7,16,38.72,20
16,25,1,26,9,7.2,6.4,13.5,22.47,11
16,25,2,29.5,20,8,6.8,18,25.04,19
16,25,3,31,11,6.5,5.5,11.5,32.63,8
16,25,4,27,17,8,6.5,15,18.79,19
16,26,1,26,10,6.4,7.4,14,19.97,9
16,26,2,30,22,7.8,6.6,18,39.18,21
16,26,3,34,12,7.2,5.7,19,34.16,10
16,26,4,29,17,8,5.8,15,18.91,20
16,27,1,27,9,8,6.8,18,17.7,9
16,27,2,30,21,8,7,17,41.26,16
16,27,3,37,13,7.8,6.7,18.5,34.8,10
16,27,4,31,18,8,7.8,15,41.02,20
16,28,1,26,9,7.5,5,15,16.52,8
16,28,2,32,18,8.2,6,17,21.13,15
16,28,3,40,12,7.5,5.8,19,34.05,10
16,28,4,30,15,7.4,5.2,15.5,17.92,15
16,29,1,27,10,7.5,6.2,14.5,22.42,8
16,29,2,32,18,8.2,6.2,18,21.42,11
16,29,3,40,12,7.5,6.6,24,23.56,5
16,29,4,31,16,8,6,16.5,16.82,9
16,30,1,30,9,8,6.5,17.5,19.93,6
16,30,2,32,17,8,6.5,17.8,21.81,5
16,30,3,40,12,8.5,6.5,20,17.45,3
16,30,4,30,18,9,7,19.5,13.99,4
20,4,1,30,3,10.6,8.6,17.8,13.24,0
20,4,2,26.3,3,7,4.3,10.6,12.08,0
20,4,3,24,3,5.8,4.5,16.8,9.49,0
20,4,4,30,4,12.1,8.3,16.3,12.88,0
20,5,1,30.2,4,13,8.9,13,14.93,0
20,5,2,26.6,3,12.5,9.1,12,13.68,0
20,5,3,20.1,3,5.8,4.2,12,9.83,0
20,5,4,30.2,5,14.2,9.7,14.3,14.81,0
20,6,1,31.4,4,13.1,9,13,16.42,0
20,6,2,26.7,4,12.8,8.5,9.6,14.94,0
20,6,3,20,4,6.3,4.8,12.2,11.14,0
20,6,4,30.7,5,14.4,10,14.3,16.14,0
20,7,1,32.3,4,13.8,10.3,16,17.97,0
20,7,2,28,5,12.7,9.2,13,16.15,0
20,7,3,20,5,8.8,7.5,7.5,11.79,0
20,7,4,31.2,5,13.3,11.2,15.5,17.22,0
20,8,1,32.3,5,15.1,9.4,13.5,19.21,0
20,8,2,28,5,13.3,9.2,12.5,18.95,0
20,8,3,31.4,6,15.8,11.2,13,18.89,0
20,8,4,31.9,5,13.6,11.2,15.7,19.03,0
20,9,1,32.5,5,15.3,10,13.5,19.37,0
20,9,2,29.1,5,13.7,9.5,14.1,19.45,0
20,9,3,31.6,6,16.1,11.3,13,19.32,0
20,9,4,32,6,13.3,10.6,14.2,19.94,0
20,10,1,32.5,6,13,9.2,15.6,20.52,7
20,10,2,29.5,6,10.8,8.3,13.2,19.96,5
20,10,3,32.7,7,14.6,11.7,14.5,21.64,7
20,10,4,32.5,6,13.7,10.6,14.6,21.84,7
20,11,1,31.5,6,12.6,8.7,18.5,21.44,9
20,11,2,29.2,7,12.7,7.5,13.2,20.23,8
20,11,3,33.2,7,12.5,8.6,15.1,21.81,9
20,11,4,32.5,7,12.8,9.2,15.2,22.45,8
20,12,1,33.7,7,12.7,8.8,18.9,21.48,10
20,12,2,30.5,7,12.7,7.6,15.2,20.52,10
20,12,3,33.5,7,12.6,8.7,15.7,21.97,9
20,12,4,32.9,7,12.9,9.3,15.9,22.48,8
20,13,1,34.3,7,12.5,8.7,19.4,22.25,12
20,13,2,31.2,7,12.6,7.9,15.8,20.87,11
20,13,3,33.5,7,12.6,9,16.1,21.95,9
20,13,4,32.9,8,11.7,8.9,18,23.01,8
20,14,1,34.5,7,12.5,8.7,19.7,22.51,9
20,14,2,31.5,8,12.7,7.9,15.7,20.96,9
20,14,3,33.5,8,10.2,8.2,16.2,22.21,8
20,14,4,33,8,12.1,8.9,18.2,23.28,6
20,15,1,34.5,5,12.5,8.7,19.7,19.72,9
20,15,2,31.7,6,12.7,7.9,15.7,20.26,10
20,15,3,33.6,7,10.4,8.5,17.5,21.24,6
20,15,4,33.1,7,12.1,8.9,18.2,22.32,6
20,16,1,34.7,5,12.7,9.1,19.8,20.03,8
20,16,2,31.8,6,13,8,16.2,20.46,10
20,16,3,33.8,7,9.8,7.3,20.3,21.73,5
20,16,4,33.1,7,9.8,7.6,16.6,22.1,4
20,17,1,35,5,13,9.1,20.1,20.06,6
20,17,2,32.1,6,13.1,8,16.9,20.47,8
20,17,3,33.8,7,9.9,7.5,20.7,21.83,5
20,17,4,33.1,7,10,7.6,17.2,22.17,4
20,18,1,35.4,5,13,9.2,20.7,20.09,10
20,18,2,32.6,5,13.3,8,17.1,20.54,14
20,18,3,33.2,6,10,7.5,20.8,21.85,6
20,18,4,33.1,7,10,7.6,17.2,22.4,6
20,19,1,35.4,5,13,9.2,20.7,21,9
20,19,2,32.9,5,13.4,8,17.3,20.76,12
20,19,3,33.5,6,10.1,7.5,20.8,21.92,9
20,19,4,33,7,10,7.6,17.2,22.51,11
20,20,1,35.8,5,13,9.2,20.9,21.02,6
20,20,2,33.5,5,13.4,8,18.3,20.78,7
20,20,3,33.7,6,10.2,7.5,21.6,22.03,5
20,20,4,32.8,7,10,7.6,17.2,22.64,10
20,21,1,35.8,5,13,9.2,20.9,21.12,6
20,21,2,33.7,5,13.4,8,18.5,20.8,5
20,21,3,34,7,8.2,5.5,12.5,22.21,5
20,21,4,32.7,7,10,7.6,16.9,22.91,9
20,22,1,36.6,5,13.1,9.3,21.8,21.16,5
20,22,2,34.9,5,13.5,8,19.3,20.95,4
20,22,3,34.7,7,8.4,5.5,12.8,22.32,4
20,22,4,32.7,8,9.7,7.1,17.8,23.01,6
20,23,1,37.1,6,12,8.2,20.3,21.17,2
20,23,2,34.7,6,10.2,8.1,19.2,21.01,0
20,23,3,35,6,8.5,5.5,13,23.49,2
20,23,4,32.5,8,9.7,7.1,17.8,23.08,3
20,24,1,37.1,6,12,8.2,20.3,21.17,2
20,24,2,34.7,6,10.3,8.1,19.6,21.09,0
20,24,3,35,7,6,4.4,15.3,23.51,0
20,24,4,32.5,8,6.2,5.8,16.2,23.11,1
20,25,1,37.4,7,4.9,4,14.6,21.19,5
20,25,2,34.7,8,6.2,4.2,13.7,21.11,0
20,25,3,35.2,10,6,4.6,11.7,23.57,0
20,25,4,31.7,10,6.6,5.7,11.1,23.25,2
20,26,1,35.1,6,7,6.8,14.1,19.95,10
20,26,2,33,8,5.5,4,12.3,19.26,0
20,26,3,35.4,11,5.8,4.5,10.1,22.19,2
20,26,4,32.8,10,8.2,6.9,12.2,22.05,3
20,27,1,35.1,7,9.9,8.1,19,19.91,11
20,27,2,30,9,7.1,5.6,14.9,19.22,0
20,27,3,29.1,11,8.8,7.7,19.4,20.47,6
20,27,4,32.8,9,8.4,7,13.5,22.03,3
20,28,1,35.1,7,7.2,5.5,16.5,19.91,11
20,28,2,35.8,10,8.7,6.5,19.1,19.25,2
20,28,3,33,11,10.5,9.3,21.1,20.98,8
20,28,4,30,10,9.3,7.2,12.1,21.32,2
20,29,1,35.2,7,9,6.4,18.1,19.56,10
20,29,2,40,8,9.3,7,20.2,19.25,10
20,29,3,39.5,9,12,10.5,21.2,21.37,9
20,29,4,29.6,10,9,5.7,18.3,21.71,0
20,30,1,38.5,7,9.1,6.4,18.1,19.58,6
20,30,2,42,9,11.4,8.8,24.8,20.38,13
20,30,3,42.2,10,8.6,6.7,24.3,21.71,8
20,30,4,33.8,10,7,4.9,19.2,22.15,3
23,4,1,29.5,5,12.4,8.7,15.6,12.44,0
23,4,2,31.7,5,12.9,10.4,15.7,12.49,0
23,4,3,28.5,3,11,8.8,16.1,11.97,0
23,4,4,24.6,5,6.9,5.2,15.7,13.69,0
23,5,1,30.1,6,13,8.6,14.1,13.56,0
23,5,2,32.2,6,12.5,9.2,18,13.5,0
23,5,3,29.1,4,12.6,9.2,12.8,13.67,0
23,5,4,24.4,5,10.5,7.5,12,12.39,0
23,6,1,32.3,7,14.1,10.2,16.6,14.96,0
23,6,2,33.8,7,14.8,11.6,15.7,16.77,0
23,6,3,30.5,5,13,10.2,15.2,14.26,0
23,6,4,27.5,4,10.8,7.7,12.3,13.54,0
23,7,1,36.8,4,14.3,10.4,17.1,14.68,1
23,7,2,35.3,6,16.1,10.3,17.3,17.69,0
23,7,3,31.9,6,13.7,10.4,16.6,14.85,1
23,7,4,30.5,5,12.1,8.7,12.6,15.05,1
23,8,1,39.5,5,13.5,9.5,18.7,16.11,4
23,8,2,37.7,6,16.1,10.3,17.4,18.4,2
23,8,3,34.5,6,13.9,10.5,16.8,16.82,2
23,8,4,31.8,5,12.2,9,12.6,15.8,2
23,9,1,40.7,5,13.6,9.6,19.2,16.74,7
23,9,2,39.3,6,14.8,10.6,20.1,18.83,3
23,9,3,35.1,5,13.9,10.7,17,17.1,4
23,9,4,32.5,6,14.9,10.3,15.1,16.63,6
23,10,1,40.8,6,14.9,10,24,18.53,12
23,10,2,39.5,6,15,10.8,20.1,18.61,6
23,10,3,36.8,6,14.2,10.2,18.7,17.33,9
23,10,4,33.2,6,13.5,9.6,18,17,9
23,11,1,41.3,6,14.9,10.1,24,18.88,13
23,11,2,39.6,6,15.2,10.9,20.2,19.77,9
23,11,3,37.2,6,14.4,10.3,19,18.72,13
23,11,4,33.9,5,13.5,9.8,18.2,17.13,11
23,12,1,41.4,7,11.5,9.1,22.5,19.06,15
23,12,2,40.1,7,14.4,10,22.8,19.3,10
23,12,3,37.6,5,14.4,10.3,19,18.62,16
23,12,4,34,6,11.6,8.6,16.5,17.34,12
23,13,1,41.4,7,11.5,9.1,22.6,19.08,13
23,13,2,41,7,14.4,10,24,19.76,11
23,13,3,37.8,6,13.3,9.5,22.6,18.92,16
23,13,4,34,6,11.8,8.6,17.4,17.55,11
23,14,1,41.4,7,11.5,9.1,22.6,19.15,11
23,14,2,41.2,8,11.2,7.5,26.5,19.87,8
23,14,3,37.8,6,13.3,9.5,22.6,19.3,14
23,14,4,34,6,11.8,8.7,17.5,17.66,11
23,15,1,41.4,7,11.7,9.2,22.9,19.25,8
23,15,2,41.2,8,11.3,7.6,26.6,20.24,8
23,15,3,38.1,6,13.4,9.7,22.7,20.7,9
23,15,4,34,7,9.1,7.1,17.2,17.94,7
23,16,1,41.4,6,11.7,9.2,22.9,20.03,7
23,16,2,41.2,7,11.3,7.6,26.6,20.26,3
23,16,3,38.1,6,13.5,9.7,22.7,20.18,7
23,16,4,34.1,7,9.1,7.1,17.2,17.91,5
23,17,1,41.4,6,11.7,9.2,22.9,20.06,4
23,17,2,41.2,8,9.2,7,21.2,20.45,3
23,17,3,38.4,6,13.5,9.8,23.2,21.06,5
23,17,4,34.1,7,9.5,7.1,17.5,19.62,3
23,18,1,41.4,6,11.6,9.2,22.8,20.15,4
23,18,2,41.2,8,9.2,7,21.3,20.68,2
23,18,3,39,6,13.5,9.9,23.6,21.87,1
23,18,4,34.1,7,9.5,7.2,17.6,19.65,2
23,19,1,41.4,6,10.3,7.2,20.4,20.41,4
23,19,2,41.2,7,9.2,7,21.3,20.74,4
23,19,3,39.3,6,13.7,9.9,23.9,21.89,1
23,19,4,34.1,7,9.5,7.2,17.6,20.46,0
23,20,1,41.2,6,14.8,10.3,24,20.43,6
23,20,2,41,7,9.5,7,21.3,21.09,5
23,20,3,40.5,6,10.5,7.3,20.5,21.93,3
23,20,4,34.1,7,9.6,7.3,17.8,20.51,0
23,21,1,41.2,6,10.3,7.2,20.2,21.06,5
23,21,2,40.8,7,9.5,7,21.3,21.33,5
23,21,3,39.8,6,10.6,7.4,20.9,21.99,3
23,21,4,34.1,8,7.7,6,17.5,21.08,0
23,22,1,41.2,6,10.3,7.2,20,21.22,0
23,22,2,40.5,6,9.6,7,21.3,21.36,5
23,22,3,39.6,6,10.5,7.4,20.9,22.33,0
23,22,4,37.3,7,7.8,6.1,17.6,21.35,0
23,23,1,41,6,10.3,7.2,19.6,22.32,0
23,23,2,40.3,6,9.6,7,21.2,21.43,5
23,23,3,39.6,6,10.6,7.5,20.6,23.03,0
23,23,4,34.3,7,7.8,6.1,17.6,21.96,1
23,24,1,40.8,7,7.5,6.1,20.3,22.35,2
23,24,2,40.3,8,5.6,4.7,17.3,21.85,4
23,24,3,39.6,7,8.2,5.4,18.6,21.35,0
23,24,4,36.1,8,7.8,6.1,19.9,22.07,4
23,25,1,32.7,5,7.7,6.7,14.5,20.95,6
23,25,2,39.5,7,7.5,6.5,13.7,21.55,4
23,25,3,32.4,5,8.1,6.6,16.5,20.05,1
23,25,4,36.1,7,7.2,5.2,13,21.75,6
23,26,1,32.2,8,8.4,7.8,15.8,20.95,4
23,26,2,39.5,8,7.6,6.6,13.9,21.65,4
23,26,3,32.2,7,8.2,7.4,17,20.08,4
23,26,4,31.2,6,6.9,5.7,13.8,21.8,8
23,27,1,32.4,10,5.6,5.2,12.1,20.18,5
23,27,2,39.5,9,9.3,7.9,17.8,21.12,4
23,27,3,33.5,7,9,7.5,17.8,19.74,8
23,27,4,28,8,8.4,7,18.4,21.08,7
23,28,1,35.5,8,10.1,8.2,23.8,19.52,5
23,28,2,39.4,10,5.9,4.4,11.9,22.23,3
23,28,3,36.5,9,8.5,6.5,22.3,19.39,8
23,28,4,31.7,9,7.3,6.1,16.9,21.89,3
23,29,1,37.8,8,8.5,7.1,18.7,19.43,5
23,29,2,39.4,9,5.9,4.4,11.9,22.23,1
23,29,3,39,8,9.7,7.3,25,19.78,8
23,29,4,37.9,10,8,7.3,27.3,22.51,2
23,30,1,42.7,7,8.6,7.5,18.9,19.32,2
23,30,2,41.2,9,10.9,8.9,24.8,22.63,1
23,30,3,43,10,8.5,6.1,30.3,19.9,1
23,30,4,40.8,12,5.3,4.6,22,24.53,0
24,4,1,20.5,5,1,3,9.1,10.62,0
24,4,2,26.2,4,2,2,18.7,10.89,0
24,4,3,24.5,5,2,3,8.4,10.29,0
24,4,4,27.1,5,2,3,14.2,11.33,0
24,5,1,19.5,3,5,4,8.4,11.5,0
24,5,2,18.2,2,6,6,7.4,11.92,0
24,5,3,18.4,2,6,6,8.4,11.59,0
24,5,4,18.7,3,6,5,9,11.51,0
24,6,1,22.1,3,6,5,9.5,12.7,0
24,6,2,19.3,3,6,5,8.2,12.66,0
24,6,3,19.5,3,6,5,9.5,11.62,0
24,6,4,20.6,3,7,5,9.1,11.25,0
24,7,1,23.8,4,6,6,11.4,13.95,0
24,7,2,21.9,4,7,6,8.4,13.54,0
24,7,3,25,4,8,6,8.8,12.87,0
24,7,4,23.7,4,7,6,10.2,12.12,0
24,8,1,27.9,5,8,7,13.2,17.21,0
24,8,2,28.4,5,9,7,11.3,14.6,1
24,8,3,30.2,6,9,8,13.7,13.19,0
24,8,4,30.7,6,9,8,12,15.46,1
24,9,1,30.1,6,9,8,15.2,18.27,3
24,9,2,31.2,5,9,8,13,16.4,4
24,9,3,31.2,6,9,8,14.2,14.53,0
24,9,4,33.7,6,9,8,12.8,16.6,6
24,10,1,32.5,6,9,8,15.6,20.04,6
24,10,2,35.2,5,10,8,14.3,18,7
24,10,3,33.7,4,10,8,14.6,15.22,0
24,10,4,34.9,7,9,9,19.6,17.22,8
24,11,1,35,6,10,9,18.6,20.31,8
24,11,2,37.8,5,10,9,19.6,19.69,8
24,11,3,34.9,4,10,9,15.5,17.14,1
24,11,4,36.1,7,10,10,20.5,17.87,9
24,12,1,35.5,5,10,9,19.4,19.22,9
24,12,2,38.8,5,10,9,19.9,19.86,10
24,12,3,35.2,5,10,10,21.3,17.45,1
24,12,4,36.6,6,10,10,20.9,16.72,10
24,13,1,36.1,5,10,10,21.7,18.68,9
24,13,2,40.1,5,11,10,24.4,18.86,9
24,13,3,35.3,5,10,10,21.3,17.89,3
24,13,4,36.7,7,10,11,18,16.61,10
24,14,1,36.2,5,11,10,21.7,19.11,8
24,14,2,40.4,5,11,10,24.5,19.01,7
24,14,3,35.5,5,10,10,21.6,17.92,6
24,14,4,36.7,7,10,11,18.1,16.4,6
24,15,1,36.5,5,10,10,22,19.12,7
24,15,2,41,5,11,10,24.5,19.02,6
24,15,3,35.5,6,10,11,21.3,18.38,6
24,15,4,36.7,7,10,11,18.1,16.43,5
24,16,1,37,5,11,10,23,19.33,6
24,16,2,41,5,11,10,24.7,19.1,3
24,16,3,35.6,6,10,11,21.5,19.08,6
24,16,4,36.7,7,10,11,18.1,16.62,4
24,17,1,36.6,5,10,10,23,20.09,6
24,17,2,41.1,5,11,10,24.7,19.11,3
24,17,3,35.7,6,10,11,21.8,19.12,6
24,17,4,36.7,7,10,12,21.3,17.54,3
24,18,1,37.1,5,11,10,23.1,20.11,4
24,18,2,41.2,5,11,10,24.7,19.66,2
24,18,3,35.7,7,10,12,19.9,19.73,6
24,18,4,41,7,7,14,18.2,21.93,9
24,19,1,37.3,5,10,10,23.1,20.53,0
24,19,2,41.4,5,11,10,24.8,20.04,4
24,19,3,35.8,7,10,12,20,19.98,5
24,19,4,36.7,7,10,13,17.6,17.9,1
24,20,1,37.5,4,10,10,23.1,20.56,11
24,20,2,41.5,5,11,10,24.5,20.82,8
24,20,3,36,6,10,12,20.2,19.98,5
24,20,4,36.6,8,10,14,11.7,18.93,4
24,21,1,37.5,5,10,11,22.8,19.34,11
24,21,2,41.6,6,11,11,26.4,21.9,12
24,21,3,36.2,6,10,12,20.2,18.32,7
24,21,4,36.5,8,10,14,12.6,19.03,9
24,22,1,37.3,5,10,10,22.8,19.62,11
24,22,2,41.8,7,11,12,19.4,22.29,10
24,22,3,36.2,6,10,12,20.3,18.35,8
24,22,4,36.3,8,10,14,12.6,19.52,11
24,23,1,37.1,5,10,11,22.5,19.86,11
24,23,2,42,6,11,12,19.8,22.08,10
24,23,3,36.2,5,10,12,20.3,17.41,6
24,23,4,36.3,8,10,15,13.1,18.87,10
24,24,1,36.9,5,11,11,22.3,19.93,11
24,24,2,42,6,11,12,20,22.08,10
24,24,3,36.2,5,10,12,19.8,17.85,7
24,24,4,35.2,8,12,16,15.3,19.8,16
24,25,1,36.9,6,10.5,7.6,20.6,19.98,11
24,25,2,42,7,9.6,7.6,19.9,22.09,10
24,25,3,36.2,5,9.8,8.5,19.7,17.91,9
24,25,4,35.2,9,6.2,5.1,14.9,20.16,20
24,26,1,36.9,7,7.2,5.8,10.3,20.03,12
24,26,2,42,7,9.6,7.6,19.9,22.11,10
24,26,3,36.2,7,9,6.3,14.2,18,9
24,26,4,27.5,9,8.6,7.5,16.3,20.18,21
24,27,1,36.9,7,8.3,7.1,10.8,18.62,9
24,27,2,42,7,8,5.7,14.4,20.71,10
24,27,3,36.2,7,9.6,5.8,10.2,17.65,7
24,27,4,27.8,9,9.5,7.9,15.3,20.02,17
24,28,1,36.9,7,9.4,7.7,13.5,18.01,8
24,28,2,42.2,8,6.1,5,12.3,19.26,11
24,28,3,36.2,9,7.4,5.5,12.4,16.91,7
24,28,4,27.8,9,9.7,7.9,15.3,19.98,17
24,29,1,36.9,7,9.4,7.7,13.5,18.12,9
24,29,2,30.1,8,8.5,6.6,19.1,20.91,12
24,29,3,31.2,10,6.3,5.2,11.6,17.44,13
24,29,4,27.5,11,8.4,6.3,15,20.07,27
24,30,1,27.1,8,8.1,7.6,16.1,18.53,8
24,30,2,33.8,8,9.4,7.1,22,21.15,13
24,30,3,20,11,8.5,6.6,18.5,18.54,15
24,30,4,27.7,11,5.6,5.2,13.6,20.49,18
25,4,1,28.5,5,10.2,3.6,15.2,10.08,0
25,4,2,30.7,6,7.7,2.7,12.9,11.02,0
25,4,3,27.7,5,7.3,2.9,14.6,12.05,0
25,4,4,29.3,5,5.8,2.5,8.9,11.3,0
25,5,1,30.8,4,10.4,4.3,16.2,10.72,0
25,5,2,28,4,10.1,4.3,13.1,11.72,0
25,5,3,29.1,4,10.1,4,15.6,12.69,0
25,5,4,25,4,8.8,4,11.9,11.58,0
25,6,1,31.9,5,11.2,4.1,16.5,13.21,0
25,6,2,29.5,5,9.5,4.5,15.7,13.5,0
25,6,3,30.3,5,8.4,4,16.4,15.41,0
25,6,4,26.4,5,9,4.1,11.6,12.84,0
25,7,1,33.1,5,10.6,4.4,17.4,15.41,0
25,7,2,32.3,5,9.5,4.2,14,14.8,1
25,7,3,31.4,5,8,4.1,16,16.1,1
25,7,4,27.4,5,9,4.1,13.6,14.8,0
25,8,1,34.8,6,10.4,4.2,21,15.65,1
25,8,2,37.5,6,11.3,4.6,17.5,15.98,6
25,8,3,38.1,6,10.2,4.2,16.7,16.18,6
25,8,4,34.2,5,7,4.2,12.5,15.16,2
25,9,1,39.5,6,11,4.1,20.1,16.45,5
25,9,2,39,7,11.1,4.9,22.5,16.79,10
25,9,3,40.4,7,10.2,4.8,23.3,16.3,8
25,9,4,40.3,6,10.6,4.2,19.4,15.45,4
25,10,1,40.1,7,10.3,4.8,25,17.4,9
25,10,2,39.5,8,8.5,4.1,23.9,16.98,10
25,10,3,41.7,7,10.6,4.3,25.5,16.88,9
25,10,4,41.3,4,11.2,4.5,19.5,15.6,5
25,11,1,41.2,6,10.5,4.9,25.1,18.02,11
25,11,2,40.2,7,8.4,4.1,24,17.27,9
25,11,3,42,5,10.7,4.4,25.2,17.13,9
25,11,4,41.8,5,10.6,4.8,23.4,16.96,5
25,12,1,41.3,6,8.7,4.1,26.3,18.56,9
25,12,2,40.2,7,8.5,4.2,24.5,17.58,8
25,12,3,42.3,6,11.7,4.6,25.5,17.27,8
25,12,4,42,5,11.2,4.9,23.5,17.59,3
25,13,1,41.3,6,9,4.6,26.2,18.7,8
25,13,2,40.5,8,9.2,4.1,21.2,17.76,6
25,13,3,42.3,6,11,4.4,25.5,18.91,6
25,13,4,42,5,11.2,5,23.5,17.26,2
25,14,1,39,5,9,3.9,26.2,18.86,7
25,14,2,40.5,7,9.4,4.1,21.2,17.77,4
25,14,3,42.3,7,8.3,3.8,24.5,19.09,5
25,14,4,42.3,5,11.3,5.1,23.5,17.56,2
25,15,1,39.1,5,9,4,26.2,18.65,8
25,15,2,40.5,7,9.4,4,21.8,18.74,4
25,15,3,42.3,7,8.3,4,24.5,19.08,3
25,15,4,42.3,6,10,4,25.6,18.35,0
25,16,1,39.5,6,7.7,3.4,20.4,18.66,6
25,16,2,38.9,7,6.4,2.8,14.5,18.79,3
25,16,3,43.5,7,7,3.1,17.9,19.08,1
25,16,4,42.4,7,9.1,4,22.3,18.39,0
25,17,1,39.5,6,7.7,3.4,20.4,18.77,4
25,17,2,38.9,7,6.2,2.7,15,18.79,4
25,17,3,43.5,8,6.1,3,15.5,19.08,0
25,17,4,42.4,7,9.3,4,23.1,18.59,1
25,18,1,39.5,6,7.7,3.4,20.4,19.12,11
25,18,2,38.9,8,5.8,2.5,10.3,19.1,4
25,18,3,43.5,9,5,2.7,10.4,19.12,1
25,18,4,42.4,8,7.1,3.8,14.1,18.76,5
25,19,1,39.5,7,5.6,3.2,14,19.47,12
25,19,2,38.9,9,5.3,4.2,13.4,19.85,4
25,19,3,43.5,9,5.1,4.4,11,19.34,4
25,19,4,42.4,6,7.1,3.5,17.9,18.32,9
25,20,1,39.5,7,5.6,2.5,14.5,18.09,11
25,20,2,38.9,10,7.3,3.2,11.8,18.35,4
25,20,3,43.5,8,6.5,2.2,10.1,18.62,9
25,20,4,42.4,6,7.1,3.6,18,18.52,9
25,21,1,39.5,7,6.7,2.7,15.2,18.49,12
25,21,2,38.9,10,5,3.4,14.9,18.43,5
25,21,3,43.5,9,6.5,2.6,11,18.75,11
25,21,4,42.4,7,6.1,3.6,12.6,18.95,11
25,22,1,38.2,6,6.6,3.6,14,17.93,15
25,22,2,27.1,7,5.4,3.6,13.6,18.65,10
25,22,3,22.4,4,6.5,2.8,11.2,18.98,15
25,22,4,40.2,5,6.4,3.4,14.4,18.99,12
25,23,1,38.2,6,6.6,3.8,14.2,17.98,7
25,23,2,27.2,8,8.5,3.7,16,18.74,14
25,23,3,24.6,6,5.6,3.8,13.6,19.02,18
25,23,4,40.2,5,6.4,3.5,14.6,18.99,10
25,24,1,29.5,5,6.6,4.1,14.7,18.03,9
25,24,2,30.4,9,8.1,3.8,19.6,18.79,12
25,24,3,25.7,9,5.6,2.9,17.8,19.04,17
25,24,4,28,5,6.4,4,14.8,18.87,4
25,25,1,30.1,6,7.7,3.2,16.4,18.06,8
25,25,2,31.5,11,6.1,2.6,19.4,18.68,13
25,25,3,30.1,10,6.1,3.2,19,19.23,12
25,25,4,28.1,5,6.3,4,15.1,18.72,3
25,26,1,32.4,6,7.3,3.5,21.8,17.52,8
25,26,2,35.9,11,6.9,3.2,18,18.07,13
25,26,3,33.4,10,6.6,3.2,18,18.5,5
25,26,4,28.5,7,6.3,3.3,18,18.75,3
25,27,1,33.2,6,7.4,3.4,22.8,17.51,6
25,27,2,37,12,7,2.9,23.3,18,8
25,27,3,34.2,11,6.3,2.7,18.4,18.26,3
25,27,4,32.2,7,6.6,2.7,21.4,18.67,3
25,28,1,36.7,7,6.8,2.5,21.2,17.72,6
25,28,2,36.7,11,8.5,3.5,26,18.17,6
25,28,3,38.1,11,6.4,2.9,28.3,18.43,2
25,28,4,38.6,7,8.7,3.6,27,18.71,1
25,29,1,38,5,8.5,2.8,26,17.57,5
25,29,2,41.2,9,9.1,3.3,26.5,18.74,4
25,29,3,43.8,11,6.3,1.8,27.4,18.65,1
25,29,4,42.5,8,7.2,2.1,21.6,17.7,2
25,30,1,38.5,6,8.5,3.4,24.2,17.57,4
25,30,2,42,9,7.6,3.3,29.7,18.62,4
25,30,3,45.4,10,8,3.2,28.6,19.01,4
25,30,4,45.8,8,8.5,3.3,26.5,17.75,4
26,4,1,38.1,6,9.1,7.6,10.1,12.98,0
26,4,2,36.4,6,12.6,10,9.1,12.11,0
26,4,3,24,5,9,7.7,7.3,12.68,0
26,4,4,39,5,6.7,5.3,25.4,12.16,0
26,5,1,22.7,5,12.8,9.6,9.7,11.69,0
26,5,2,23.3,5,9.9,7.9,10.3,13.09,0
26,5,3,26.4,5,8.3,7.5,11.3,13.29,0
26,5,4,19.4,5,9.8,7.9,6.4,13.02,0
26,6,1,24.6,6,10.5,7.5,10.8,11.79,0
26,6,2,24.7,4,10.2,8.4,10.7,13.97,0
26,6,3,27.1,5,8.5,7.6,11.5,13.77,0
26,6,4,21,5,10,8.2,7.2,13.43,0
26,7,1,25.7,4,10.6,7.6,11,12.23,0
26,7,2,25.5,5,12.3,10.9,11.9,14.09,1
26,7,3,28.2,5,13,11,13.6,13.88,1
26,7,4,20.5,5,10,8.2,7.3,14.34,0
26,8,1,29,5,12,9.3,13.9,14.71,1
26,8,2,27,6,10.6,10,11.5,15.95,3
26,8,3,27.5,6,12.5,10,13.7,16.03,3
26,8,4,22.5,6,6.3,5.8,12.7,17.32,1
26,9,1,28.2,6,13.5,9.6,13.6,15.72,3
26,9,2,28.5,6,11.7,10.1,11.2,16.82,7
26,9,3,29,7,12.2,10.7,14.5,16.85,7
26,9,4,38.5,6,12.5,9.2,16.2,18.15,5
26,10,1,30.3,7,11.8,9.7,17.7,16.07,6
26,10,2,30.5,7,11.6,9.1,16.6,17.74,11
26,10,3,30.9,8,12.9,11,16,17.28,11
26,10,4,39.8,7,14.5,12,15.4,18.37,7
26,11,1,31,7,12.1,9.4,17,16.42,7
26,11,2,30.5,8,10,8.4,15.5,18.15,10
26,11,3,31.7,9,11.5,8.5,19.1,17.59,10
26,11,4,40,7,14.8,12.1,15.5,19.25,10
26,12,1,31.4,6,12.1,9.4,17,16.39,6
26,12,2,30.5,8,10,8.4,16,18.56,9
26,12,3,32.2,9,12.2,9,17,16.45,9
26,12,4,40,8,12.5,9.1,23.1,20.77,9
26,13,1,32.1,7,11,8.3,19.5,17.18,6
26,13,2,30.6,7,10.3,8.4,16.3,18.89,4
26,13,3,32.7,7,12.2,9.2,17,16.85,9
26,13,4,40.4,7,12.5,9.1,23.1,20.17,8
26,14,1,32.2,6,11.1,8.3,19.5,18.63,4
26,14,2,30.6,7,10.3,8.4,16.5,19.31,4
26,14,3,32.7,7,12.2,9.2,17,17.05,7
26,14,4,40.4,8,10.2,7.6,19.9,20.35,7
26,15,1,32.2,6,11.1,8.5,19.5,18.67,2
26,15,2,30.6,7,10.3,8.4,16.5,19.34,2
26,15,3,32.7,7,12.2,9.2,17,17.76,6
26,15,4,40.4,8,10.4,7.6,20,20.41,6
26,16,1,32.2,5,11.1,8.5,19.5,18.76,3
26,16,2,30.6,7,10.3,8.4,16.5,19.58,2
26,16,3,33.1,7,12.5,9.3,17.6,17.68,3
26,16,4,40.5,6,10.4,7.7,20.2,20.56,5
26,17,1,32.2,5,11.2,8.5,19.5,19.2,2
26,17,2,30.6,7,10.5,8.5,16.5,20.05,4
26,17,3,33.3,8,10.6,8.3,19.8,17.53,3
26,17,4,40.7,6,10.8,7.8,20.3,21.59,5
26,18,1,32.4,6,9.4,8.1,19.2,20.31,3
26,18,2,31,7,10.6,8.5,19,19.89,5
26,18,3,33.5,8,9.9,7.7,19.4,17.42,5
26,18,4,41,7,10.1,7.3,18.2,21.93,9
26,19,1,32.4,6,11.4,8.6,19.7,20.86,3
26,19,2,31.2,7,10.7,8.6,19.1,20.94,6
26,19,3,34.1,8,10,7.7,19.6,18.31,5
26,19,4,41.1,7,9,6.2,16.4,20.86,6
26,20,1,32.3,8,6.9,6.1,14.3,20.89,3
26,20,2,31.6,9,6.2,5.3,13.2,21.05,6
26,20,3,34.2,9,7.6,5.6,13.3,18.82,6
26,20,4,41.7,7,9.2,6.4,17.3,20.89,6
26,21,1,32,8,6.9,6.1,14.4,21.16,3
26,21,2,31.8,9,6.3,5.5,13.4,21.54,6
26,21,3,34.8,9,7.8,5.7,13.4,18.87,6
26,21,4,41.7,7,9.2,6.4,17.5,21.01,7
26,22,1,32.2,7,11.4,8.4,19.5,20.99,3
26,22,2,32,9,6.3,5.5,13.6,21.67,5
26,22,3,35.1,9,7.8,5.7,13.4,19.01,7
26,22,4,41.8,7,9.2,6.4,17.6,21.13,8
26,23,1,32.6,7,6.9,6.1,14.4,21.05,4
26,23,2,32,9,6.3,5.5,13.6,21.85,9
26,23,3,35.1,9,7.8,5.7,13.5,19.08,9
26,23,4,41.8,7,9.2,6.4,18,21.61,12
26,24,1,32.6,7,7,6.2,14.2,21.07,9
26,24,2,32.1,9,5.5,5.5,13.6,21.85,8
26,24,3,35.1,9,7.7,5.7,13.3,19.14,8
26,24,4,41.6,8,7,5.6,13.1,21.73,13
26,25,1,26.4,6,6.3,6.5,12.1,19.98,9
26,25,2,32,8,7.8,7.2,12.7,21.53,6
26,25,3,32.9,6,6.6,6,12.3,19.52,7
26,25,4,41.6,8,7.1,6,13.3,21.68,12
26,26,1,26.4,7,6.5,4.9,12,20.01,10
26,26,2,32,8,7.9,7.2,12.8,21.56,7
26,26,3,33.1,6,6.6,6,12.4,19.58,8
26,26,4,33.2,6,6.5,5.4,11.6,20.63,14
26,27,1,26.4,7,6.7,4.9,8.5,19.98,10
26,27,2,32,9,7,6.5,12.8,21.48,10
26,27,3,33.4,8,8,6.6,12.3,19.49,8
26,27,4,33.5,8,7.2,6,11.4,20.63,14
26,28,1,28.1,8,8.7,8,15.3,19.93,10
26,28,2,30.5,10,8.4,7.5,13.5,21.49,12
26,28,3,33.3,10,8.7,8,12.8,19.49,11
26,28,4,28.2,7,7.2,6,11.4,20.56,12
26,29,1,30.5,8,8.6,8.1,15.5,19.72,6
26,29,2,32,12,9.6,8.4,20.1,21.33,9
26,29,3,29,12,9.2,7.4,19.3,19.32,8
26,29,4,28.7,8,7.5,6,9.2,20.49,9
26,30,1,33.5,8,10.8,9.5,21,19.74,2
26,30,2,37.5,12,9,6.5,21.8,21.29,8
26,30,3,32.8,12,10.1,8.3,22.8,19.43,5
26,30,4,28.7,8,7.5,6,9.3,20.38,8
31,4,1,24.5,10,12.5,8.7,11,13.5,0
31,4,2,25.5,10,11.7,8,13.5,13.6,0
31,4,3,24,10,11.2,8.5,12.3,12.9,0
31,4,4,23,11,10.5,8.8,9.5,13.3,0
31,5,1,27.5,7,11.5,8.5,11.5,15.2,0
31,5,2,28,5,10.5,8,13,14.6,0
31,5,3,26.5,6,11.5,8.5,12.5,13.9,0
31,5,4,25,9,9.5,7.5,8.5,13.9,0
31,6,1,29.5,7,12,11,11,15.5,0
31,6,2,32,5,12.5,11,15,14.2,0
31,6,3,29,6,14.7,11,13,14.1,0
31,6,4,29.5,10,12.5,11,14,14.9,0
31,7,1,31,8,13,11.5,15.5,16.4,1
31,7,2,33.5,7,12.5,11,15,14.7,1
31,7,3,31.5,7,12.5,10.5,14,15.5,0
31,7,4,35,10,13.5,10.5,15,15,2
31,8,1,34.5,8,13.5,10,17.5,16.5,5
31,8,2,34,8,12.5,10.5,18,14.9,3
31,8,3,33,8,14.5,12,15,15.7,1
31,8,4,36,10,13,9.5,20.5,15.2,5
31,9,1,36,6,12,10.5,20,16.7,7
31,9,2,37,8,12.5,11,23,15.1,6
31,9,3,33,6,11.5,9.8,19,15.9,4
31,9,4,37,8,13.5,10,22,15.4,7
31,10,1,37,7,12.5,11,22.5,16.9,10
31,10,2,40,8,13.5,11.5,25.5,15.3,9
31,10,3,34,7,10.5,8.5,20,16.1,9
31,10,4,38.5,8,13.5,10,23,15.6,10
31,11,1,37.5,8,12,9,18,16.9,9
31,11,2,41,9,13.5,11.5,23,15.9,9
31,11,3,37.5,8,12.5,11,21.5,16.1,9
31,11,4,38.5,8,14,10,23.5,15.7,10
31,12,1,37.5,8,12,9,19,17,9
31,12,2,41,9,14.5,9.5,22,16.8,8
31,12,3,38.5,9,13,9,21,15.4,9
31,12,4,39,8,12,10,25,15.8,9
31,13,1,38,8,13,9,18,17.1,8
31,13,2,41.5,11,13,8.5,24,17.2,8
31,13,3,39,9,13,9.5,24,15.5,9
31,13,4,39,10,11.5,8.5,21.5,15.8,8
31,14,1,37.73333333,7,12.8,9,18,17.16333333,8
31,14,2,41.36666667,10,13.03333333,8.533333333,23.46666667,17.58,8
31,14,3,39.83333333,8,12.93333333,9.333333333,22.16666667,16.84,8
31,14,4,39.03333333,9,11.36666667,8.333333333,21.4,17.12666667,8
31,15,1,37.46666667,7,12.6,9,18,17.22666667,8
31,15,2,41.23333333,9,13.06666667,8.566666667,22.93333333,17.96,9
31,15,3,40.66666667,8,12.86666667,9.166666667,20.33333333,18.18,7
31,15,4,39.06666667,8,11.23333333,8.166666667,21.3,18.45333333,9
31,16,1,37.2,7,12.4,9,18,17.29,8
31,16,2,41.1,9,13.1,8.6,22.4,18.34,10
31,16,3,41.5,8,12.8,9,18.5,19.52,7
31,16,4,39.1,8,11.1,8,21.2,19.78,10
31,17,1,38.1,7,9,6.4,17,16.66,7
31,17,2,40.8,9,8.1,6,19.2,16.8,10
31,17,3,39.1,8,7.9,6.1,16.8,19.34,7
31,17,4,39.2,8,11.2,8.1,20.8,17.52,9
31,18,1,38.5,10,8.7,6.4,16.8,18.02,6
31,18,2,41.1,11,8.2,6,18.2,18.22,8
31,18,3,39.2,8,8.1,6.2,16.5,20.89,7
31,18,4,39.2,8,6.8,5.7,17.8,19.2,7
31,19,1,38,9,9,6.3,17.1,18.93,5
31,19,2,41.2,9,8.1,5.9,19.7,19.02,8
31,19,3,38.5,9,8.1,5.8,16.7,20.51,7
31,19,4,39.2,9,6.7,5.6,17.5,16.22,7
31,20,1,38.5,9,9,6.4,17.2,17,4
31,20,2,41.8,9,8.3,6.2,19.2,17.88,8
31,20,3,39.2,8,8.2,6.1,16.1,18.91,7
31,20,4,39.5,7,6.6,5.7,18.8,15.31,6
31,21,1,38.6,9,6.2,4.3,9,17.53,4
31,21,2,40.2,10,6,5.1,11,17.6,9
31,21,3,39.2,10,8.2,6,16.4,18.6,7
31,21,4,39.5,9,6.8,5.8,19.2,15.76,5
31,22,1,38.5,10,6.1,4.5,9.5,17.78,3
31,22,2,42,10,6.1,5.2,11.4,17.66,8
31,22,3,39.2,10,7,5.5,12,19.02,5
31,22,4,40.1,10,5.5,4.7,8.5,15.71,4
31,23,1,38.5,10,7.5,6.7,11.4,18.14,4
31,23,2,42,11,8.2,6.5,13,19.35,6
31,23,3,40,10,7.7,6.6,15.5,19.02,8
31,23,4,39.8,9,6.6,4.6,10,16.68,3
31,24,1,39.4,9,7.5,6.9,13.4,16.66,7
31,24,2,42.2,10,8.2,6.8,14.2,19.69,9
31,24,3,40.1,9,8.5,7.2,18.1,16.69,9
31,24,4,40.2,11,7.5,5.5,15.2,15.58,5
31,25,1,39,9,8.4,7.5,14.2,17.37,9
31,25,2,42.5,10,8.5,6.7,15,19.45,8
31,25,3,40.7,10,8.7,7.5,18.2,15.57,10
31,25,4,40.2,9,8.2,6.4,16.8,15.71,6
31,26,1,39.6,9,8.6,7.2,14.1,17.7,8
31,26,2,41,9,9.6,8.1,21.5,19.24,5
31,26,3,39.7,10,10.3,8.3,25.2,16.27,8
31,26,4,40.2,10,8.6,7.1,13,15.94,7
31,27,1,38.4,9,9.8,6.8,20.6,21.69,4
31,27,2,37.5,9,9.9,8.1,22.4,19.64,3
31,27,3,39.5,10,11.3,8,20.4,16.88,6
31,27,4,36.8,9,10.4,8.7,21.7,15.13,5
31,28,1,38.6,11,9.8,7.5,22.2,20.3,2
31,28,2,37.5,10,9.7,8.1,21.4,19.85,1
31,28,3,39,9,11.3,8.6,21.4,16.88,3
31,28,4,37.4,10,10.3,9,22.8,14.52,3
31,29,1,42.2,11,11,9.8,21.1,19.17,4
31,29,2,41,10,11.3,9.3,23,19.2,3
31,29,3,46.2,10,11.7,8.7,22.8,17.22,4
31,29,4,37.1,9,11.9,9.8,21.5,14.47,2
31,30,1,45.2,10,11,9,25.7,18.16,4
31,30,2,42,9,11.8,9.7,23.5,18.95,2
31,30,3,48.8,8,10.4,8.7,30.4,16.45,3
31,30,4,38,9,11,8,23.5,15.95,2
34,4,1,30,7,12,11,12.5,16.5,0
34,4,2,25.5,9,11.5,10.5,11,14.6,0
34,4,3,28,8,11,10.5,11.5,15.5,0
34,4,4,30.5,7,11.5,10,14,14.8,0
34,5,1,31,7,13.2,11.5,15.5,16.9,0
34,5,2,26.5,10,12,10.5,11.5,14.9,0
34,5,3,25,7,11,10.5,15.5,16,0
34,5,4,33,7,12,10,16,15,0
34,6,1,31,8,13.5,12,13,16.6,0
34,6,2,27,12,10.5,10,12.5,15,0
34,6,3,25,7,12.5,12,11.5,16.3,0
34,6,4,34,8,12,10.5,19,15.2,0
34,7,1,32,7,11.4,10.3,13,16.9,2
34,7,2,28,9,10.5,8.5,14.5,15.8,1
34,7,3,25,7,12.5,10,9,16.9,1
34,7,4,34,7,12,10.5,19,15.6,0
34,8,1,32,9,12,10.5,13.5,16.5,6
34,8,2,28,7,11,8.5,15,15.1,7
34,8,3,25,7,13,11,9.5,17.1,3
34,8,4,35,8,13.5,10,17.5,16,3
34,9,1,32,8,12,10,17.5,16.8,13
34,9,2,29,7,11.5,10,16.5,15.5,13
34,9,3,25,9,9.2,8,13.5,17.2,7
34,9,4,35,9,10.5,9.5,18,16.4,7
34,10,1,32.5,8,12.5,10,18,16.7,13
34,10,2,29.5,5,11.5,10,17,15.8,14
34,10,3,25.5,9,9.5,8,14,17.3,9
34,10,4,35.5,9,10.5,9.5,18,16.8,10
34,11,1,32.5,9,10.2,8,15,17.5,13
34,11,2,29.7,7,11.5,9,14.5,16.3,17
34,11,3,27.5,8,9,8,16,17.3,10
34,11,4,35.5,10,11,10,19,17.1,12
34,12,1,33,9,10.5,8,15,17.6,11
34,12,2,30,8,11.5,9,15.5,16.5,18
34,12,3,28.5,9,8.5,8,17,17.4,9
34,12,4,35.5,9,9,7,15,17.4,11
34,13,1,33.5,9,10.5,8,15,17.8,10
34,13,2,30,8,11.5,9,15,16.7,17
34,13,3,28.5,10,9,8,17,17.5,8
34,13,4,35.5,11,9.5,7,15,17.6,10
34,14,1,33.5,9,10.66666667,8,15.5,17.8,10
34,14,2,30,8,11.5,9,15.33333333,16.8,16
34,14,3,28.5,9,9,8,17,17.53333333,7
34,14,4,35.5,11,9.633333333,7.233333333,15.16666667,17.7,11
34,15,1,33.5,9,10.83333333,8,16,17.8,10
34,15,2,30,8,11.5,9,15.66666667,16.9,15
34,15,3,28.5,8,9,8,17,17.56666667,7
34,15,4,35.5,11,9.766666667,7.466666667,15.33333333,17.8,12
34,16,1,33.5,9,11,8,16.5,17.8,10
34,16,2,30,8,11.5,9,16,17,14
34,16,3,28.5,8,9,8,17,17.6,7
34,16,4,35.5,11,9.9,7.7,15.5,17.9,14
34,17,1,32,9,9.5,6,15,17.9,8
34,17,2,30,9,7.2,5.5,14,17.2,11
34,17,3,28.6,8,6.9,5,10.5,17.7,3
34,17,4,35.8,11,6.7,5.2,15.3,17.9,9
34,18,1,32.5,9,9.3,5.8,15,18,4
34,18,2,30.3,9,7.5,5.5,13,17.3,7
34,18,3,29,9,7,4.8,10.5,17.8,3
34,18,4,36,10,7,5,16,18,9
34,19,1,33,10,9.5,6,14.5,18.1,4
34,19,2,30.5,9,7.6,5.5,13.9,17.3,4
34,19,3,29,8,7.3,5.3,10,17.9,3
34,19,4,36.3,10,7.1,5.1,15.2,18.1,8
34,20,1,33.2,10,6.5,5.3,7.5,18.1,4
34,20,2,30.5,9,7.7,5.9,14.3,17.4,2
34,20,3,30.5,8,8.5,7.3,15.5,18,5
34,20,4,35,10,7,5.2,16.4,18.1,7
34,21,1,33.5,9,6.4,5.2,9.2,18.2,3
34,21,2,30.7,8,7.7,5.9,14,17.5,2
34,21,3,31.6,9,8.4,7.3,16.3,18.2,3
34,21,4,35,11,6.2,5.1,12,18.1,5
34,22,1,33.9,10,6.7,5.5,10,18.2,4
34,22,2,30.8,8,6.8,5.5,5.3,17.6,1
34,22,3,31.8,9,8.5,7.2,16.3,18.3,4
34,22,4,35.1,12,6.2,5.4,11,18.3,5
34,23,1,33.9,11,7.6,5.6,11,18.3,4
34,23,2,31,9,8,6.1,8,17.7,1
34,23,3,31.9,11,9,7.7,17,18.4,3
34,23,4,35.1,12,6.4,5.5,11.5,18.5,3
34,24,1,34,12,8.7,6.4,10.8,18.4,7
34,24,2,31.2,11,8.3,6.7,9.3,18,0
34,24,3,32,10,7.6,6.2,10,18.5,2
34,24,4,35.5,12,8.2,6,10.5,18.7,3
34,25,1,34.2,11,8.7,6.6,10.9,18.6,5
34,25,2,31.2,10,8.6,6.7,8.8,18.2,3
34,25,3,32.5,10,8,6.2,10,18.6,4
34,25,4,35.5,14,8.5,6.3,11,18.8,3
34,26,1,34.3,10,7.7,6.5,8.3,18.7,5
34,26,2,31.2,13,8.6,6.6,9.4,18.3,3
34,26,3,33,12,7.6,6.2,11,18.7,4
34,26,4,35.5,14,7.9,6.2,11.5,18.9,3
34,27,1,19.5,6,8.3,6.7,9.8,17.6,3
34,27,2,22.5,8,8.7,6.5,9,17.4,3
34,27,3,33.5,10,7.7,6.5,11,17.8,3
34,27,4,30,12,9.7,7.4,13.6,17.9,4
34,28,1,20.5,7,8.6,7,10.4,17.6,2
34,28,2,22.5,7,7.6,6.2,10.2,17.4,4
34,28,3,30.5,11,7.7,6.6,10.7,17.9,7
34,28,4,30.3,13,9.3,7.1,12.9,17.9,3
34,29,1,26.5,8,9.2,7.3,16.4,17.6,2
34,29,2,26,9,8.6,7.6,16.3,17.4,6
34,29,3,32.2,13,7.7,6.9,10.2,17.9,6
34,29,4,35,16,9,8.1,14.1,17.9,2
34,30,1,28,7,9.8,8,16.5,17.6,3
34,30,2,32.8,9,9.3,8.4,17.7,17.5,4
34,30,3,33,9,10.1,7.9,16.2,17.9,7
34,30,4,35.5,14,11.1,8.5,19.8,17.9,3
38,4,1,25.99,6,9.39,7.31,11.35,13.13,0
38,4,2,25.87,6,9.09,7.02,11.55,12.82625,0
38,4,3,23.96,5,8.53,6.85,11.12,12.16875,0
38,4,4,27.36,6,8.31,6.78,12.64,12.78875,0
38,5,1,29.1,3,8.7,7,8.8,13.11,0
38,5,2,24.6,5,9.8,8.2,11.6,12.79,0
38,5,3,23.1,5,8.8,7.2,8.9,12.91,0
38,5,4,32.5,4,8.5,7.1,10.2,12.65,0
38,6,1,29.2,5,8.1,6.7,4,14.41,0
38,6,2,24.2,5,7.1,8.3,5.4,13.55,0
38,6,3,23.1,4,8.5,7.3,5.5,13.73,0
38,6,4,28.5,5,8.5,7.1,6.1,14.24,0
38,7,1,28.4,6,9.1,7.5,9.4,14.76,0
38,7,2,23.4,6,8.1,7.7,6,13.79,0
38,7,3,21.7,5,9.2,7.7,9,14.37,0
38,7,4,26.5,6,8.4,7.3,7.2,15.8,0
38,8,1,18,8,10.1,8.5,5.8,16.06,0
38,8,2,23.1,7,8.6,8,8,15.4,0
38,8,3,21,6,9.9,9.3,7.2,15.5,0
38,8,4,20.6,6,9.1,8.5,6,15.61,0
38,9,1,19.1,9,10,8.6,6.7,16.86,1
38,9,2,22.8,9,10.1,9.1,8,15.84,0
38,9,3,20.5,7,10,8.9,8.4,14.94,1
38,9,4,21.7,7,10.2,9.6,12.7,16.77,1
38,10,1,21.1,6,9.9,8,9.8,15.49,3
38,10,2,23.1,8,9.4,8.3,8.8,16.18,3
38,10,3,21.2,7,10.2,9.1,10.3,16.1,6
38,10,4,20.5,6,10.2,8.5,8.1,15.37,4
38,11,1,22.4,6,10.5,8.4,10.7,16.5,9
38,11,2,22.6,7,9.8,8.5,10,16.48,6
38,11,3,22.4,7,10.4,9.6,10.5,16.09,8
38,11,4,22.5,7,10.2,9,9.4,15.87,7
38,12,1,23,7,10.5,8.4,10.7,16.77,9
38,12,2,23.3,7,10.1,8.8,9.8,17.93,7
38,12,3,22.8,8,10.8,9.9,11.3,17.9,8
38,12,4,22,7,10.6,9.2,10.1,17.67,8
38,13,1,23.1,7,10.3,8.4,10.6,18.06,9
38,13,2,23.4,7,10,8.9,10.1,18.42,7
38,13,3,22.7,8,8.5,8.1,12.4,17.51,8
38,13,4,22,7,10.6,9.1,9.6,17.38,8
38,14,1,23.4,8,10.3,8,11.7,18.09,10
38,14,2,23.6,8,9,8,10.2,18.01,7
38,14,3,23.7,9,9.4,7.8,10.2,17.87,8
38,14,4,23.5,8,9.7,7.8,9.6,17.16,9
38,15,1,22.95,8,10.4,7.25,10.9,18.145,10
38,15,2,23.55,8,9,7.95,10.55,18.445,7
38,15,3,23.9,9,9.55,7.8,10.75,18.57,6
38,15,4,23.5,8,9.9,7.8,9.95,16.465,9
38,16,1,22.5,9,10.5,6.5,10.1,18.2,11
38,16,2,23.5,9,9,7.9,10.9,18.88,7
38,16,3,24.1,10,9.7,7.8,11.3,19.27,5
38,16,4,23.5,8,10.1,7.8,10.3,15.77,9
38,17,1,23.8,8,6.7,7.5,10.1,16.62,10
38,17,2,23.5,8,9.1,7.8,11.1,17.69,7
38,17,3,24,8,9.7,8,10.1,16.27,5
38,17,4,23.5,8,9.8,7.8,10.5,14.82,11
38,18,1,24,8,7.5,6.5,10,17.88,8
38,18,2,23.8,8,7.5,6.3,8.3,17.91,5
38,18,3,22.5,9,9.4,7.8,11.1,16.5,1
38,18,4,23.6,9,7.5,6.2,9.5,14.81,7
38,19,1,22.7,9,7,6.1,11.1,17.96,4
38,19,2,23.8,9,7.4,6.5,8.2,18.3,4
38,19,3,23.2,9,6.1,5,8.5,16.73,1
38,19,4,23.4,8,7.6,6.2,9.5,15.67,5
38,20,1,24,9,7.2,5.9,11.4,15.67,4
38,20,2,23.8,10,7.5,6.3,8.1,17.5,3
38,20,3,24.2,10,6.2,5.1,8.5,15.76,1
38,20,4,24,9,7.4,6.1,10,16.6,4
38,21,1,23.7,9,7,6,11.2,16,3
38,21,2,23.5,9,7.5,6.4,9,18.1,5
38,21,3,23.8,10,6.4,5.1,9,18.1,5
38,21,4,23.5,9,7.4,6.3,9.5,16.71,5
38,22,1,23.5,10,7,6,11.2,17.02,2
38,22,2,24,10,6.4,5.7,6.5,19.72,7
38,22,3,24.5,10,6.7,5.6,8.5,17.01,4
38,22,4,24.2,10,5.5,5,6,16.1,3
38,23,1,23.2,10,7.8,6.8,10.5,16.74,3
38,23,2,24,11,6.6,6.1,7.5,20.64,4
38,23,3,23.7,11,7,6,6.6,17.65,5
38,23,4,23.7,10,5.5,5.5,7.7,16.1,5
38,24,1,23.4,10,6.7,5.1,10.3,17,3
38,24,2,24.2,11,7.8,6.9,8,19.4,5
38,24,3,24.3,10,8.2,6.4,9.1,17.73,7
38,24,4,24.4,11,7.1,6.2,8.8,18.06,6
38,25,1,21,8,5.5,4.8,10.5,14.77,4
38,25,2,19.3,8,8,7.1,8.8,14.24,5
38,25,3,23.2,10,8.5,9.8,10.2,19.04,6
38,25,4,18.8,8,7.4,6.4,9,18.6,11
38,26,1,21.2,9,10.4,7.1,7.3,15.13,4
38,26,2,20.2,10,8.3,7.6,9,14.37,6
38,26,3,25.4,9,8.5,7.4,14,20.23,3
38,26,4,22,8,8.4,7,10.2,19.3,9
38,27,1,22,9,8.1,7,11.7,15.33,0
38,27,2,22.6,9,9.1,8.1,11.4,14.46,2
38,27,3,28.4,10,8.5,7.8,13.2,20.23,4
38,27,4,24.7,8,8,7.6,13.7,19.04,3
38,28,1,25,9,9.3,8.6,13.7,15.6,0
38,28,2,21.5,9,8.3,7,10.2,18.05,3
38,28,3,27.4,9,8.3,7,10.2,18.05,5
38,28,4,27.2,8,8.3,6.5,12.2,24.71,3
38,29,1,25.5,8,8.6,7.4,12.5,14.64,0
38,29,2,23,8,8.5,7,10.5,13.73,4
38,29,3,29.7,8,8.4,7.3,17.5,24.83,4
38,29,4,29,9,9.4,7.5,15,23.77,3
38,30,1,25.5,9,8.9,7,9,15.15,1
38,30,2,4.5,9,8.2,7.4,12,14.12,2
38,30,3,31,8,8.7,7.4,18.3,24.83,3
38,30,4,39.5,8,9.6,7.6,16.1,23.58,3
49,4,1,20,8,7.3,7,6.7,13.13,0
49,4,2,22,5,9.3,9.5,10.5,12.78875,0
49,4,3,21.7,5,8.4,8,9.4,12.16875,0
49,4,4,23.5,5,8.7,9.4,7.3,12.78875,0
49,5,1,18.5,6,7.4,7.5,7.3,12.3,0
49,5,2,23.3,4,9.6,8.1,9.5,13.9,0
49,5,3,22.5,5,9.6,9,10.5,14.82,0
49,5,4,20.4,4,10.7,9.5,8.3,16.92,0
49,6,1,18.5,9,6,5.5,5.7,19.66,0
49,6,2,23.3,5,9,8.8,11.5,15.45,0
49,6,3,24,6,9.8,8.6,10.6,15.75,0
49,6,4,22.5,4,10.7,9.8,11.7,15.79,2
49,7,1,19,10,9,6.6,8,21.38,1
49,7,2,23.3,5,9,8.8,11.5,19.14,1
49,7,3,25.3,6,10,8.9,10.8,16.55,2
49,7,4,24.5,5,11.5,10.3,12,16.44,3
49,8,1,19.1,7,6.1,5.1,10.1,19.82,3
49,8,2,23.4,5,9,8.8,11.5,19.14,3
49,8,3,26.7,7,10.4,9,16.3,17.27,5
49,8,4,26.2,4,11.3,10.2,12.5,16.7,7
49,9,1,20,7,6.8,5.6,11.4,20.07,4
49,9,2,23.8,6,8.5,7,11.6,19.27,7
49,9,3,28.5,8,10.5,8,18,17.4,9
49,9,4,26.4,5,11.7,10.4,13,17.48,9
49,10,1,20.8,9,8.1,6.5,9.5,22.09,4
49,10,2,26,7,9.6,7.6,14.5,22.42,7
49,10,3,30,8,10.5,8.3,18.5,18.69,10
49,10,4,27.7,5,12,10.5,13.2,18.4,10
49,11,1,21.8,9,8.3,6.6,9.7,22.1,4
49,11,2,27.2,7,9.8,7.9,15,22.5,7
49,11,3,31,8,10.5,8.5,18.8,19.18,11
49,11,4,28,5,12,10.7,13.5,18.56,10
49,12,1,22,11,6.3,5.2,13.5,22.26,4
49,12,2,28.5,7,10,8.5,16,23.88,6
49,12,3,32,9,10,7.3,16,21.09,10
49,12,4,29,6,10.2,7.7,15,18.62,9
49,13,1,22.5,11,6.8,5.2,13.8,22.56,3
49,13,2,28.8,8,7.5,6.2,16.5,24.84,6
49,13,3,32,10,7,6,17,22.05,9
49,13,4,29.3,6,10.2,7.7,15,20.55,7
49,14,1,23.3,12,7,5.3,14,24.23,3
49,14,2,29.1,8,8,6.4,16.8,24.96,6
49,14,3,32.5,9,7.4,6,15.3,22.87,9
49,14,4,29.6,7,6.6,5.5,12.5,20.55,7
49,15,1,23.7,12,7.3,5.5,14.2,25.02,3
49,15,2,29.5,8,8.3,6.5,17,25.78,4
49,15,3,32.6,9,7.4,6.3,15.4,23.51,8
49,15,4,29.6,7,6.8,5.6,12.5,20.67,7
49,16,1,24.1,12,7.4,5.9,14.7,25.71,5
49,16,2,29.7,6,7,4.9,14.5,26.44,4
49,16,3,33,8,7.7,6.6,15.6,23.92,7
49,16,4,29.9,7,7,5.8,12.6,21.46,8
49,17,1,24.4,12,7.7,6.2,14.9,27.77,9
49,17,2,29.9,6,7,5.1,14.5,27.35,4
49,17,3,33,8,7.7,6.6,15.7,25.12,6
49,17,4,30.1,7,7.2,6.1,12.8,23.86,11
49,18,1,24.5,12,7.8,6.5,15.2,29.68,10
49,18,2,30.2,6,7,5.3,14.8,29.5,6
49,18,3,33.1,8,7.9,6.9,15.8,26.47,5
49,18,4,30.3,7,7.5,6.1,13,25.19,9
49,19,1,24.8,11,7.8,6.6,15.4,29.7,11
49,19,2,30.3,6,7.2,5.6,14.9,29.82,7
49,19,3,33.1,8,8,6.9,15.8,27.25,6
49,19,4,30.5,7,7.7,6.4,13.3,26.79,8
49,20,1,25,11,8.1,6.7,15.4,30.56,13
49,20,2,30.5,7,5.4,4.5,11.7,30.36,7
49,20,3,33.3,8,8.3,7.1,16,28.94,8
49,20,4,30.5,8,5.4,4.2,13.8,29.38,8
49,21,1,25.2,11,8.3,6.8,15.5,31.72,13
49,21,2,30.7,7,5.7,4.7,12,31.48,8
49,21,3,33.3,8,8.5,7.3,16.3,30.12,9
49,21,4,30.7,8,5.6,4.5,14,30.15,8
49,22,1,24.8,10,8.4,6.8,15.8,31.84,13
49,22,2,31,7,5.9,4.8,12.2,32.55,9
49,22,3,27.7,7,8.8,7.5,16.5,31.57,7
49,22,4,32,7,5.9,4.7,14.1,31.81,8
49,23,1,25,10,8.6,6.9,15.9,32.16,11
49,23,2,31.2,7,6.1,5,12.4,32.94,12
49,23,3,27.9,7,8.9,7.7,16.7,32.34,9
49,23,4,32.1,7,6.2,4.9,14.2,32.73,8
49,24,1,25.3,10,8.8,7.1,16,33.09,7
49,24,2,31.4,7,6.3,5.3,12.6,33.62,12
49,24,3,28.1,7,9,7.8,16.8,33.16,10
49,24,4,32.3,7,6.3,5.2,14.4,33.7,7
49,25,1,20,5,8.9,7.2,16,33.73,3
49,25,2,32,6,6.5,5.5,12.7,34.05,7
49,25,3,23.1,5,9,7.9,16.8,33.6,10
49,25,4,28.2,6,6.5,5.3,14.6,34.28,2
49,26,1,20.5,7,3.6,3,12,33.84,2
49,26,2,32.3,6,6.7,5.8,12.9,34.25,6
49,26,3,23.5,5,9.3,8.2,17.2,33.71,8
49,26,4,29.4,6,6.7,5.7,14.9,34.35,2
49,27,1,20.8,8,3.2,2.5,10.5,33.98,0
49,27,2,32.8,7,5.4,4.2,11.2,34.36,3
49,27,3,24.7,6,8.2,6.5,13.4,34.12,8
49,27,4,30.2,8,5.4,3.5,10.2,34.45,1
49,28,1,22.5,9,2.8,2.1,8.7,34.25,0
49,28,2,33.2,7,6.2,5.4,13.4,34.45,1
49,28,3,26.5,6,8.5,6.8,15.2,34.23,3
49,28,4,31.8,9,3.5,2.8,8.5,34.58,0
49,29,1,24.6,10,2.5,2,8.2,34.54,1
49,29,2,33.8,8,5.4,4.9,10.5,34.68,1
49,29,3,27.2,7,7.5,6.3,13.7,34.45,1
49,29,4,32.3,10,3.3,2.5,7.7,34.67,0
49,30,1,25.2,10,2.8,2.4,8.7,34.68,3
49,30,2,34.5,8,5.9,5.1,10.9,34.72,2
49,30,3,27.8,7,8.1,6.8,14.5,34.55,3
49,30,4,33.2,10,3.8,2.9,8.2,34.78,1
