농가명,week,week_start_date,온도_외부_max,온도_외부_min,온도_외부_mean,온도_내부_max,온도_내부_min,온도_내부_mean,상대습도_내부_max,상대습도_내부_min,상대습도_내부_mean,잔존CO2_max,잔존CO2_min,잔존CO2_mean,토양온도_max,토양온도_min,토양온도_mean
2,1,2020-09-15 0:00,27.3,4.6,17.31458333,30.5,7,19.82291667,98.5,50.7,87.15208333,437,338,381.4652778,23.3,16.1,20.025
2,2,2020-09-22 0:00,26.2,4.2,16.74404762,31,11.4,19.58095238,98.3,53.5,83.83095238,442,337,385.9166667,21.5,17,19.43571429
2,3,2020-09-29 0:00,26.4,3.5,14.39281437,30.7,7,17.1502994,98.4,45.2,79.63772455,457,346,384.7724551,30.7,7,18.31377246
2,4,2020-10-06 0:00,24.7,5.6,15.88809524,30.2,7,18.21785714,98.4,43.9,78.3077381,442,336,382.5952381,19.8,14.7,18.01666667
2,5,2020-10-13 0:00,23.9,1,10.37857143,28.4,4.5,14.03035714,98.1,37.2,81.77083333,683,354,446.7678571,19.3,12,14.97440476
2,6,2020-10-20 0:00,23.6,0.6,10.54107143,28.2,8,15.38095238,98.3,40.3,83.66845238,727,347,474.125,17.3,13.7,15.52261905
2,7,2020-10-27 0:00,22.5,-0.4,10.0297619,29.1,10.2,16.43928571,98.3,43.1,86.23809524,1378,341,555.2576687,18.1,14.6,16.56964286
2,8,2020-11-03 0:00,21.3,-3,7.345238095,29.1,11,17.01845238,98.2,39.4,84.62797619,1243,317,576.4363636,18.4,15.1,16.87261905
2,9,2020-11-10 0:00,21.5,-3.5,7.354761905,32.5,12.6,18.14107143,98.2,51.2,86.1875,1252,318,640.1233766,19,16.2,17.77321429
2,10,2020-11-17 0:00,21.6,-1.4,10.41428571,27.5,12.7,17.0577381,98.5,62.5,94.96190476,1392,325,610.2457627,18.5,15.3,17.20714286
2,11,2020-11-24 0:00,13.9,-6.5,3.485714286,28.3,11.5,16.2172619,98.2,60.9,92.34251497,1307,289,731.6412214,17.5,14.6,16.13333333
2,12,2020-12-01 0:00,10.7,-8.1,0.741071429,31.2,11.3,15.8547619,98.1,68,93.83928571,1322,282,734.1712329,17.3,14.6,16.00357143
2,13,2020-12-08 0:00,11.8,-8.4,1.476785714,31.9,11.1,16.01011905,98.3,77.4,94.4577381,1365,239,804.4049587,17.8,13.8,16.0297619
2,14,2020-12-15 0:00,7.2,-10.7,-2.867261905,27.7,10.3,15.29583333,98.2,74.4,93.72083333,1397,301,798.9237288,17,13.5,15.27321429
2,15,2020-12-22 0:00,13.2,-6.3,1.614880952,28,11.1,15.3297619,98.2,74.7,95.03214286,1395,273,837.7681159,16.8,13.8,15.31190476
2,16,2020-12-29 0:00,10.1,-13.5,-3.823214286,28.1,9.9,15.09107143,98.1,73.9,94.88095238,1392,279,805.0967742,16.6,13.5,15.12857143
2,17,2021-01-05 0:00,1.7,-17.5,-7.913690476,29.3,9.3,14.48571429,97.9,71.2,94.71071429,1342,343,818.3536585,16.7,12.7,14.61547619
2,18,2021-01-12 0:00,12.4,-9,0.264880952,28.2,10.1,15.68630952,98.2,74.5,95.0702381,1280,201,659.1967213,17.3,13.1,15.43154762
2,19,2021-01-19 0:00,17.3,-10.6,3.35297619,29.9,10.3,16.67619048,98.2,74.8,94.60059524,1345,220,735.3191489,18.5,13.8,16.35714286
2,20,2021-01-26 0:00,9.8,-9.2,-0.133333333,31.5,9.7,16.07222222,98.2,67.8,94.15138889,1391,235,681.7922078,18.5,13.4,16.15347222
2,21,2021-02-02 0:00,15.1,-9.2,1.324404762,31.5,10.3,16.18571429,98.1,67.8,90.89761905,1022,281,611.8219178,18.1,14.4,16.06488095
2,22,2021-02-09 0:00,15.1,-7.3,1.056547619,31.2,10.3,15.99285714,98.4,65.4,89.60595238,945,221,525.6058394,18.1,14.3,15.925
2,23,2021-02-16 0:00,23.8,-7.2,3.69702381,30.9,9.6,16.10714286,98.3,48.3,88.30416667,1284,262,535.5144928,17.8,13.1,15.66369048
2,24,2021-02-23 0:00,14.8,-3.5,5.480357143,28.9,9.2,15.07797619,98.2,50.4,88.65059524,1243,315,551.343949,18.2,13.2,15.45416667
2,25,2021-03-02 0:00,19,-3.8,5.01547619,31.1,9.1,15.175,98.1,46.4,87.83809524,1304,296,530.0928571,16.9,12.9,15.03571429
2,26,2021-03-09 0:00,20.7,-0.4,7.15297619,31.1,9.3,15.49107143,98.3,49.1,89.19642857,1267,291,546.5503356,17.6,13.6,15.41369048
2,27,2021-03-16 0:00,20.5,-1.8,9.032738095,27.6,8.8,15.85,98.3,41,83.58392857,1198,302,522.12,18.1,13.6,16.01428571
2,28,2021-03-23 0:00,23.5,-3.7,9.968452381,28.6,9.9,16.68035714,98.3,38.9,83.2952381,1339,305,542.409396,18.2,14.2,16.22261905
2,29,2021-03-30 0:00,24.6,-1.9,12.63690476,29.5,9.7,17.00357143,98.4,36.9,82.07797619,1194,345,482.8597561,19.1,14.4,16.84940476
2,30,2021-04-06 0:00,23.8,-0.1,12.23035714,27.5,9.2,16.11428571,98.2,40.1,80.01547619,1267,350,489.9757576,16.9,13.6,15.28809524
2,31,2021-04-13 0:00,21.9,-1.3,11.00416667,29.6,9.7,15.73333333,98.3,37.6,79.92261905,1194,342,472.7256098,17.8,13.6,14.9952381
2,32,2021-04-20 0:00,32.2,2.5,18.47142857,34.1,9.8,20.19404762,98.3,34.4,67.40119048,776,352,426.7738095,20.6,15.3,18.43928571
2,33,2021-04-27 0:00,25.9,3.8,14.08809524,32,7.4,17.5827381,98.4,46.5,80.13630952,615,337,386.7202381,20,13.6,17.05952381
2,34,2021-05-04 0:00,26.4,-9,13.62440476,31.1,6.8,17.7797619,98.4,42,80.38988095,658,332,393.3690476,20.3,14.5,16.9875
2,35,2021-05-11 0:00,33.3,10.9,20.16607143,31.9,11.1,20.7547619,98.9,53.7,88.04464286,686,328,388.1845238,22.6,14.6,18.99404762
2,36,2021-05-18 0:00,29.7,9.5,18.14464286,33.5,11.6,19.89345238,98.5,49.1,89.07916667,483,329,392.3511905,21.4,16.1,18.58690476
2,37,2021-05-25 0:00,31.6,6.1,17.27202381,36.5,10.3,19.73630952,98.5,51.2,85.97083333,435,311,377.4642857,22.7,15.6,18.26190476
2,38,2021-06-01 0:00,32.7,10.3,20.94821429,39.2,11.7,23.29107143,98.6,51.1,84.85535714,472,318,390.9940476,26.2,15,20.8827381
2,39,2021-06-08 0:00,34.6,15.6,23.62083333,42.5,16.5,26.37916667,98.6,52.7,81.07083333,475,347,402.0833333,26.4,19.7,23.35416667
4,1,2020-09-20 0:00,26.4,6.3,15.5625,32.6,11.2,19.57321429,91,31.4,68.92321429,710,470,554.6011905,31.7,13.3,20.85178571
4,2,2020-09-27 0:00,27.1,7,15.37083333,32.8,13.8,21.46011905,87.4,32.3,67.56488095,804,467,593.5654762,36.2,15.1,21.78154762
4,3,2020-10-04 0:00,23.3,1.4,11.75178571,34.9,9,17.48511905,86.4,29.2,64.48154762,814,476,608.4166667,29.9,11.1,19.29761905
4,4,2020-10-11 0:00,22.8,2.2,11.23035714,28.9,10.4,17.65833333,88.5,25,67.19047619,879,485,642.2678571,25.6,14.2,18.8202381
4,5,2020-10-18 0:00,25.4,0.2,10.62202381,32.6,8.4,17.80357143,83.4,19,65.00357143,1273,444,643.0914634,27.5,12.6,18.86011905
4,6,2020-10-25 0:00,22.5,-0.3,10.18862275,32.2,9.5,18.48143713,85.5,26.6,66.4760479,873,412,644.7664671,26.1,13.3,19.12215569
4,7,2020-11-01 0:00,19.6,-2.9,8.616071429,30.9,8.4,17.2047619,91.2,22.4,76.49702381,1383,360,640.3493976,26.2,13,18.77440476
4,8,2020-11-08 0:00,19.8,-2.8,6.491666667,31.2,9.3,16.62797619,92.2,34,77.47380952,1333,344,643.1621622,26.5,13.6,18.43690476
4,9,2020-11-15 0:00,,,,27.2,9.1,15.70709677,95.3,51.5,83.3283871,1351,347,699.4391892,22.9,12.5,17.41612903
4,10,2020-11-22 0:00,13.4,-2.3,3.337692308,28,8.9,14.45833333,89.8,39.8,80.125,1303,322,662.7320261,25,12.6,17.26309524
4,11,2020-11-29 0:00,10.3,-6.5,0.455952381,25.2,8.2,13.27857143,88.8,61.2,80.5922619,1286,296,669.1681416,22.3,13.2,16.34464286
4,12,2020-12-06 0:00,10.4,-6.5,2.535802469,24.8,8.7,13.49012346,92.2,60.6,83.68024691,1330,249,686.1167883,22,13.2,16.4617284
4,13,2020-12-13 0:00,3.9,-12.7,-4.947619048,24.8,7.9,12.36785714,87.7,73.8,82.88630952,1397,295,746.9625,21.6,12.5,15.37142857
4,14,2020-12-20 0:00,8.2,-10.1,-0.360714286,24.7,7.7,12.63214286,88.2,65.2,83.17559524,1369,272,627.3363636,22.4,12.4,15.66607143
4,15,2020-12-27 0:00,13,-14.6,-3.242261905,24.7,7.5,11.75119048,89.2,70.2,83.41547619,1392,294,687.3809524,21.4,11.8,14.875
4,16,2021-01-03 0:00,1.6,-20.6,-8.510119048,23,6.6,10.98690476,87.7,55.8,81.1702381,1395,333,832.8983051,21.2,11.3,14.43214286
4,17,2021-01-10 0:00,12,-17.2,-2.381547619,25.4,5.9,11.44107143,90.4,55.7,83.90892857,1381,312,800.5048544,22.5,11.6,15.21607143
4,18,2021-01-17 0:00,12.8,-14.2,-0.453571429,26.4,6.7,12.42440476,94,59.6,85.0172619,1380,312,741.8629032,23.1,11.8,15.8922619
4,19,2021-01-24 0:00,15.3,-10.4,0.67797619,28.2,7.1,13.10416667,94.2,62.6,84.32738095,1387,277,699.2592593,23.9,12.7,16.45
4,20,2021-01-31 0:00,12.9,-10.8,0.104761905,28.4,7.1,14.34642857,93.2,48.8,82.16666667,1381,267,667.2272727,24.1,13.6,17.58809524
4,21,2021-02-07 0:00,18.3,-8,2.339880952,31.3,7.1,14.92380952,92.5,52.3,81.16666667,1358,266,667.1055901,24.1,13.7,17.91369048
4,22,2021-02-14 0:00,17,-9.7,0.047619048,29.2,7.3,14.18809524,92.8,39.8,81.06190476,1354,265,662.2653061,24.1,13.6,17.27857143
4,23,2021-02-21 0:00,23.1,-4.2,5.447619048,28.9,7,14.42916667,95.5,31.4,76.19642857,1361,224,666.8536585,24.4,13.6,17.86309524
4,24,2021-02-28 0:00,17.3,-3.5,5.353571429,25.3,6.9,13.75833333,93.8,43.2,81.04583333,1158,209,619.19375,24,13.2,17.29047619
4,25,2021-03-07 0:00,19.8,-1.6,7.335714286,25.2,7.3,14.4452381,93,30.1,76.57559524,1142,216,671.8630952,23.8,13.6,17.51369048
4,26,2021-03-14 0:00,20.8,-0.8,10.22321429,25.9,7.9,15.27380952,94,24.7,72.04761905,1093,266,673.6964286,23.6,13.6,17.97440476
4,27,2021-03-21 0:00,23.8,-1.3,9.326190476,27.6,6.7,14.86845238,90.8,22,68.13809524,1038,298,648.7559524,25.3,13.2,17.79642857
4,28,2021-03-28 0:00,26.2,0.9,13.24464286,27.9,6.3,15.96547619,95.8,18.8,68.7,1238,299,647.988024,28.4,12.1,18.61488095
4,29,2021-04-04 0:00,22.8,1.7,12.04107143,29,7.4,16.77083333,91.6,20.3,63.26547619,1082,263,626.75,28.4,12.1,18.96309524
4,30,2021-04-11 0:00,24.6,1,11.00952381,30,7.1,16.07321429,93.5,19.2,66.58988095,1112,313,642.7300613,25.6,13.2,18.51785714
4,31,2021-04-18 0:00,31.1,1,16.41964286,32.4,8.1,19.0125,92.8,19.7,51.07261905,1031,374,594.7797619,29.1,13.8,20.5
4,32,2021-04-25 0:00,26.1,6.2,14.71011905,29.4,8.2,17.20714286,89.5,21,61.02738095,982,338,570.3869048,27.9,14.6,19.08452381
4,33,2021-05-02 0:00,24.3,4,14.60952381,28.6,10,18.05178571,95.8,22.5,64.13630952,1005,342,624.9583333,26.7,14.8,20.06607143
4,34,2021-05-09 0:00,32.2,8.7,19.03869048,33.9,11.3,20.40357143,92,25.6,65.61547619,831,281,576.3452381,32.4,16,22.1547619
4,35,2021-05-16 0:00,29.3,11.7,18.42797619,33.5,13.4,19.59761905,92.8,30.5,75.14285714,814,332,557.4345238,33.5,15.5,21.6077381
5,1,2020-09-06 0:00,29.2,13,18.49047619,38.4,18.1,23.45357143,93.3,35,78.85297619,656,487,546.422619,27.7,18.8,22.07142857
5,2,2020-09-13 0:00,32.7,9.9,18.58035714,38,13.9,23.01428571,95.7,31.8,75.31964286,705,493,554.0595238,27.9,17.3,20.83869048
5,3,2020-09-20 0:00,31.3,5.8,17.02321429,33.6,10.8,20.85,92.3,27.5,67.69107143,702,503,565.6428571,23.3,14.7,18.96845238
5,4,2020-09-27 0:00,31.1,6.7,16.60654762,35.2,11.3,20.98988095,91.5,32.4,70.54880952,745,503,584.5178571,24.3,15.5,19.90059524
5,5,2020-10-04 0:00,26.9,0.7,13.02083333,32.2,7.9,19.35357143,93.9,30.4,71.89702381,935,508,618.827381,22.7,14.6,19.74821429
5,6,2020-10-11 0:00,27.2,-1.8,10.0702381,33.4,9.6,18.13928571,94.9,31.5,76.9547619,1008,483,687.2261905,21.3,14.7,18.13452381
5,7,2020-10-18 0:00,26.7,-6.3,7.81547619,33.5,8,17.48333333,95,30.6,77.23988095,983,473,686.8690476,20.7,14.5,17.73809524
5,8,2020-10-25 0:00,26,-6.8,7.197619048,33.6,8.9,18.73690476,94.8,39.6,77.93869048,1058,481,706.1190476,21.2,16.6,18.91369048
5,9,2020-11-01 0:00,19,-10.3,6.001190476,30.6,9.3,17.2875,96.7,34.7,86.16845238,1258,375,735.0658683,21.6,16,18.59583333
5,10,2020-11-08 0:00,22.2,-10.6,3.992261905,32.2,9.4,17.60297619,95.8,56.8,85.61845238,1159,381,717.7738095,21.1,15.9,18.28214286
5,11,2020-11-15 0:00,22.9,-7.4,6.910119048,32.5,9.1,16.4125,97.6,54.5,90.48511905,1105,318,719.9583333,20,13.8,17.20178571
5,12,2020-11-22 0:00,15.8,-35.7,2.544047619,33,7.3,14.55952381,97.1,50.5,87.24702381,1052,234,624.8630952,17.9,13.2,15.40952381
5,13,2020-11-29 0:00,10.1,-7.8,0.041071429,30.8,7.3,13.51309524,96.3,57.5,87.61071429,1076,218,635.047619,18.5,12.4,14.73988095
5,14,2020-12-06 0:00,12.1,-9,1.779166667,30,6.9,13.21607143,97.2,55.4,89.28392857,1083,242,607.1369048,17.5,11.6,14.025
5,15,2020-12-13 0:00,6.4,-14.8,-5.219047619,28.9,5.5,11.51488095,96.8,59.1,88.50714286,1355,222,641.0888889,18.3,9.9,12.725
5,16,2020-12-20 0:00,10.5,-11.9,-0.663690476,33,6.3,13.12619048,96.7,58.8,88.63690476,1233,220,623.5802469,18.8,12.7,14.88154762
5,17,2020-12-27 0:00,18.7,-15.2,-3.554166667,30.6,6.1,12.46904762,96.6,63.1,89.52857143,1395,223,649.0434783,18.8,10.7,13.8202381
5,18,2021-01-03 0:00,2.5,-21.2,-8.661904762,30.2,6,12.0297619,96.5,63,87.85535714,1375,207,594.0940171,18.1,10.5,13.26785714
5,19,2021-01-10 0:00,13.5,-18.2,-2.675,29.7,6.7,13.58392857,96.9,61.5,88.77321429,1247,210,645.525974,19.9,12.7,14.94880952
5,20,2021-01-17 0:00,13,-15.3,-0.535119048,31,7.3,13.81964286,97.2,58.8,89.12083333,1344,208,575.7304965,19.2,11,14.6625
5,21,2021-01-24 0:00,15.6,-11.1,0.3875,32.6,8.1,13.67619048,97.1,48.6,87.96011905,1331,208,650.9276316,18.9,12.5,14.94702381
5,22,2021-01-31 0:00,11.6,-11.6,-0.085714286,32.3,7.8,15.2327381,96.9,48.1,83.92559524,1397,257,653.0062112,18.9,12.8,15.41011905
5,23,2021-02-07 0:00,18.6,-9.4,2.036309524,33.2,7.6,15.64940476,96.9,33,80.9625,1377,229,678.2181818,18.6,12.8,15.43154762
5,24,2021-02-14 0:00,18.7,-10,0.250595238,31.9,8.5,15.31904762,96.8,34.2,81.7577381,1351,235,663.8198758,18.9,12.1,15.25833333
5,25,2021-02-21 0:00,22.4,-6.8,5.491666667,33.5,8.3,16.57083333,95.9,27.2,77.12083333,1320,259,676.8292683,19.3,13.2,16.0422619
5,26,2021-02-28 0:00,18.8,-5.2,4.930357143,35.6,7.9,15.38988095,96.1,35.3,83.41369048,951,255,639.8154762,19.4,13,15.75416667
5,27,2021-03-07 0:00,20.6,-3.5,7.069047619,33.3,8.4,16.0952381,95.5,25.5,77.85595238,1073,293,667.2559524,18.8,13.2,15.89702381
5,28,2021-03-14 0:00,22.5,-2.5,9.955952381,30.7,9,17.25238095,95.5,23.3,75.07916667,1041,291,667.9821429,19.9,14.1,16.95119048
5,29,2021-03-21 0:00,25.9,-1.3,9.1625,34.5,9,16.83809524,95.6,23.8,73.45238095,1070,459,692.1369048,20.1,13.4,16.45119048
5,30,2021-03-28 0:00,26.6,-0.6,13.16547619,33.4,6.4,17.2452381,96.4,19.7,71.36488095,1227,332,636.5238095,20.1,13.2,16.70178571
5,31,2021-04-04 0:00,23.3,0.4,11.46785714,31.5,5.6,16.15952381,95.4,21.7,66.69642857,988,493,662.9940476,19.4,12.7,16.26369048
5,32,2021-04-11 0:00,27,0,10.63214286,31.4,6,15.17142857,96.1,21.4,72.13035714,1061,482,696.2559524,18.5,12.2,15.64702381
5,33,2021-04-18 0:00,30.5,0.2,16.15178571,33.8,7.3,18.98333333,94.5,16.9,56.28511905,982,517,631.2142857,20.6,12.6,17.1827381
5,34,2021-04-25 0:00,26.8,5.7,14.40922619,32.2,6.4,19.85,91.7,21.8,61.55952381,896,503,568.0089286,20.3,13.8,16.52559524
5,35,2021-05-02 0:00,23.1,2.9,14.18571429,32.2,5.1,20.81488095,91.7,21.1,61.66190476,759,505,568.9047619,19.7,12.6,16.22559524
5,36,2021-05-09 0:00,33.4,6.8,18.70654762,38.3,7.8,20.51845238,97,24.9,67.5922619,729,507,568.8690476,23.7,14.6,18.6922619
5,37,2021-05-16 0:00,30.6,11.4,18.2297619,37.8,11,19.6922619,97.5,32.4,80.08452381,700,499,548.9880952,23.2,15.3,19.15833333
5,38,2021-05-23 0:00,29.4,8.9,16.9952381,35.1,8.8,18.39345238,95.7,31.6,72.6375,665,495,553.4940476,21.3,14.9,17.75059524
5,39,2021-05-30 0:00,30.6,9.6,20.66666667,37.7,9.6,22.07440476,96.9,33.4,72.80297619,715,498,551.0238095,23,15.3,19.94464286
5,40,2021-06-06 0:00,36.3,14.5,23.65277778,39.3,16.1,29.9,96.8,37.5,74.06736111,730,491,567.1527778,24.3,19.5,22.04097222
11,1,2020-09-15 0:00,29.2,9.9,20.00178571,29.7,14.1,21.67305389,100,26,71.60714286,841,449,528.4545455,,,
11,2,2020-09-22 0:00,27.8,12.4,19.43053892,39.5,16.4,21.14647887,92,8,56.90419162,1342,428,515.0314465,,,
11,3,2020-09-29 0:00,28.2,5.9,18.1297619,,,,99,3,62.5952381,1234,424,557.9177215,,,
11,4,2020-10-06 0:00,24.5,6,16.57678571,,,,93,13,53.64880952,1378,425,531.0787879,,,
11,5,2020-10-13 0:00,22.7,1.9,10.86139241,28.8,10.8,17.05736434,88,14,58.42857143,1324,427,568.9496855,,,
11,6,2020-10-20 0:00,23.2,0,10.71785714,28.1,10.8,16.24761905,97,16,61.31547619,1321,408,607.7361963,,,
11,7,2020-10-27 0:00,22.2,-0.1,11.13928571,25.8,12.3,17.24166667,98,17,65.07142857,1316,376,606.3518519,,,
11,8,2020-11-03 0:00,20.4,-3.5,7.804761905,26.1,9.1,16.46566265,100,21,66.3452381,1399,287,577.190184,22.5,15.5,18.05
11,9,2020-11-10 0:00,20.5,-1.2,8.435714286,27.5,9.7,16.18154762,90,19,65.32142857,1351,380,606.1790123,20.3,12.8,16.45357143
11,10,2020-11-17 0:00,21.3,-0.4,10.72916667,24.4,11.6,16.54761905,100,29,89.18452381,1379,315,593.75,22.2,15.8,18.11488095
11,11,2020-11-24 0:00,13.8,-3,3.999404762,25,10.1,15.28690476,97,23,78.38095238,1392,280,645.9861111,22.5,15,18.01309524
11,12,2020-12-01 0:00,10.7,-6.5,1.603571429,25.8,9.4,14.18928571,96,29,78.38690476,1389,281,676.2014388,21.4,14.9,17.89404762
11,13,2020-12-08 0:00,11.8,-8.5,1.818452381,26.2,8.4,14.14702381,99,13,77.89880952,1393,235,709.1512605,20.9,15,17.52440476
11,14,2020-12-15 0:00,4.6,-11,-3.644642857,24.2,5.2,12.52559524,100,33,83.44642857,1397,295,793.6091954,20.2,15,17.53988095
11,15,2020-12-22 0:00,15.2,-6.8,0.982142857,27.7,6.4,13.42440476,100,61,92.08333333,1398,368,756.1219512,21.4,15.3,17.45892857
11,16,2020-12-29 0:00,7.1,-13.4,-4.1875,24.9,8.3,12.03095238,100,67,92.01190476,1391,633,881.4545455,19.9,14.8,17.27619048
11,17,2021-01-05 0:00,1,-21.3,-8.755952381,21.2,3.6,10.13690476,100,66,88.60119048,1361,630,872.5263158,18.9,11.5,15.94047619
11,18,2021-01-12 0:00,12.5,-8.9,-0.00952381,25.9,6.1,11.85416667,100,63,92.55357143,1309,584,783.8921569,18.6,11.3,13.52797619
11,19,2021-01-19 0:00,15.5,-11.6,4.275,28.7,6.3,13.80297619,100,59,92.64880952,1355,433,787.0610687,20.5,11.5,14.79047619
11,20,2021-01-26 0:00,12.1,-9.1,1.652380952,27.1,6.2,12.08869048,100,61,93.96428571,1327,418,824.8278689,19.5,11.2,13.83690476
11,21,2021-02-02 0:00,12.1,-9.7,0.592261905,26.6,6.7,13.28928571,100,59,90.7202381,1358,452,795.0305344,19.9,11.5,14.47440476
11,22,2021-02-09 0:00,18.8,-8.9,3.711309524,28.2,6.3,14.51428571,100,28,90.30952381,1378,380,716.4044118,19.6,11.5,14.98452381
11,23,2021-02-16 0:00,21.2,-8.8,1.869047619,27.4,5.8,13.54166667,100,29,86.08928571,1394,333,752.6578947,19.3,11.5,14.43095238
11,24,2021-02-23 0:00,15.2,-4.7,5.725657895,26.1,7.8,13.9077381,100,39,90.32142857,1383,336,682.3586207,19.4,11.9,14.7547619
11,25,2021-03-02 0:00,19.1,-2.3,6.716875,25.6,7.3,14.28452381,100,30,88.75595238,1360,338,610.4256757,18.5,11.8,14.81071429
11,26,2021-03-09 0:00,20.2,-1.6,8.583928571,31.8,7.8,14.04940476,100,23,82.68452381,1346,391,631.6824324,18.3,11.9,14.54642857
11,27,2021-03-16 0:00,21.3,-2.3,9.258928571,27.4,8.4,14.32321429,100,22,78.69642857,1388,313,565.6282051,18.3,11.7,14.63333333
11,28,2021-03-23 0:00,24.3,-1.1,10.24702381,28.7,8.8,14.86071429,100,22,82.55952381,1392,312,581.9423077,19.7,11.9,15.04880952
11,29,2021-03-30 0:00,25.5,1.6,14.48345324,27.9,6.6,15.99240506,100,19,73.00595238,1380,372,560.9192547,19.7,12.4,16.06785714
11,30,2021-04-06 0:00,24.6,0.8,12.61497006,29.5,7.7,16.0827381,100,22,74.04761905,1397,269,582.11875,19.6,13.1,15.86130952
11,31,2021-04-13 0:00,21.6,0.2,9.88516129,26.9,7.7,14.625,100,24,76.55357143,1372,388,576.8963415,18.8,11.6,14.71964286
11,32,2021-04-20 0:00,29.9,3.4,17.85892857,30.9,6.1,18.42054795,100,19,57.9702381,1361,427,538.552795,20.5,11.7,17.12857143
16,1,2020-09-10 0:00,,,,,,,,,,,,,,,
16,2,2020-09-17 0:00,24.9,19.1,21.97857143,30.7,20.4,25.49285714,96,92.5,94.77857143,493,425,456,31.5,19,24.89285714
16,3,2020-09-24 0:00,27.9,10.1,19.09642857,33.4,15.6,22.85059524,97.2,89.4,94.17321429,597,411,478.25,36.6,14.2,22.51488095
16,4,2020-10-01 0:00,24.6,5.1,17.89279279,31.5,12.1,22.28558559,97.2,90,94.07657658,637,413,506.6126126,31.3,10.9,21.4045045
16,5,2020-10-08 0:00,,,,,,,,,,,,,,,
16,6,2020-10-15 0:00,23,4.7,11.76296296,29.4,16.2,20.82037037,94.4,57.4,81.99259259,645,465,550.4074074,33.1,14.6,20.00740741
16,7,2020-10-22 0:00,22.4,-0.5,9.838461538,33.1,11.8,20.4775641,93.7,66.3,84.82115385,1300,413,597.6883117,34.7,10.6,20.07628205
16,8,2020-10-29 0:00,20,-2.9,8.3,33.6,13.8,20.41607143,95,80,88.90178571,720,417,556.547619,34.3,12.6,19.74345238
16,9,2020-11-05 0:00,20.3,-3.3,7.78313253,28.3,13.1,19.05843373,95.7,81.6,90.54939759,1338,402,591.1032258,29.3,12.5,18.34698795
16,10,2020-11-12 0:00,21.9,-0.8,10.31151515,26.5,13.4,18.27878788,96.3,84.1,91.46848485,1357,426,610.9627329,27.7,11.9,17.45212121
16,11,2020-11-19 0:00,21,-2.5,7.324390244,24.7,11,16.22317073,96.3,82.1,91.64390244,1383,353,517.7763975,25.2,9.7,15.23353659
16,12,2020-11-26 0:00,13.3,-6,2.715,25,9.5,15.215625,95.3,83.8,91.21125,1371,319,578.5238095,28,8.5,14.410625
16,13,2020-12-03 0:00,9.6,-7.5,0.50969697,26.5,10.9,14.79333333,96.4,85.1,91.86969697,1396,348,578.5597015,28.7,9.6,14.03575758
16,14,2020-12-10 0:00,11.1,-11.6,-0.798113208,26.8,10.1,14.8327044,95.9,87,91.87610063,1344,338,607.173913,27.6,9.4,14.21446541
16,15,2020-12-17 0:00,8.9,-11.2,-2.25,25.4,9.4,13.74583333,97,87.7,92.725,1395,327,624.7318841,28.4,8.7,12.95416667
16,16,2020-12-24 0:00,13.5,-9,-0.23452381,26.1,9.3,13.59464286,96.8,87.7,92.87559524,1387,337,690.5,28.3,8.1,12.66071429
16,17,2020-12-31 0:00,3.3,-14.8,-5.373214286,24.9,8.3,12.47619048,96.3,86.5,91.8577381,1387,326,573.5263158,26.8,7.1,11.50833333
16,18,2021-01-07 0:00,9.6,-20.5,-7.72721519,25.8,8.6,12.57658228,95.5,86.9,91.50506329,1257,380,506.7857143,28.2,6.7,11.26392405
16,19,2021-01-14 0:00,12.1,-12.6,-1.285714286,27.2,9.4,13.57440476,96.3,87.9,92.14880952,1382,331,579.5695364,26.5,7.4,12.39761905
16,20,2021-01-21 0:00,16.1,-2.6,6.066071429,29.4,10.5,16.71964286,96.7,86,92.9577381,1361,207,747.5289855,27.5,9.2,15.04940476
16,21,2021-01-28 0:00,11.4,-9.9,-0.13037037,29.2,10.1,15.22592593,95.9,85.8,92.57925926,1331,247,728.9895833,29.4,8,13.91259259
16,22,2021-02-04 0:00,12.1,-9.4,1.163636364,26.9,10.4,15.53030303,96.2,87.9,92.88787879,1330,372,540.4137931,26.6,9.3,14.66287879
16,23,2021-02-11 0:00,17.9,-11.8,2.061309524,31.3,9.7,15.65,97.2,87.1,92.36428571,1226,305,542.6013072,30.3,8.6,14.84821429
16,24,2021-02-18 0:00,20.8,-10.8,3.0375,28.6,10.2,16.50357143,97.3,84.1,92.87380952,1379,347,551.2625,29.7,8.7,15.67202381
16,25,2021-02-25 0:00,15.6,-3.3,6.058928571,30.6,11.4,17.32916667,97.8,86.1,93.1797619,1250,344,536.4909091,30.2,9.4,16.37678571
16,26,2021-03-04 0:00,18.6,-2.2,6.745833333,30.1,10.1,16.88214286,98.2,86.1,93.05416667,1252,354,542.5153374,30.3,9.1,16.18928571
16,27,2021-03-11 0:00,19.8,-2.2,8.72797619,24.9,9.8,16.09047619,98,85.6,92.8547619,1381,334,569.5660377,25,8.9,15.32738095
16,28,2021-03-18 0:00,20.1,-2.6,8.381547619,27.9,7.7,15.74166667,96.9,87.4,92.54345238,929,390,486.1309524,27,6.8,15.11964286
16,29,2021-03-25 0:00,25,1.1,11.01190476,29.3,7.4,16.62797619,96.4,84.7,92.55535714,612,385,490.5892857,28.7,6.4,15.96904762
16,30,2021-04-01 0:00,24,2.4,13.62380952,28,7.7,17.45357143,96.4,86.8,92.61011905,680,412,487.5416667,26.5,6.8,16.23690476
16,31,2021-04-08 0:00,23.9,-0.3,11.385625,28.9,6.1,16.004375,95.9,86.3,92.003125,659,381,477.76875,27.9,5.1,15.28
16,32,2021-04-15 0:00,29.6,-0.6,11.53333333,31.4,4.8,16.13035714,96.5,85.4,92.10238095,622,383,480.7380952,31.3,3.8,15.72916667
16,33,2021-04-22 0:00,29.1,7.1,17.34345238,30.1,10.9,19.56011905,96.2,87.7,93.4672619,641,405,491.0595238,31.8,10,18.79285714
16,34,2021-04-29 0:00,22.2,3.7,13.20714286,28.6,7.7,17.31845238,96.3,86.5,92.58214286,608,402,473.327381,30.1,6.9,16.725
16,35,2021-05-06 0:00,29.3,3.7,14.78035714,32.2,7.6,18.10178571,96.4,88,92.85892857,525,400,458.6369048,35.1,6.5,17.42440476
16,36,2021-05-13 0:00,33,12.7,20.15297619,33.8,14.4,22.34345238,96.8,89.3,94.07440476,585,428,483.2083333,36.6,13.4,21.34821429
16,37,2021-05-20 0:00,20.4,16,17.35882353,21.7,17.5,19.39411765,95.8,91.5,93.64705882,487,420,457.6470588,21.2,16.2,18.31176471
17,1,2020-09-10 0:00,29.7,16,21.16807229,30.3,15.7,21.86325301,100,85.4,98.73674699,475,336,390.1204819,28.7,19.1,22.76144578
17,2,2020-09-17 0:00,25.5,11.9,19.8547619,34.7,11.7,21.01130952,100,36.1,86.80892857,463,337,383.4583333,30.7,17.4,22.67678571
17,3,2020-09-24 0:00,26.9,13.8,19.50059524,33.3,13.8,20.68928571,100,40.6,76.65535714,473,330,378.7678571,27.9,17.7,21.59107143
17,4,2020-10-01 0:00,24.2,6.8,16.74107143,30.4,8,18.375,100,41.4,82.83809524,798,329,410.5416667,25.7,13.6,19.7452381
17,5,2020-10-08 0:00,23,6.7,15.31607143,29.4,7.3,16.35297619,100,40.6,80.12261905,486,331,382.8869048,24.3,12.9,17.64107143
17,6,2020-10-15 0:00,21.6,5,13.06190476,27.2,5.2,14.30952381,100,35.2,81.9875,624,345,428.9166667,21.6,11.2,16.00833333
17,7,2020-10-22 0:00,20.7,5,12.07916667,28.2,6.1,14.18511905,100,36,81.98214286,646,311,425.7619048,20.9,11.2,15.65535714
17,8,2020-10-29 0:00,20,1.9,10.43253012,30.1,6.5,13.39096386,100,36.8,82.55903614,630,301,450.7349398,21,11.1,15.24638554
17,9,2020-11-05 0:00,18.8,0.5,10.36011905,26.4,6,13.46845238,100,37.7,83.10952381,646,310,444.7142857,19.7,10.8,14.94940476
17,10,2020-11-12 0:00,22.2,2.9,12.93452381,26.3,7,14.18035714,100,52.4,85.69047619,653,344,428.5119048,19.6,11.9,15.49107143
17,11,2020-11-19 0:00,22.1,0,7.414723926,25.7,7.6,12.67668712,100,50.2,90.18588957,625,219,432.8895706,19.5,11.3,14.45153374
17,12,2020-11-26 0:00,11.5,-2.3,3.564880952,23.9,5.3,11.05238095,100,51.5,89.07202381,1376,256,542.943038,19.6,10.3,13.62202381
17,13,2020-12-03 0:00,9.4,-3.6,2.532738095,24.3,6,11.04821429,100,63.5,90.1827381,1395,205,624.5286624,19.2,13.1,15.06488095
17,14,2020-12-10 0:00,12,-9.4,0.596407186,24,7.1,11.16467066,100,64.2,90.61137725,1362,209,578.5333333,18.9,11.7,14.83712575
17,15,2020-12-17 0:00,8.8,-7.9,0.321428571,22.4,6.4,10.60059524,100,63.7,89.80178571,1379,200,623.6953642,18.6,12.7,14.65833333
17,16,2020-12-24 0:00,13.1,-8.6,2.304761905,24.2,7.2,11.02321429,100,66.7,91.6297619,1314,205,610.826087,19.2,11.2,14.45654762
17,17,2020-12-31 0:00,3.1,-11.8,-3.928571429,20.7,6.3,9.842261905,100,71.1,90.55119048,1381,200,706.3333333,17.1,12.7,14.38452381
17,18,2021-01-07 0:00,10.2,-16.2,-6.369047619,23.6,5.1,9.38452381,100,70,91.88452381,1379,202,634.9536424,18.7,12.6,14.38035714
17,19,2021-01-14 0:00,12.4,-10.2,0.089285714,25,4.3,11.41011905,100,63.1,89.83988095,1345,208,533.8614458,19.2,10.7,14.65178571
17,20,2021-01-21 0:00,13.9,-1.9,6.328571429,27.4,8.9,12.96904762,100,57.5,91.48928571,1360,204,495.3818182,19.6,13.1,15.16904762
17,21,2021-01-28 0:00,11.5,-8.5,0.526785714,25.8,7,12.34047619,100,62.7,89.4422619,1087,226,524.8433735,19.6,13.6,15.58690476
17,22,2021-02-04 0:00,9.9,-6.9,1.946428571,26.2,8,13.21071429,100,56.9,87.63035714,1210,204,525.1845238,20.1,13.6,15.80119048
17,23,2021-02-11 0:00,16.7,-7.5,2.944642857,28.7,5.7,13.24464286,100,44.1,87.63809524,1233,214,535.769697,20.6,13,15.48154762
17,24,2021-02-18 0:00,17,-8.1,4.795238095,26.4,5.7,13.26488095,100,42.8,83.81071429,1260,239,480.6130952,20.8,10.7,15.31607143
17,25,2021-02-25 0:00,15,-2.7,6.256547619,26.3,5.8,12.57619048,100,30.5,86.49285714,746,240,445.8214286,18.7,10.7,14.08571429
17,26,2021-03-04 0:00,17.9,-2.1,6.607142857,27.6,7.8,13.49047619,100,41.9,84.17321429,787,287,483.172619,19.3,11.9,15.24583333
17,27,2021-03-11 0:00,16.5,-0.9,8.179041916,27.7,8.2,14.16946108,100,30.3,79.45269461,889,308,513.9461078,21,12.2,16.04071856
17,28,2021-03-18 0:00,18.8,1.4,8.611904762,27.8,6.2,14.3297619,100,37.5,79.72916667,801,319,475.327381,22.6,11.5,16.26845238
17,29,2021-03-25 0:00,23.2,3.6,11.24642857,29.8,6.4,14.74107143,99.8,26.5,79.4577381,728,311,415.8630952,22.4,12.8,16.76369048
17,30,2021-04-01 0:00,22.9,5.2,13.96309524,29.4,5.3,15.7202381,100,33.8,69.74880952,594,323,382.9761905,21,12.8,16.95654762
17,31,2021-04-08 0:00,21.6,2.9,11.40297619,28.2,5.1,14.25416667,100,31,75.3202381,610,318,399.577381,21,11.7,16.20952381
17,32,2021-04-15 0:00,27.7,1.7,11.79404762,32.1,5.5,14.28095238,100,37.9,72.59880952,622,316,374.1369048,21.8,11.5,15.79880952
17,33,2021-04-22 0:00,27.6,8.6,16.78095238,32.7,8.9,17.36785714,100,36.3,66.39047619,431,310,368.2797619,21.3,14.6,17.92738095
17,34,2021-04-29 0:00,21.1,5.2,12.63630952,30.8,5.3,15.125,100,44,80.3922619,408,296,345.5357143,21.4,12,16.38988095
17,35,2021-05-06 0:00,26.6,6.9,15.65595238,32.2,7.5,16.78690476,99.8,37.9,70.84464286,394,304,344.297619,22.9,14.2,17.43333333
17,36,2021-05-13 0:00,28.5,11.4,19.06785714,32.4,10.5,19.88809524,100,50.8,84.63214286,466,313,366.7321429,24,16.7,20.62380952
17,37,2021-05-20 0:00,26.2,11.2,16.66458333,29.6,11.1,17.60277778,100,66.1,92.58680556,426,302,355.8055556,21.6,15.3,18.74236111
20,1,2020-09-13 0:00,28.1,13.7,21.13392857,30.2,14.6,22.40714286,96,59.4,85.17083333,595,389,451.4345238,30.2,14.1,22.36130952
20,2,2020-09-20 0:00,27.8,11.2,19.01190476,30.5,12.4,20.50654762,94.5,52.2,79.27738095,601,379,463.7261905,29.9,13.1,20.3875
20,3,2020-09-27 0:00,26.5,10.9,18.73452381,29.6,12.5,20.16904762,96,55,83.33452381,607,387,482.4285714,30.3,12.3,20.02559524
20,4,2020-10-04 0:00,24.8,6.9,16.2375,27.7,10.1,18.05952381,97.4,54,83.4952381,669,384,482.4166667,27.7,9.6,17.8077381
20,5,2020-10-11 0:00,23.8,4.7,13.20059524,26.8,7.6,15.65238095,97.6,45.9,83.52738095,721,394,522.3214286,26.8,7.2,15.4327381
20,6,2020-10-18 0:00,22.5,2.9,11.67916667,27.9,10.2,15.9202381,96.6,42.8,82.01964286,768,394,547.5654762,27.9,9.5,15.5452381
20,7,2020-10-25 0:00,21.8,1,10.89047619,27,8.9,15.72261905,96.5,51.6,82.47678571,765,400,556.1309524,27.1,8.2,15.38511905
20,8,2020-11-01 0:00,19.5,-1.3,9.580952381,25.9,9.1,15.18035714,96.6,52.5,86.05833333,1097,402,615.1130952,25.6,8.9,15.02202381
20,9,2020-11-08 0:00,19.9,-1.6,8.073809524,30.4,10.1,15.91488095,96.6,54.3,84.51904762,928,348,599.0535714,30.4,10.2,15.83095238
20,10,2020-11-15 0:00,23.2,1.2,12.18869048,26.2,9.6,16.12857143,96.6,61.7,89.85833333,986,385,570.625,25.8,10.1,16.11488095
20,11,2020-11-22 0:00,13,-1,5.716666667,25,9.7,14.30654762,96.2,61.5,89.20416667,1025,353,597.2738095,24.5,9.7,14.16785714
20,12,2020-11-29 0:00,10,-4.7,2.088095238,24.9,7.1,13.06190476,96.7,69.3,89.92202381,1032,337,599.6130952,24.6,7.1,13.0047619
20,13,2020-12-06 0:00,11,-6,3.389880952,25.4,7.5,13.2327381,97,74.2,91.2077381,1031,400,626.8630952,25.1,7.6,13.26011905
20,14,2020-12-13 0:00,9.6,-8.8,-2.281927711,25.4,8.5,12.3439759,97.1,78.1,91.84939759,1005,402,597.2590361,24.8,8.5,12.33493976
20,15,2020-12-20 0:00,10,-7.5,1.011904762,26.1,9.2,13.35952381,96.7,73.2,90.67083333,927,422,601.7380952,25.5,9.1,13.38571429
20,16,2020-12-27 0:00,13.2,-10.5,-1.1375,26.4,8.2,12.65892857,96.6,76.9,91.96339286,914,406,604.5386905,26.3,8.1,12.69107143
20,17,2021-01-03 0:00,3.8,-19.5,-6.960119048,25.4,8.3,11.56785714,96.6,77.2,91.55,921,271,539.9077381,25.3,8.1,11.5172619
20,18,2021-01-10 0:00,13.1,-17,-0.711904762,25.4,8.5,13.33690476,96.6,76.5,91.58511905,925,371,594.2202381,25.4,8.3,13.30238095
20,19,2021-01-17 0:00,13.5,-8.6,2.120238095,24.9,9,13.83869048,97.2,75.3,92.05,939,355,584.2380952,25,8.9,13.77261905
20,20,2021-01-24 0:00,13.8,-7.2,2.747619048,24.8,9.1,12.85654762,97.2,68.1,90.93035714,920,383,573.4464286,25,8.8,12.87202381
20,21,2021-01-31 0:00,12.3,-7.8,2.271428571,25.1,8.9,14.33095238,96.8,73.3,90.50238095,905,340,559.8869048,25.1,8.8,14.30654762
20,22,2021-02-07 0:00,17.3,-7.3,2.85508982,24.8,8.4,14.54431138,96.2,38.2,80.9745509,934,401,570.2994012,25.7,8.2,14.34790419
20,23,2021-02-14 0:00,16.5,-8.1,1.942261905,24.7,8.9,13.81666667,94.4,51.9,83.49761905,915,362,551.5833333,24.4,8.6,13.57916667
20,24,2021-02-21 0:00,21.8,-4.7,6.694642857,30.5,8.1,14.99642857,94.8,49.4,82.45059524,909,382,559.1904762,30.3,6.4,14.83154762
20,25,2021-02-28 0:00,17,-2.2,6.377380952,24.6,8.3,14.49166667,95.7,42.6,87.39464286,921,334,546.1130952,25.2,7.8,14.43214286
20,26,2021-03-07 0:00,18,-1.1,7.357738095,26.8,7.2,15.63869048,95.7,38.5,83.84702381,1087,394,597.3532934,27,6.9,15.50595238
20,27,2021-03-14 0:00,19.9,-0.7,8.726190476,25.9,8.6,16.40386905,97,40.2,86.82589286,1017,407,597.9345238,25.2,9.2,16.25089286
20,28,2021-03-21 0:00,21.9,-0.4,8.867857143,26.8,7.7,14.95416667,97.8,37.6,83.32142857,1005,401,581.0357143,27.4,7.7,14.67797619
20,29,2021-03-28 0:00,24.8,1.7,13.29047619,31.2,8.7,16.50654762,94.6,34.4,76.37797619,749,380,520.8630952,30.9,8.2,16.36964286
20,30,2021-04-04 0:00,20.2,2,10.89285714,27,8.6,15.92440476,94.8,34.9,76.77916667,760,382,530.2261905,27.2,8.6,15.90595238
20,31,2021-04-11 0:00,23,0.6,10.49583333,29.1,8.8,16.02559524,96.1,37.9,79.8360119,777,368,534.0059524,29.7,8.3,15.97857143
20,32,2021-04-18 0:00,28.1,1,15.45,31.5,8.2,18.31130952,94.6,43.6,71.38779762,755,389,507.7113095,31.4,7.9,18.09642857
20,33,2021-04-25 0:00,25.6,8,15.67840909,30.7,10.3,18.81818182,94.5,37,74.51590909,705,390,516.0681818,31.6,10.3,18.58068182
23,1,2020-09-08 0:00,,,,,,,,,,,,,,,
23,2,2020-09-15 0:00,,,,,,,,,,,,,,,
23,3,2020-09-22 0:00,,,,,,,,,,,,,,,
23,4,2020-09-29 0:00,,,,,,,,,,,,,,,
23,5,2020-10-06 0:00,,,,,,,,,,,,,,,
23,6,2020-10-13 0:00,,,,,,,,,,,,,,,
23,7,2020-10-20 0:00,26.2,0,0.601162791,25.1,7.9,15.65,100,41.8,87.4372093,584,325,413.3023256,21.8,12.5,17.03333333
23,8,2020-10-27 0:00,0,0,0,26.2,6.8,15.46190476,100,62.7,93.50714286,682,330,466.9583333,22.4,13,17.56845238
23,9,2020-11-03 0:00,0,0,0,26.7,7.1,14.78511905,100,62.5,94.96488095,661,298,424.1488095,22,11.2,16.6577381
23,10,2020-11-10 0:00,20,0,7.334161491,26.3,5.4,15.69068323,100,53.7,86.31055901,616,321,422.1987578,22.1,10.2,16.7136646
23,11,2020-11-17 0:00,23.7,1.7,11.35654762,25.4,9.3,14.6952381,100,60.8,94.45535714,642,293,414.2321429,21.6,12.7,16.4702381
23,12,2020-11-24 0:00,12.4,-0.1,4.949404762,25,7.2,12.75952381,100,51.1,91.52797619,562,254,416.9821429,20.5,12.1,14.9547619
23,13,2020-12-01 0:00,10.2,-3.7,2.680357143,25.8,8.5,14.18154762,100,47.9,88.03154762,629,279,440.1071429,20,12.9,15.66130952
23,14,2020-12-08 0:00,11.3,-6.4,2.896428571,24.7,7.7,13.1422619,100,57.7,91.59166667,758,246,429.1547619,18.9,11.8,14.54940476
23,15,2020-12-15 0:00,7,-7.9,-2.16547619,25,7.5,12.49107143,100,64.3,90.99761905,883,262,449.1130952,18.8,10.1,13.73035714
23,16,2020-12-22 0:00,13.8,-4.2,2.513690476,26.2,6.5,12.32738095,100,60.8,93.62559524,768,296,461.3154762,19.2,11.3,13.63095238
23,17,2020-12-29 0:00,5.7,-10.5,-2.764880952,26.7,5.5,10.95892857,100,68.6,92.77321429,844,251,448.0654762,18.1,9.1,12.61785714
23,18,2021-01-05 0:00,0.8,-18.2,-7.725,25.2,6.5,10.67202381,100,72.5,92.16071429,1338,247,570.5421687,18.3,8.2,11.70059524
23,19,2021-01-12 0:00,13,-10.8,0.905952381,27.2,5.7,12.80416667,100,58.8,92.68452381,813,272,475.797619,19.7,8.2,14.26547619
23,20,2021-01-19 0:00,14.5,-8,4.838690476,27.1,6.7,13.18690476,100,54,92.3952381,968,271,463.5714286,20.6,10.6,14.87321429
23,21,2021-01-26 0:00,12.1,-7.5,2.667857143,27.4,5.5,12.38809524,100,54.3,92.07619048,658,266,460.5714286,20.5,10,14.63154762
23,22,2021-02-02 0:00,10.3,-7.6,1.025748503,27.5,5.8,12.76946108,100,53.5,89.25508982,912,321,452.0359281,22.3,11.5,15.66107784
23,23,2021-02-09 0:00,18.2,-7,4.079166667,26.1,8.7,14.29285714,100,37.6,84.8577381,765,286,465.8154762,22.1,13.2,16.97678571
23,24,2021-02-16 0:00,22.5,-7.3,3.137349398,29.6,7.2,13.53795181,100,36.2,82.79578313,612,319,440.5,22.4,12.5,16.14216867
23,25,2021-02-23 0:00,16.9,-3.6,6.449404762,27.6,8,13.88511905,100,68.8,92.69107143,652,276,440.9940476,21.9,13.2,16.31547619
23,26,2021-03-02 0:00,17.4,-1.3,6.18452381,28,7.8,14.8047619,100,70.7,92.59285714,684,318,453.5178571,23,13.3,17.27083333
23,27,2021-03-09 0:00,17.8,-0.3,7.945833333,29,10.6,16.5625,100,44.2,86.37142857,695,321,473.8392857,23.6,14.5,18.75059524
23,28,2021-03-16 0:00,19.1,-0.3,8.272619048,33.6,7.7,17.01964286,97.4,39.3,81.0202381,748,272,463.5416667,24.4,14.6,19.18928571
23,29,2021-03-23 0:00,21.8,1.3,10.38571429,29.2,9.4,16.49107143,98.5,39.3,82.52440476,679,295,428.1904762,24,14.5,18.64642857
23,30,2021-03-30 0:00,26,2.5,13.72142857,29.5,7,17.03809524,97.2,33.9,78.36666667,714,289,412.7797619,23.3,13.3,18.29821429
23,31,2021-04-06 0:00,23.8,2.1,11.86488095,30.3,7.6,17.02559524,98.5,36.2,79.30714286,818,303,452.0952381,23.2,14.5,19.06369048
23,32,2021-04-13 0:00,19.3,1.7,10.1525974,26.3,8.8,16.5512987,98.8,39,79.59675325,778,299,452.0584416,23.2,13.9,18.52857143
23,33,2021-04-20 0:00,28.9,4.3,17.49583333,31.6,10.4,19.68333333,97.6,38.7,82.96428571,842,315,472.0357143,26,16.3,20.97738095
23,34,2021-04-27 0:00,21.2,10.3,15.11566265,26.5,10.5,17.35903614,98,49.8,79.98554217,625,321,402.5542169,23.6,15.1,18.88313253
24,1,2020-09-09 0:00,29,16.9,21.17678571,32.8,18.1,23.1125,99,32.9,77.15714286,583,382,456.6488095,30.5,22.1,24.97559524
24,2,2020-09-16 0:00,26.4,10.5,19.16577181,37.5,12.2,22.45167785,99,32,74.47230769,588,355,449.0469799,32.8,19,24.83959732
24,3,2020-09-23 0:00,26.4,8.8,17.95060241,37.7,10.4,20.69578313,99,35.1,80.46493506,539,340,434.1927711,32.2,17.4,23.48313253
24,4,2020-09-30 0:00,26.2,7.9,17.72955975,36.3,9.1,20.83459119,99,35.6,81.20714286,543,333,421.6289308,29.6,16.1,23.18176101
24,5,2020-10-07 0:00,23.6,6.9,16.07748344,33.9,9.1,19.5397351,67.5,31.4,47.365,505,337,398.8807947,26.3,16.1,21.39403974
24,6,2020-10-14 0:00,22.9,3,12.35970149,32.4,7.7,17.98955224,72,30,55.8146789,600,360,453.1940299,23.8,12.9,18.47910448
24,7,2020-10-21 0:00,21.5,2.2,10.42327044,30.8,9.9,17.14339623,83.2,30.1,61.77058824,641,372,494.7735849,22.2,13.4,17.99308176
24,8,2020-10-28 0:00,20.2,0.8,9.488607595,29.9,9.9,17.29810127,85.5,30.2,62.40740741,713,366,509.3670886,21.5,14.8,17.90759494
24,9,2020-11-04 0:00,20.9,-4.5,6.715686275,30.4,10.9,16.98366013,85.8,32.2,62.95284553,776,358,510.9869281,20.9,13.3,17.15882353
24,10,2020-11-11 0:00,21.5,-3.2,8.195238095,29.2,11.2,17.13809524,80.5,30.2,62.84758621,778,397,563.4285714,20.9,15.1,18.02261905
24,11,2020-11-18 0:00,22.2,-1.9,9.395121951,28.6,11.1,16.30914634,87.9,31.1,72.55816993,772,375,539.0792683,21.5,13.8,17.48719512
24,12,2020-11-25 0:00,13.6,-6.2,3.063690476,27.8,8.3,13.81904762,76.9,30.1,65.64294872,708,361,511.3690476,19,11.9,15.14404762
24,13,2020-12-02 0:00,10.2,-6.7,0.418452381,25.7,8.1,13.0827381,80.3,31.2,65.52670807,688,376,531.422619,18.3,11.9,14.75416667
24,14,2020-12-09 0:00,10.4,-9.6,-0.24702381,25.6,8.1,12.5672619,79.6,30.2,66.70662651,740,381,561.8511905,18.1,11.6,14.45238095
24,15,2020-12-16 0:00,5.3,-11.8,-3.544642857,26.6,7.7,11.98511905,77.2,30.3,65.66526946,782,340,576.5,18,11.1,13.86607143
24,16,2020-12-23 0:00,8.3,-7.3,0.030357143,27.8,8,12.05357143,81.7,35.9,72.10059524,812,436,635.702381,18.2,11.4,13.84107143
24,17,2020-12-30 0:00,5,-12.1,-4.276785714,27.7,7.6,11.54345238,78.6,33.9,69.06488095,842,361,648.5297619,18,10.5,13.6047619
24,18,2021-01-06 0:00,1.9,-20,-9.48452381,27.7,7.5,11.34166667,78.9,33.2,65.77202381,823,398,652.1369048,18.7,9.5,13.05
24,19,2021-01-13 0:00,14.9,-10.8,-0.939880952,29.6,7.6,12.98809524,83.8,30.7,68.59341317,879,445,692.125,19.2,10.6,14.58392857
24,20,2021-01-20 0:00,14.2,-11.5,4.456707317,31.2,7.8,13.66890244,84.8,30,75.1275,968,515,739.7195122,20.8,11.3,15.22865854
24,21,2021-01-27 0:00,11.3,-10.1,0.047826087,31.1,7.9,12.84968944,85,30.5,70.02077922,892,493,680.6583851,18.8,11.2,14.4757764
24,22,2021-02-03 0:00,11.9,-9.1,-0.375,34.6,7.8,13.69285714,81.3,30.2,68.21168831,820,440,633.3154762,20.4,11.2,15.00654762
24,23,2021-02-10 0:00,19.9,-8.2,3.061309524,28,7.8,13.0202381,82.9,30.6,69.53892617,851,476,653.5178571,19,11.4,14.77559524
24,24,2021-02-17 0:00,22.7,-8.9,1.623809524,29.1,6.5,13.19940476,79.5,30,66.35827815,819,390,609.6547619,20.2,10.6,14.61785714
24,25,2021-02-24 0:00,16.5,-4.1,5.46547619,36.3,7.7,13.2797619,86.9,30.9,71.75822785,865,444,647,20.4,11.7,15.25178571
24,26,2021-03-03 0:00,18.9,-4.4,6.340993789,27.6,7.9,15.04906832,86,30.2,67.63521127,883,493,659.9689441,21.2,12,16.56583851
24,27,2021-03-10 0:00,19,-1.4,10.31076923,30.2,8.6,16.87461538,84.6,30.2,64.82285714,838,482,607.6461538,21.9,13.6,17.50230769
24,28,2021-03-17 0:00,20.5,-3,10.05454545,28.8,8.8,17.05123967,80,30.1,61.67954545,791,432,560.553719,22.2,13.2,17.54132231
24,29,2021-03-24 0:00,25,-1.6,11.84407895,33.2,6.2,15.85131579,88.4,30.6,67.37863248,690,407,520.6776316,22.8,13.3,16.83552632
24,30,2021-03-31 0:00,24.4,0.9,13.68993711,34.4,5.6,17.23396226,85.8,30.3,65.27109375,690,415,490.7987421,22.8,13.2,17.77169811
24,31,2021-04-07 0:00,22.4,-0.1,11.595625,30.2,5.1,16.1572327,86.7,30.9,64.31570248,700,399,500.8734177,23.4,3.6,17.62875
24,32,2021-04-14 0:00,26.7,-1.6,9.866071429,33.1,3.2,14.49404762,82.2,30.5,63.27317073,664,408,496.5654762,22.5,11.8,16.43690476
24,33,2021-04-21 0:00,28.9,7.2,17.00059524,32.8,7.6,17.54166667,80.1,30.2,55.64552846,604,409,470.1904762,24.4,14.8,19.03452381
24,34,2021-04-28 0:00,22.9,9.9,15.82916667,27.3,10,17.075,82.4,31.1,59.43461538,502,385,425.3888889,22.5,14.9,18.58194444
25,1,2020-09-18 0:00,,,,,,,,,,,,,,,
25,2,2020-09-25 0:00,,,,,,,,,,,,,,,
25,3,2020-10-02 0:00,,,,,,,,,,,,,,,
25,4,2020-10-09 0:00,,,,,,,,,,,,,,,
25,5,2020-10-16 0:00,,,,,,,,,,,,,,,
25,6,2020-10-23 0:00,,,,,,,,,,,,,,,
25,7,2020-10-30 0:00,,,,,,,,,,,,,,,
25,8,2020-11-06 0:00,,,,,,,,,,,,,,,
25,9,2020-11-13 0:00,23.8,4.3,14.53233083,27.1,10.5,17.50225564,99.5,50.3,90.02105263,686,401,527.4586466,21.6,14.6,17.83082707
25,10,2020-11-20 0:00,13.8,-1.2,6.707738095,25.3,7.4,14.03452381,99.5,60.2,87.51666667,1147,360,502.297619,20.1,11.7,14.78571429
25,11,2020-11-27 0:00,9.5,-3.7,3.332142857,26.3,7,13.33333333,94.5,67.6,86.71904762,1080,325,544.0119048,20.1,11.7,14.28333333
25,12,2020-12-04 0:00,10.4,-5.8,2.463690476,27.8,6.9,13.30238095,98.2,68.5,87.12142857,1178,304,580.4047619,21.2,11.2,14.16428571
25,13,2020-12-11 0:00,10.9,-8.4,-0.033333333,25.8,6.7,12.2577381,95.7,67.3,86.64821429,1243,241,554.6785714,20.3,10.5,13.28928571
25,14,2020-12-18 0:00,10.7,-7,0.898809524,26.8,6.8,12.30416667,98.1,69.7,87.9625,1346,382,642.2202381,20.5,10.7,13.39642857
25,15,2020-12-25 0:00,13.2,-10,0.033928571,28.9,6.5,11.78035714,98.1,71,90.34583333,1287,409,717.6428571,21.5,9.5,12.79107143
25,16,2021-01-01 0:00,3.7,-15.5,-3.404166667,25.8,6.6,11.55178571,97.9,69.1,86.40892857,1242,374,658.6904762,19.9,9.9,12.44821429
25,17,2021-01-08 0:00,10.5,-20.2,-5.202994012,27.3,6.3,12.0313253,100,69.1,84.46766467,1230,371,656.6946108,22.1,8.6,12.7748503
25,18,2021-01-15 0:00,13.9,-8,0.754761905,28,6.6,13.05238095,96.1,64.1,86.48869048,1049,363,629.7380952,22.1,10.7,14.15833333
25,19,2021-01-22 0:00,13.5,-4.8,5.684431138,29.3,6.7,13.37305389,99.4,56.5,89.41317365,1167,375,654.7245509,21.9,11.4,14.34491018
25,20,2021-01-29 0:00,12.8,-8.2,1.005357143,26.5,6.8,13.53809524,97.1,57.9,83.43333333,1017,368,560.25,21.1,10.6,14.37797619
25,21,2021-02-05 0:00,11.8,-7.6,2.048214286,28.3,5.8,13.87797619,100,58.5,84.71904762,1127,407,622.577381,21.8,11.4,14.84761905
25,22,2021-02-12 0:00,16.9,-7.3,1.861309524,28.5,6.6,13.28095238,98.8,68.6,90.49464286,1030,377,594.6130952,21.3,10.5,14.23214286
25,23,2021-02-19 0:00,22.7,-4.8,6.044642857,27.5,5.9,13.77559524,97.1,70.2,88.72261905,904,414,543.6130952,21.1,11.7,14.87202381
25,24,2021-02-26 0:00,17.4,-2.4,7.473809524,27.9,6.5,13.43988095,99.5,70.2,91.78869048,969,369,528.3928571,19.1,10.9,14.07142857
25,25,2021-03-05 0:00,17.8,-0.9,6.966666667,27.8,6.7,14.94702381,98.8,40.6,83.24642857,868,425,545.1904762,22.7,12,16.37440476
25,26,2021-03-12 0:00,19.8,-1,8.006547619,27.4,6.2,14.93154762,95.5,37.7,76.25357143,845,397,512.2380952,23.6,11.5,16.74404762
25,27,2021-03-19 0:00,19.4,-0.4,8.754166667,28.6,5.8,14.28511905,94.8,37.2,76.16785714,808,387,515.8630952,23.2,11.3,15.98214286
25,28,2021-03-26 0:00,24.2,2.2,11.80238095,28.2,6.7,14.87380952,98,28.8,75.71011905,740,412,495.3928571,22.6,11.9,15.74404762
25,29,2021-04-02 0:00,26.1,3.5,12.63928571,28,5.2,15.0257485,97.3,34,73.20357143,715,393,475.7797619,22,10.2,15.87559524
25,30,2021-04-09 0:00,23.6,0.7,10.79940476,27.9,5.5,14.11736527,100,57.1,92.33988095,738,418,489.6369048,23.4,9.8,15.46785714
25,31,2021-04-16 0:00,28.1,2.8,13.0452381,29.9,5.4,15.19047619,100,34,70.7375,691,407,481.9285714,23.6,9.6,15.87440476
25,32,2021-04-23 0:00,28.4,9,16.94610778,30.6,8.3,17.79461078,95.8,36.6,67.55209581,536,416,459.6826347,23.8,13.5,18.1011976
25,33,2021-04-30 0:00,14.8,11.9,13.41666667,19.1,12.1,14.58333333,89,61.6,78.41666667,459,427,442.9166667,17.8,15.3,16.1
26,1,2020-09-09 0:00,30,17.1,21.58988095,38.8,18.2,24.4430303,91,31.9,71.18064516,549,385,441.3630952,33.1,22.6,25.91190476
26,2,2020-09-16 0:00,27.2,10.6,18.48095238,34.3,13.5,21.82678571,89.2,30.6,68.96442953,567,376,456.0654762,29.1,18.6,23.87380952
26,3,2020-09-23 0:00,29.5,9.3,18.13035714,35.6,12.8,21.48392857,88.3,30.3,68.55769231,582,376,458.3928571,29.8,18.3,23.19345238
26,4,2020-09-30 0:00,26.8,6.3,17.50119048,35.1,9.1,20.62619048,85,30,67.27625899,619,376,453.5357143,27.8,15.9,22.37797619
26,5,2020-10-07 0:00,25.7,5.5,15.56011905,33,9.2,18.90833333,99,30.7,73.96446281,769,390,518.9583333,26.5,16.1,20.81190476
26,6,2020-10-14 0:00,23.6,2.6,11.15952381,29.7,6.5,15.86607143,99.5,30.1,74.58538462,670,366,526.8928571,23.3,12.9,17.7125
26,7,2020-10-21 0:00,22.3,1.9,10.27916667,28.1,10.6,16.56428571,97.8,32.1,69.7760274,762,405,566.6785714,22,15.1,18.1327381
26,8,2020-10-28 0:00,21.5,-0.3,9.283928571,29.3,10.7,16.32916667,96.3,30.5,66.1971223,799,384,560.797619,22.3,14.7,17.9952381
26,9,2020-11-04 0:00,21.2,-4.7,6.514285714,27.2,9,15.33035714,97.1,30.6,68.12230216,783,405,577.702381,21.1,13.3,16.96369048
26,10,2020-11-11 0:00,22.6,-3.4,7.966071429,29.9,9.7,15.96964286,97.4,32.5,70.27517241,778,405,588.7916667,20.6,14,17.37083333
26,11,2020-11-18 0:00,22.9,-2.2,9.318452381,26.3,7.8,15.80119048,99.5,30.9,83.79183673,745,323,526.6011905,21.7,13.7,17.3797619
26,12,2020-11-25 0:00,13.7,-6.6,2.871428571,24.8,7.5,13.92797619,99.1,30.3,74.25032258,731,380,561.5535714,19.4,12.2,15.6297619
26,13,2020-12-02 0:00,10.9,-7.3,0.35297619,24.7,7.2,12.925,98.3,36.2,71.43690476,952,375,579.2083333,19.2,11.6,14.70238095
26,14,2020-12-09 0:00,10.4,-9.2,-0.308928571,24.6,6.5,12.35952381,99.9,32.7,72.76848485,777,340,566.547619,19.3,11,14.1827381
26,15,2020-12-16 0:00,6.6,-11.3,-3.714285714,25.8,6.2,11.1547619,97.1,31.1,71.09880952,780,368,600.6190476,17.1,9.7,12.81547619
26,16,2020-12-23 0:00,8.8,-7.8,-0.138690476,24.3,7.7,12.05595238,99.9,37.7,82.03515625,820,346,648.7261905,18.2,10.7,13.775
26,17,2020-12-30 0:00,5.1,-12.7,-4.268452381,27.7,5.1,10.48805031,100,35.1,81.48509317,881,368,672.6547619,17.2,7.4,12.05178571
26,18,2021-01-06 0:00,2.5,-20.9,-9.536309524,25.4,5.7,9.8375,99.3,47.5,81.97738095,999,413,726.3571429,17.2,9.1,11.56904762
26,19,2021-01-13 0:00,14.9,-11.1,-1.04047619,26.4,6.1,11.09642857,98.5,33,75.35092025,909,468,722.1428571,18.8,9.5,13.05
26,20,2021-01-20 0:00,14.7,-11.2,4.322619048,25.4,5.6,12.53988095,99.5,30,77.8152,933,453,710.2083333,19.4,9.8,14.26845238
26,21,2021-01-27 0:00,12.3,-10.7,0.050595238,27.1,5.2,11.46666667,99.5,30,73.68874172,798,420,639.6428571,19,9.6,13.22202381
26,22,2021-02-03 0:00,12.5,-8.7,-0.35952381,26.4,5.8,12.69880952,95.1,30.2,67.57028986,826,407,629.5892857,21.1,10.8,14.83452381
26,23,2021-02-10 0:00,19.6,-8.2,2.936309524,24.5,6.2,12.63988095,96.7,30.7,69.48413793,837,465,644.9107143,20.1,11.2,14.74285714
26,24,2021-02-17 0:00,22.8,-8.8,1.442857143,29.3,5,12.70662651,92.5,31.7,68.89416058,851,354,657.5119048,22.9,9,14.96845238
26,25,2021-02-24 0:00,16.1,-4.7,5.327380952,25.2,6,12.60297619,99.1,30.1,75.27986111,851,462,637.1190476,20,11.2,14.49642857
26,26,2021-03-03 0:00,20.3,-4.5,6.430357143,31.1,6,13.80833333,96.7,30.7,74.84671533,839,474,643.6011905,21.3,11.7,16.04345238
26,27,2021-03-10 0:00,19.8,-2.3,8.573214286,26.4,7.2,15.00952381,99.5,32.1,72.51056911,809,403,602.4166667,22.9,12.6,17.48214286
26,28,2021-03-17 0:00,22.1,-3.2,8.153571429,27.5,6.2,14.71130952,96.2,32.8,71.02,787,408,559.8988095,24.5,12.7,17.5202381
26,29,2021-03-24 0:00,25.5,-2.1,10.89047619,33,6.8,15.45059524,99.6,31.4,70.35614035,736,461,579.0357143,25.8,12.4,17.66904762
26,30,2021-03-31 0:00,25.3,0.3,13.40714286,33.2,6.5,17.50535714,99.5,31.1,78.15688073,812,387,592.0297619,26.4,13.6,19.63095238
26,31,2021-04-07 0:00,23.7,-0.3,11.51666667,32.5,5.4,16.60179641,99.5,31.3,74.95794393,832,438,588.547619,27.7,12.6,19.17797619
26,32,2021-04-14 0:00,27.9,-2.2,10.07321429,34.5,5.6,16.68869048,91.8,31.1,65.33921569,817,446,590.7261905,29.1,14.1,19.38035714
26,33,2021-04-21 0:00,29,6.9,17.3,36,10.8,20.83869048,90.6,30.6,74.37959184,915,312,562.8869048,29.2,18,22.9077381
26,34,2021-04-28 0:00,23.6,9.5,15.99305556,30,12.7,19.97916667,91.4,31,75.38333333,743,344,509.0277778,26.1,18,22.22777778
31,1,2020-09-15 0:00,26,9.5,18.10357143,29.5,12,21.0375,100,45.6,95.78571429,540,428,474.1488095,29.9,13.2,21.3797619
31,2,2020-09-22 0:00,26.3,11.1,17.18154762,33.5,13.5,20.36666667,98.4,40.7,80.37559524,580,431,488.9107143,32,13.3,20.79107143
31,3,2020-09-29 0:00,25.6,6.8,16.90416667,30.5,10.1,19.92916667,97.2,37.9,80.02291667,602,430,483.485119,30.3,10.5,20.07619048
31,4,2020-10-06 0:00,23.6,4.9,14.29761905,31.2,8.4,18.38571429,95.7,31.8,75.06607143,643,432,499.75,36.5,9.8,19.76309524
31,5,2020-10-13 0:00,20.6,3.2,10.79077381,29.3,8.1,16.01071429,93.7,28.4,76.90059524,629,408,500.3214286,29.8,8.8,15.88660714
31,6,2020-10-20 0:00,22,0.3,10.27886905,31,8.1,16.26071429,96.8,35.2,78.06815476,635,399,494.3452381,29.5,9.8,15.95238095
31,7,2020-10-27 0:00,20.6,0.2,9.65952381,30.5,7.5,15.7797619,95.4,38.6,77.7764881,646,410,506.702381,28.7,8.9,15.85744048
31,8,2020-11-03 0:00,19.5,-3.7,6.91547619,30,5.8,14.6452381,95.4,35.7,76.15714286,673,346,506.5238095,30.3,3.6,13.53214286
31,9,2020-11-10 0:00,22,-3.1,7.54047619,31,6.9,14.91607143,95.4,38.4,76.43214286,726,360,534.0892857,30.2,1.4,13.60178571
31,10,2020-11-17 0:00,21.3,-1.3,11.13869048,34.1,5.9,15.58988095,98.7,49.6,84.46607143,638,280,459.2380952,28,6.4,15.69940476
31,11,2020-11-24 0:00,12.7,-3.6,4.132142857,27.4,5.7,12.96488095,96,52.7,83.55119048,677,282,484.3452381,29.8,4.9,12.09583333
31,12,2020-12-01 0:00,9.9,-6.8,0.760714286,28.5,5.4,13.38571429,96.7,56.5,81.34166667,639,282,504.4047619,32,3.9,11.5422619
31,13,2020-12-08 0:00,10.6,-7.6,1.164880952,26.4,5.4,12.55535714,96.8,56.4,83.42321429,714,413,573.1428571,30.7,2.2,11.07202381
31,14,2020-12-15 0:00,5.9,-9.1,-3.1375,27.6,5.3,11.84940476,94.1,62.8,82.36279762,715,421,607.6130952,30.6,1.2,9.379166667
31,15,2020-12-22 0:00,12,-7.7,0.910119048,30.4,5.5,12.65119048,97.3,65.4,86.66309524,768,424,607.077381,30.7,1.1,10.5422619
31,16,2020-12-29 0:00,8.4,-14.3,-3.15297619,29.9,5.8,12.30178571,96.7,62.9,87.33154762,819,414,622.625,28.3,0.7,9.631547619
31,17,2021-01-05 0:00,2,-19.1,-7.282142857,28,4.9,11.14761905,94.4,64.5,85.07380952,828,422,650.3869048,29.7,0.1,8.465584416
31,18,2021-01-12 0:00,14.1,-9.3,-0.114880952,27.9,5.7,13.12440476,96.3,61.5,85.0297619,881,441,635.8928571,31,0.5,10.87857143
31,19,2021-01-19 0:00,13,-9.3,4.057142857,29.9,6.3,13.85059524,97.9,48,86.7797619,835,452,644.7559524,27.2,2.4,11.88452381
31,20,2021-01-26 0:00,10.9,-7.9,1.620535714,29.9,6,13.1952381,97,49.2,85.43660714,827,427,627.2410714,26.5,2.7,11.12142857
31,21,2021-02-02 0:00,11.8,-8,0.175595238,29.6,5.9,14.08571429,96.2,50.3,81.78154762,853,439,609.1785714,27.7,2.7,11.60178571
31,22,2021-02-09 0:00,18.1,-7.9,3.185714286,29.4,5.6,13.62916667,96,23.8,79.03511905,810,438,606.7321429,28.8,4.1,12.14345238
31,23,2021-02-16 0:00,20.8,-7.2,1.505952381,29.2,6.4,14.39761905,92.7,38.3,79.6452381,791,428,579.5892857,30.4,5.5,12.43392857
31,24,2021-02-23 0:00,14.8,-5.7,4.816071429,28.7,6.1,14.2952381,97.3,49,85.0702381,822,406,567.2440476,29.2,5.3,12.34166667
31,25,2021-03-02 0:00,16.8,-3.6,5.673214286,28.9,6.6,15.46785714,97,46.1,82.27380952,734,424,544.4642857,30.3,5.4,14.08630952
31,26,2021-03-09 0:00,17,-3,6.88597561,29.4,6.7,15.36036585,95.7,34.2,79.99512195,806,399,553.1402439,30,6.6,14.06890244
31,27,2021-03-16 0:00,18.6,-3,7.458333333,29.8,6.3,15.79166667,96.8,42.4,78.78452381,877,400,541.1547619,28.2,5,14.49702381
31,28,2021-03-23 0:00,21.8,-2,9.275595238,28.7,6.2,16.15178571,98.8,37,80.75297619,854,378,543.0714286,29,5.4,15.11964286
31,29,2021-03-30 0:00,21.3,1.1,11.75595238,27.3,7.1,16.80297619,100,36.4,82.67321429,743,383,496.5178571,26.8,7.6,16.52321429
31,30,2021-04-06 0:00,19.9,-1.1,10.09880952,28.4,6.9,16.19047619,97,28.1,75.87380952,822,383,528.9404762,26.4,5.5,15.17857143
31,31,2021-04-13 0:00,18.4,-2.7,8.382738095,28.7,5.9,15.72440476,97.4,34.5,78.0625,802,378,511.2857143,26.3,4.6,14.37797619
31,32,2021-04-20 0:00,24.7,-0.2,14.58452381,30.2,6.3,18.04494048,96.5,33,72.45029762,801,396,503.9166667,27.4,5.1,17.50029762
31,33,2021-04-27 0:00,21.7,2.5,12.12083333,30.7,7.6,17.3827381,96.9,40.9,79.70059524,692,373,474.1190476,27.7,9.8,17.1952381
31,34,2021-05-04 0:00,22.4,1.5,13.49672619,31.1,7.5,18.18244048,100,46.3,84.45208333,729,347,471.9791667,28.7,10,17.99583333
31,35,2021-05-11 0:00,28,9.5,18.05714286,31,11.3,21.20238095,99.7,56.1,84.19642857,623,375,466.7857143,28.5,13.5,20.81309524
31,36,2021-05-18 0:00,26.7,11.8,16.94791667,29.5,13.7,20.36041667,97.9,46.4,79.67916667,525,431,462.7083333,27.7,14.1,20.16875
34,1,2020-09-16 0:00,25.1,10.6,18.49404762,30.2,11.6,19.96309524,100,86.1,98.49285714,502,271,311.6369048,30.5,11.5,20.0827381
34,2,2020-09-23 0:00,26.9,10.6,18.325,33.2,11.5,20.06964286,100,83.1,98.52738095,614,252,323.1488095,33.8,11.6,20.22619048
34,3,2020-09-30 0:00,25.6,7.1,17.43652695,32,12.5,20.08083832,100,88,98.49221557,378,278,323.2590361,32.6,11,20.06107784
34,4,2020-10-07 0:00,23.8,5.8,15.21666667,30.9,10.4,18.5047619,100,87.2,98.46607143,385,281,326.2440476,30.4,10.7,18.42619048
34,5,2020-10-14 0:00,22.8,4.1,11.76309524,30.9,9.3,16.95892857,100,82.9,98.40178571,529,261,364.4404762,31.5,9.3,17.20297619
34,6,2020-10-21 0:00,21.3,2.2,11.2875,28.1,9.9,16.19940476,100,84.8,98.2,579,245,359.0654762,28.4,10,16.36309524
34,7,2020-10-28 0:00,20.1,0.8,10.2742515,27.8,7.5,15.07724551,100,87.5,98.25628743,606,213,366.4131737,28.5,7.6,15.32035928
34,8,2020-11-04 0:00,20.5,-2.6,7.975595238,28.2,7.1,14.3797619,100,86.7,98.1827381,508,212,354.3173653,28,7.5,14.4452381
34,9,2020-11-11 0:00,23.2,-1.4,10.02857143,29.2,6.4,14.94166667,100,89.6,98.3375,517,246,355.6547619,29.2,6.8,15.04464286
34,10,2020-11-18 0:00,22.7,0.2,10.93392857,26,6.1,14.63809524,100,87.1,98.04107143,404,205,290.4802632,25.7,6.3,14.75059524
34,11,2020-11-25 0:00,13,-5,4.647619048,25.5,7.7,13.1047619,100,88.3,98.13988095,503,204,330.683871,24.9,8,13.06071429
34,12,2020-12-02 0:00,10.5,-5.7,1.876785714,28.2,8,13.35178571,100,92.6,98.0047619,484,204,338.7088608,27.3,7.9,13.275
34,13,2020-12-09 0:00,11.7,-7.5,1.481547619,27.5,7.6,12.46130952,100,89.5,98.04047619,474,201,326.6315789,26.8,7.4,12.47559524
34,14,2020-12-16 0:00,7.3,-8,-1.638690476,25.8,7.7,12.01666667,100,91.8,98.1875,452,201,319.7132353,24.8,7.2,11.79464286
34,15,2020-12-23 0:00,13.3,-5.7,2.414285714,26.1,7.7,12.43988095,100,91.4,98.00595238,1361,200,417.3785714,26,6.9,12.31190476
34,16,2020-12-30 0:00,7,-12.4,-2.396428571,28.3,7.2,12.42083333,100,89.9,97.99107143,466,245,352.5,27.5,7.3,12.3202381
34,17,2021-01-06 0:00,3.5,-17.7,-6.725149701,27.2,5.5,11.94011976,100,93.7,98.16646707,474,218,354.5722892,26.4,6.2,11.83113772
34,18,2021-01-13 0:00,15.6,-7.2,1.218787879,29.2,5.8,12.95878788,100,93.6,98.14727273,504,259,358.969697,29,6.1,13.3569697
34,19,2021-01-20 0:00,14.5,-8.5,6.353571429,28.2,8.7,13.19285714,100,91.1,98.09821429,546,289,388.4047619,29,8.8,13.58095238
34,20,2021-01-27 0:00,12.5,-7.5,1.85297619,27.1,8.1,13.33035714,100,91.6,98.0202381,484,231,351.625,27.1,7.6,13.32380952
34,21,2021-02-03 0:00,12.7,-7.3,1.354166667,29.6,8.4,14.05357143,100,92,98.12738095,514,271,364.75,29.4,8.5,14.19940476
34,22,2021-02-10 0:00,19.2,-6.8,4.341071429,25.7,8.2,13.76190476,100,92.5,98.17738095,558,254,401.8392857,27.8,8.5,13.90357143
34,23,2021-02-17 0:00,21.7,-6.1,2.978571429,28.2,8.5,14.28154762,100,91.2,98.10892857,573,248,379.4431138,29,8.5,14.46666667
34,24,2021-02-24 0:00,16.6,-4.7,6.357738095,25.6,7.8,13.83095238,100,93.3,98.16964286,552,257,400.2440476,27.1,8.2,14.40654762
34,25,2021-03-03 0:00,17.9,-2.8,7.236309524,28.2,9.1,15.00416667,100,88.6,98.29404762,878,258,395.2857143,27.9,9.3,15.4827381
34,26,2021-03-10 0:00,18.8,-1.6,8.705952381,29.2,7.8,15.31607143,100,88.6,98.23809524,565,259,368.4404762,30.5,8.6,15.9875
34,27,2021-03-17 0:00,19.8,-2.1,8.081927711,28.7,6.8,14.9626506,100,84.6,98.21445783,930,252,379.9036145,29.1,6.9,15.75963855
34,28,2021-03-24 0:00,22.6,-0.3,11.1452381,30.5,7.4,15.6297619,100,90.4,98.31964286,1199,245,358.5595238,32,7.7,16.18154762
34,29,2021-03-31 0:00,22.6,2.3,12.99464286,30.1,7.1,16.18630952,100,90.3,98.40357143,855,249,326.2202381,31,7.6,16.6375
34,30,2021-04-07 0:00,20.8,0.1,11.3375,30.4,7.4,15.99880952,100,88.1,98.38869048,784,250,339.9700599,31.7,8.2,16.77619048
34,31,2021-04-14 0:00,24.8,-1.1,9.901190476,30.9,6.6,15.39642857,100,84.1,98.25416667,680,246,345.9821429,29.9,5.9,15.77440476
34,32,2021-04-21 0:00,25,6,16.06190476,31.1,7.7,17.64940476,100,89.7,98.48571429,355,259,295.1488095,32.5,7.4,18.32440476
34,33,2021-04-28 0:00,23.1,3.5,13.69493671,31.5,7,16.78544304,100,90.3,98.31265823,844,224,289.0316456,33.4,7.3,17.51708861
34,34,2021-05-05 0:00,23.6,2.1,14.99821429,31.9,3.9,17.14285714,100,88.4,98.40416667,403,251,288.5416667,34.1,3.9,17.56607143
34,35,2021-05-12 0:00,29.2,11,19.44702381,32.7,11,21.10178571,100,89.9,98.56547619,380,251,294.8333333,34.5,11.1,21.40059524
34,36,2021-05-19 0:00,28.2,12.5,17.0625,34.2,12.6,18.94861111,100,87.5,98.47777778,682,244,292.0277778,36.6,12.7,19.13333333
38,1,2020-09-15 0:00,25.6,10,19.17619048,38.4,10.8,22.40833333,100,82.1,99.19166667,446,312,364.3333333,33.1,21.5,26.37692308
38,2,2020-09-22 0:00,25.5,11.8,17.7125,38.9,13,21.55297619,100,71.2,98.00833333,438,349,385.0416667,,,
38,3,2020-09-29 0:00,26.4,10.1,17.11666667,38.4,11.3,20.98511905,100,70,98.16964286,452,340,384.8809524,37.2,37.2,37.2
38,4,2020-10-06 0:00,23.6,6.8,15.32678571,33,11.1,18.74702381,100,81,98.70357143,462,339,386.952381,37.2,30.4,34.58145695
38,5,2020-10-13 0:00,21.4,4.5,12.90833333,35.8,11.1,18.4952381,100,87.3,98.71845238,448,345,384.1845238,30.5,30.5,30.5
38,6,2020-10-20 0:00,21.4,4.7,11.53869048,36.3,12,18.97738095,100,29.8,79.76904762,573,348,423.3809524,30.5,30.5,30.5
38,7,2020-10-27 0:00,19.9,3.1,11.30059524,29.3,12.5,18.60892857,95.2,25,74.47797619,629,353,449.8095238,30.5,20,30.03820225
38,8,2020-11-03 0:00,20,-1.4,8.546428571,31,11.2,18.05892857,92.7,27.6,74.03452381,669,311,450,,,
38,9,2020-11-10 0:00,19.2,-0.2,8.821428571,28.7,10.7,17.97321429,97.7,30.8,74.98809524,647,333,458.2261905,,,
38,10,2020-11-17 0:00,20.8,0.1,12.05892857,26.7,10.8,17.88511905,98.2,51.5,89.13690476,540,321,417.8333333,39.8,36,38.56818182
38,11,2020-11-24 0:00,12.9,-2.3,5.967261905,27.1,8.9,15.40833333,97.7,37.7,80.83988095,623,333,426.8690476,39.8,37.5,38.89425287
38,12,2020-12-01 0:00,10.1,-4.9,2.966071429,27.6,7.8,14.02559524,95.4,40.9,84.59583333,564,306,415.5892857,39.9,34,38.18032787
38,13,2020-12-08 0:00,11.4,-5.4,2.382142857,27.2,5.6,12.88988095,95.9,67.2,88.39761905,533,309,427.0952381,39.9,37.9,39.0625
38,14,2020-12-15 0:00,6,-8.3,-1.766666667,27,4.3,11.67916667,94.5,71.3,88.0797619,565,325,406.1488095,39.9,36.8,38.15259259
38,15,2020-12-22 0:00,13,-5.4,2.382738095,26.8,5.3,12.90714286,96.4,71.3,89.93928571,543,315,428.3154762,39.8,36.4,37.46861314
38,16,2020-12-29 0:00,12,-8.4,-1.221428571,26.6,5.8,11.04880952,96,75.1,91.19107143,532,279,395.6607143,39.9,35,37.03821656
38,17,2021-01-05 0:00,2.7,-15.4,-5.403571429,25.4,2.8,9.735119048,97,74.4,91.2327381,599,277,410.422619,39.9,33.3,35.91168831
38,18,2021-01-12 0:00,13.6,-7.1,0.7375,26.9,6,12.69047619,97.5,57.4,88.98690476,1159,307,480.7440476,,,
38,19,2021-01-19 0:00,11.9,-8.4,4.316071429,28.1,4.8,12.85416667,98.8,70.8,91.5827381,1183,321,471.952381,,,
38,20,2021-01-26 0:00,10.5,-7.3,2.19702381,27.2,6.4,13.00714286,97.8,68.5,91.45535714,1048,320,504.8571429,,,
38,21,2021-02-02 0:00,12.6,-6.2,1.11497006,30.5,6.9,14.58143713,97,70.1,89.06886228,1046,320,460.4730539,27.7,11.5,24.71714286
38,22,2021-02-09 0:00,16.3,-6.4,3.983333333,31.3,2.4,14.83928571,97.6,66.1,88.57916667,1000,331,449.8869048,27.7,10,22.62857143
38,23,2021-02-16 0:00,18.6,-6,3.496428571,32.9,6.7,14.77857143,100,72.4,94.38988095,979,296,444.9345238,36.9,20.3,26.89230769
38,24,2021-02-23 0:00,15.1,-2.6,6.541666667,28.8,8.5,15.7827381,100,87.7,99.65357143,1021,285,435.3452381,37.6,16.1,23.41369863
38,25,2021-03-02 0:00,16.7,-3.8,5.957142857,31,8.6,16.25892857,100,86.5,99.5172619,510,305,399.7619048,22.9,22.9,22.9
38,26,2021-03-09 0:00,16.7,0.1,7.664880952,28.3,5.4,15.55952381,100,83.1,99.51130952,700,333,424.3392857,22.9,22.9,22.9
38,27,2021-03-16 0:00,15.6,-0.2,7.830357143,28.2,9.1,15.97738095,100,84.9,99.31071429,523,307,388.452381,23.8,10.6,22.51964286
38,28,2021-03-23 0:00,20.4,-0.1,10.22678571,30.2,7.6,15.79166667,100,85.3,99.26904762,506,247,380.5833333,35.7,10.6,17.49122807
38,29,2021-03-30 0:00,19.8,2.1,11.59880952,29.9,7.7,16.05654762,100,86.1,99.37916667,481,281,378.9345238,30.4,28.4,29.5
38,30,2021-04-06 0:00,21,1.8,10.97380952,27.9,7.2,15.59642857,100,90.1,99.55714286,474,278,381,,,
38,31,2021-04-13 0:00,19.1,-1.1,9.25,28.2,4,14.52440476,100,79.2,99.3547619,424,265,356.5297619,,,
38,32,2021-04-20 0:00,22.5,1.8,14.0172619,28.6,6.5,16.90833333,100,89.8,99.35892857,413,333,366.625,,,
38,33,2021-04-27 0:00,21.4,3.3,12.32857143,30.5,7.8,16.34404762,100,86.3,99.28690476,392,293,350.702381,,,
38,34,2021-05-04 0:00,23.4,2.5,14.08630952,34.9,6.2,17.8672619,100,88.4,99.28690476,395,204,351.9636364,,,
38,35,2021-05-11 0:00,25.4,11.1,17.75535714,32.3,13.2,21.0547619,100,91,99.49880952,420,202,346.2671756,,,
38,36,2021-05-18 0:00,25.7,10.3,16.56805556,34.7,12.8,20.31041667,100,89.6,99.46875,390,221,321.3263889,,,
49,1,2020-09-16 0:00,,,,,,,,,,,,,,,
49,2,2020-09-23 0:00,,,,,,,,,,,,,,,
49,3,2020-09-30 0:00,,,,,,,,,,,,,,,
49,4,2020-10-07 0:00,,,,29.1,13.2,19.02916667,90.5,34.3,73.32916667,819,350,583,27.6,15.8,20.36666667
49,5,2020-10-14 0:00,,,,27.5,10,17.58392857,95.8,34.8,74.35238095,948,372,615.0833333,26.3,13.1,18.68452381
49,6,2020-10-21 0:00,,,,28.3,9.6,17.58630952,96.1,24.2,74.2625,995,347,618.7559524,24.6,12.9,18.43511905
49,7,2020-10-28 0:00,,,,28.9,7.2,16.3577381,96.4,30.2,78.48035714,1051,380,711.6428571,23.8,11.1,17.2
49,8,2020-11-04 0:00,,,,29.2,6.1,15.47857143,95.6,22.8,74.73333333,954,366,629.3214286,24.1,10,16.50238095
49,9,2020-11-11 0:00,,,,30,5.6,15.51011905,96.1,28.8,77.98452381,1239,438,770.1607143,23.8,9.2,16.39880952
49,10,2020-11-18 0:00,,,,30.4,6.9,15.79642857,96.5,36,85.99702381,1134,325,610.2857143,25.1,10.5,16.47202381
49,11,2020-11-25 0:00,,,,31.1,6.8,14.3202381,97.2,33.8,83.78511905,1105,356,702.1607143,23.2,9.8,14.98392857
49,12,2020-12-02 0:00,,,,30.9,8.2,14.44285714,96.1,45.2,83.86607143,1176,381,787.1011905,21.8,10.4,14.79821429
49,13,2020-12-09 0:00,,,,32.2,6.5,13.82142857,96.9,39.7,84.75892857,1163,421,770.6369048,20.7,9.2,14.12202381
49,14,2020-12-16 0:00,,,,32.9,7,13.625,97.4,38,84.90059524,1053,381,730.3869048,22.4,9.3,13.71845238
49,15,2020-12-23 0:00,,,,34.2,8.2,14.51488095,98.1,48,87.71964286,1224,399,823.0178571,23.1,10.7,14.86785714
49,16,2020-12-30 0:00,,,,31.7,7.7,13.86904762,97.6,42.9,85.83869048,1133,388,773.375,25.7,9.8,14.62678571
49,17,2021-01-06 0:00,,,,33,7.5,13.63333333,96.2,42.4,84.0547619,1095,418,775.3988095,23.8,9.7,14.25833333
49,18,2021-01-13 0:00,,,,34.2,8.9,15.63630952,96.9,39.6,85.04642857,1187,447,843.9345238,24.7,10.5,15.7047619
49,19,2021-01-20 0:00,,,,34.9,9,14.88690476,98.3,41.3,90.4922619,1234,438,884.952381,22.3,11.1,15.13809524
49,20,2021-01-27 0:00,,,,36,8.9,15.77916667,97.6,35.2,83.55833333,1227,411,765.702381,23.9,11.5,16.01488095
49,21,2021-02-03 0:00,,,,32.5,8.5,16.09702381,95.9,33.6,80.41190476,1185,402,780.1011905,23.9,11.5,16.80952381
49,22,2021-02-10 0:00,,,,30.7,9.2,16.30595238,95.8,27.3,80.05595238,1268,455,814.7440476,28.1,12,17.39285714
49,23,2021-02-17 0:00,,,,30.6,8.5,16.01904762,95.4,29.3,73.57202381,1010,419,700.6130952,30.3,11,17.97440476
49,24,2021-02-24 0:00,,,,31.4,9.6,15.10714286,96.6,41.3,85.70416667,1031,321,707.125,26.9,11.2,16.01785714
49,25,2021-03-03 0:00,,,,33.9,9.8,16.45714286,96.7,32.9,82.3797619,1055,399,695.0416667,33.5,11.5,17.49880952
49,26,2021-03-10 0:00,,,,31.6,8.2,16.9077381,95.8,21.7,73.79821429,1058,504,733.4940476,30.2,11.9,18.38035714
49,27,2021-03-17 0:00,,,,30.8,9.9,17.53154762,96.2,21.2,75.48154762,1153,414,679.7678571,31.7,13,18.75
49,28,2021-03-24 0:00,,,,33.2,9.3,19.04345238,95.1,23.1,68.37202381,1058,454,691.0178571,32,13.2,20.48690476
49,29,2021-03-31 0:00,,,,29.2,9.2,17.43809524,95.9,29.3,77.3577381,1194,373,667.2142857,29.2,12.3,18.525
49,30,2021-04-07 0:00,,,,28.5,7.1,17.84285714,95.5,31.2,74.8297619,1107,364,629.1904762,28.1,10.5,19.07261905
49,31,2021-04-14 0:00,,,,33.5,9.6,19.17797619,93.4,19.3,64.775,1099,413,655.8988095,29.7,13.6,20.42619048
49,32,2021-04-21 0:00,,,,33.8,7.3,18.58214286,91.5,24.7,66.31428571,1068,394,628.5714286,29,11.8,19.8327381
49,33,2021-04-28 0:00,,,,30.6,9.4,19.25070423,91.7,24.4,62.80422535,946,391,546.4940476,30.8,13.1,20.39295775
49,34,2021-05-05 0:00,,,,34,9.3,20.01130952,93.7,21.7,58.01666667,724,374,523.7678571,32.7,13.7,21.09642857
49,35,2021-05-12 0:00,,,,31,12.1,19.2672619,94.7,44.8,81.7047619,740,432,584.2916667,29.1,14.9,19.94761905
49,36,2021-05-19 0:00,,,,39.5,14.6,22.22777778,94.9,25.8,69.78055556,680,385,573.0833333,34.3,16.8,22.86388889
52,1,2020-06-04 0:00,32.8,15.8,24.10714286,35.8,18.7,26.22678571,100,64.9,93.42202381,693,363,429.8809524,29.3,21.1,24.58333333
52,2,2020-06-11 0:00,32.1,16.9,24.27321429,39.5,19.4,27.34730539,98.4,34.4,83.52797619,583,354,417.172619,31.5,21.4,26.18452381
52,3,2020-06-18 0:00,31.4,16.3,22.34940476,35.8,18.5,25.25,98.7,46.1,88.11785714,603,333,400.8035714,32,20.4,24.92678571
52,4,2020-06-25 0:00,32.8,19.4,23.73452381,39.3,20.2,26.28809524,98.3,68.7,87.78392857,428,334,372.7321429,35.7,21.8,26.34047619
52,5,2020-07-02 0:00,30.8,16.9,22.49642857,37.1,18,24.76845238,97.9,74.5,89.60833333,420,328,366.2380952,30.8,20.2,24.59821429
52,6,2020-07-09 0:00,30.5,18.1,21.76607143,35.9,19.6,24.04940476,98.4,75.2,93.00833333,427,316,359.25,31.7,20.8,24.35357143
52,7,2020-07-16 0:00,30.3,18.5,23.78869048,38.4,20.1,26.27440476,98.3,69.5,91.1125,423,328,364.5654762,35.3,21,26.03988095
52,8,2020-07-23 0:00,28.6,20.1,22.71666667,36.9,20.9,24.98154762,99.2,75.3,95.36130952,421,315,368.1666667,30.4,21.4,24.66845238
52,9,2020-07-30 0:00,32.1,21.7,26.42619048,39.3,22.4,28.59285714,99.1,75.7,92.14880952,491,338,384.1428571,33.7,23.4,27.78333333
52,10,2020-08-06 0:00,30.4,22.8,25.79464286,37,23.9,27.22202381,99.2,78.8,95.68571429,450,340,369.625,31.2,24.3,26.73928571
52,11,2020-08-13 0:00,35.9,22.8,28.26666667,39.5,23.7,29.91401274,99.2,74.1,90.55892857,539,356,408.3154762,35.5,25.3,29.18333333
52,12,2020-08-20 0:00,35.6,21.5,27.05988024,39.3,22.4,29.09030303,98.7,74,91.29281437,530,349,405.5688623,34.1,24.4,28.24071856
52,13,2020-08-27 0:00,33.2,22.4,26.08392857,38.3,22.8,27.76204819,99.2,58.4,90.94107143,556,336,391.4047619,32.6,24,27.53988095
52,14,2020-09-03 0:00,29,16,22.07678571,36,17.3,24.15119048,99.5,52.1,88.19345238,507,316,381.3869048,30.2,19.7,23.73035714
52,15,2020-09-10 0:00,28.3,17.8,21.52142857,35.2,18.9,23.72321429,99.6,53.3,88.52083333,495,331,381.1547619,29.8,20.5,23.30059524
52,16,2020-09-17 0:00,26.6,10.3,17.8422619,31.4,11.2,20.26130952,99.4,44.1,85.89583333,455,316,361.9761905,27.2,15.5,20.30238095
52,17,2020-09-24 0:00,25.1,9.3,17.88630952,35.1,10.6,20.91130952,99,49.1,82.67619048,464,317,363.5952381,28.6,15.5,21.14464286
52,18,2020-10-01 0:00,26,8,17.77797619,35.6,9.8,20.79940476,100,44.4,81.6827381,467,293,360.5089286,27.2,14.5,20.6327381
52,19,2020-10-08 0:00,24.3,6.1,16.40535714,35.1,10.7,20.9297619,100,45.9,82.20238095,529,305,394.6845238,29.4,13.9,21.28035714
52,20,2020-10-15 0:00,22,4,12.45416667,34.6,8.5,18.28095238,99,42.6,84.76785714,553,305,423.8928571,29,13,19.45892857
52,21,2020-10-22 0:00,22.3,3.8,12.88154762,32.8,8.4,18.64166667,99.1,44.4,86.68333333,797,329,433.6428571,29.2,11.9,19.78511905
52,22,2020-10-29 0:00,19,-0.6,9.722619048,30.8,6.4,16.33452381,98.95,50.3,88.58839286,1303,315,472.9161677,27.7,10.6,17.84166667
52,23,2020-11-05 0:00,22.4,-2.9,9.004761905,28,6.8,15.17559524,99.1,72.1,90.8827381,1223,299,533.577381,24.4,9.5,16.6875
52,24,2020-11-12 0:00,21.7,-1.1,10.91676647,24.8,7.9,15.51437126,100,76.3,91.56646707,948,321,474.4011976,22.4,12.2,16.96526946
52,25,2020-11-19 0:00,22.3,0.6,9.429166667,24.4,7,14.14940476,100,78.5,93.62559524,785,294,401.4583333,22.5,11.7,15.83035714
52,26,2020-11-26 0:00,13.5,-3.5,5.082142857,25.6,7.5,13.61785714,100,77.3,95.27440476,1209,277,465.0654762,21.5,11.4,15.33333333
52,27,2020-12-03 0:00,11.9,-6,3.337106918,26.4,6.2,12.70503145,100,40.4,91.56981132,1242,287,510.5471698,19.5,10.4,14.54402516
52,28,2020-12-10 0:00,12.7,-7.2,1.65,23.8,6.6,12.3952381,96.1,47.8,84.89940476,1377,301,570.8012422,20.2,10.1,14.20119048
52,29,2020-12-17 0:00,8.8,-7.4,-0.105357143,22.1,7.3,12.38928571,98.8,52.1,85.19821429,1387,316,581.5810811,20.5,11.1,15.09940476
52,30,2020-12-24 0:00,13.1,-6.7,1.867261905,23.7,7.7,13.42797619,99,47,87.31130952,1340,284,620.6107784,22.7,11.8,16.38869048
52,31,2020-12-31 0:00,7.8,-7.8,-1.039285714,26.8,7.5,13.13869048,99,58.7,86.0875,1393,305,648.1488095,23.3,11.3,16.1077381
52,32,2021-01-07 0:00,12.2,-13.9,-4.555357143,26.7,7.2,12.75297619,97,54.4,83.68333333,1387,392,820.7454545,23.7,10.2,15.50238095
52,33,2021-01-14 0:00,16.3,-9.6,0.722619048,26.7,7.9,14.07857143,96.3,50,88.50892857,1373,347,711.870229,23.8,11.1,16.86071429
52,34,2021-01-21 0:00,13.8,-5.9,6.641666667,26.4,8.1,15.01071429,99.5,41.4,90.94166667,1396,343,859.2212389,25,12.9,17.57083333
52,35,2021-01-28 0:00,11.9,-8.4,1.366071429,26.6,8,14.94642857,97.4,44.6,84.09047619,1371,344,648.3825503,24.7,12.9,18.28154762
52,36,2021-02-04 0:00,15.7,-5.9,2.820833333,26.3,8,15.14821429,98.4,38.1,80.72916667,1323,343,673.1633987,24.7,13.2,18.4077381
52,37,2021-02-11 0:00,19.9,-5.3,4.02202381,30.2,8.7,15.1625,98.9,34.3,84.41547619,1387,323,617.0122699,23.8,13.2,17.82797619
52,38,2021-02-18 0:00,24,-7.5,5.657142857,30.7,8.1,15.48928571,100,31.8,85.02678571,1368,321,550.6545455,26,13.6,18.7547619
52,39,2021-02-25 0:00,15.3,-3.4,6.50952381,26.5,7.9,14.41428571,99,42.6,85.4797619,1382,300,617.283871,24,12.8,17.59821429
52,40,2021-03-04 0:00,18.7,-1,8.098809524,26,9.2,15.65178571,99,38.8,81.69940476,1260,306,575.195122,25.1,13.3,18.52380952
52,41,2021-03-11 0:00,20.6,0.5,10.10654762,25.9,6.5,15.1,99.1,34.1,76.23154762,1249,294,454.1845238,24.1,11.9,17.35654762
52,42,2021-03-18 0:00,19.2,-1.2,9.504166667,25.9,6.3,15.13809524,95.3,36.1,74.68095238,606,268,382.577381,25.3,12.3,17.71964286
52,43,2021-03-25 0:00,23.8,1.6,12.59702381,28.3,6,16.11488095,98.5,34.6,75.97261905,560,306,384.7619048,26.1,11.7,17.72083333
52,44,2021-04-01 0:00,22.2,1.2,13.35892857,28.6,4.2,16.02678571,99,35.8,73.90416667,418,281,342.8630952,24.4,10.2,17.425
52,45,2021-04-08 0:00,21.3,2.4,11.46607143,26.9,4.1,14.81488095,99,33.5,74.57738095,419,273,337.6369048,24.4,10.3,16.46011905
52,46,2021-04-15 0:00,26.4,0.7,13.17321429,32.8,5,16.86130952,100,36.2,93.08869048,541,322,390.8392857,26.4,10.4,18.07440476
52,47,2021-04-22 0:00,24.7,5.2,15.6125,31.1,6.3,17.60952381,97.5,38.5,68.87321429,423,283,346.9107143,25.1,11.9,18.43452381
52,48,2021-04-29 0:00,23.5,4,14.5827381,29.8,5.3,17.13214286,98.4,32.3,71.38869048,388,286,335.202381,25.6,11.4,18.16904762
52,49,2021-05-06 0:00,25.3,2.7,15.5297619,30,4.3,17.85963855,95.7,37,72.23095238,453,270,345.5059524,24.8,10.7,18.31011905
52,50,2021-05-13 0:00,30.4,11,20.05892857,34.6,11.6,21.67678571,100,36.1,87.35238095,446,321,371.4880952,28.1,16.4,21.60297619
52,51,2021-05-20 0:00,29.1,10.3,18.55448718,35.2,11.7,20.60576923,99,40.5,76.275,479,323,367.2307692,27.6,15.5,20.95897436
51,1,2020-09-12 0:00,26.7,11.5,19.39761905,30.1,12.6,21.22916667,99.9,91.6,99.08571429,390,308,336.2440476,30.5,12.1,20.94583333
51,2,2020-09-19 0:00,24.1,8.1,16.07305389,30,11.1,18.29281437,99.9,91.2,98.78083832,646,313,352.2035928,30.9,10.6,17.97005988
51,3,2020-09-26 0:00,24.9,7.6,16.25357143,31.4,11.4,19.04166667,99.9,89.8,98.47083333,704,312,372.077381,31.7,10.9,18.77380952
51,4,2020-10-03 0:00,26,4.7,15.57321429,31,8.9,18.33452381,99.9,82.4,98.44047619,753,300,356.047619,31.4,8.4,18.08571429
51,5,2020-10-10 0:00,22,2.9,12.40714286,27.1,8.1,16.64761905,99.9,88.4,98.34761905,747,304,370.4821429,27.8,7.8,16.35535714
51,6,2020-10-17 0:00,21,1.4,10.74880952,28.4,9.4,17.10178571,99.9,43.1,92.6922619,764,312,417.7440476,28.1,8.2,16.30119048
51,7,2020-10-24 0:00,21.5,-0.6,10.03154762,26.9,9.3,17.5327381,98.6,30.8,81.76488095,779,325,448.4404762,28.1,8.9,17.05297619
51,8,2020-10-31 0:00,16.6,-4.5,7.669047619,26,10,16.45,98.3,42.8,86.94464286,731,230,423.6845238,25.8,9,15.82797619
51,9,2020-11-07 0:00,20.8,-2.4,7.105357143,26.7,8.9,16.30416667,98.1,43.7,83.10416667,1256,304,445.0674847,27.1,8.5,16.13392857
51,10,2020-11-14 0:00,20.8,-0.4,11.13333333,26.4,10.1,16.68690476,99.4,54.3,91.31369048,1279,229,435.7738095,26.5,10.2,16.51904762
51,11,2020-11-21 0:00,12.8,-2.4,4.86547619,24.9,10.1,15.65238095,99.9,58.5,94.83452381,927,219,401.6309524,25.1,10,15.28333333
51,12,2020-11-28 0:00,10,-6.3,1.57202381,24.5,10.2,15.09702381,99.9,85.4,99.01785714,1296,275,498.8741722,24,10.2,14.6172619
51,13,2020-12-05 0:00,11.5,-7.8,1.602380952,24.7,10,14.31547619,99.9,75.6,97.4547619,1277,251,503.7394366,24.8,9.7,14.02083333
51,14,2020-12-12 0:00,8.8,-9.5,-2.102380952,24.1,10.2,13.48869048,98.4,68.4,89.08035714,1265,276,546.5210084,23.8,9.8,13.23809524
51,15,2020-12-19 0:00,9.6,-6.8,-0.673809524,23.5,10.2,13.66964286,96.6,63.9,89.4952381,1273,259,573.6901408,23.3,9.9,13.39285714
51,16,2020-12-26 0:00,11.2,-9.3,-1.368452381,23.8,10.3,13.46309524,98.6,67.4,91.96666667,1279,255,545.5915493,23,10,13.20833333
51,17,2021-01-02 0:00,5.8,-15.4,-4.501257862,24.2,10.2,13.16918239,98,72.2,90.42201258,1224,279,560.6771654,24.1,9.8,12.82955975
51,18,2021-01-09 0:00,13.2,-12.9,-1.369230769,26.8,10.3,14.68321678,97,70,90.48181818,1212,266,491.9921875,26.8,9.8,14.34195804
51,19,2021-01-16 0:00,11.4,-11.5,-0.419642857,27.5,10.4,15.04702381,98.6,69.8,92.2375,1290,259,506.6444444,27.3,9.9,14.64464286
51,20,2021-01-23 0:00,11.8,-8.7,3.125595238,27.9,10.5,15.4327381,98.7,66.3,92.98392857,1212,278,447.6932515,27.4,10.4,15.05535714
51,21,2021-01-30 0:00,10.7,-9.7,0.520958084,27.7,10.3,15.93652695,98.9,70.7,91.81197605,1263,258,498.7123288,27.2,10.1,15.46706587
51,22,2021-02-06 0:00,16.3,-7.2,1.906535948,28.3,10.6,17.16405229,98.3,66.1,91.54836601,1292,282,531.1407407,28.4,10.5,16.58039216
51,23,2021-02-13 0:00,18.8,-9.9,1.752739726,28.7,10.3,16.91164384,98.9,65.6,92.57671233,1261,287,479.0704225,28.1,10.2,16.51643836
51,24,2021-02-20 0:00,21.4,-2.6,6.396428571,28.4,10.4,16.70357143,98.9,71.8,93.04047619,1294,292,462.5705128,28.6,10.3,16.31845238
51,25,2021-02-27 0:00,18.7,-4.5,5.663690476,27.1,9.8,15.7952381,99.1,74.6,94.67440476,1074,277,476.827381,27.3,9.9,15.42619048
51,26,2021-03-06 0:00,16.2,-1.8,6.570833333,28,10,17.30059524,99.6,72.3,93.99642857,896,297,446.7142857,28.4,10,16.725
51,27,2021-03-13 0:00,18.5,-2.4,9.092857143,33.5,10.7,18.34251497,99.9,74.6,97.67916667,1144,316,479.1785714,32,10.7,17.57738095
51,28,2021-03-20 0:00,21.8,-3,7.997619048,31.3,9.1,17.79345238,99.9,85.4,99.12797619,1182,307,461.4753086,29.4,9.5,16.83630952
51,29,2021-03-27 0:00,21.8,0.3,11.96547619,31.9,10.9,19.32261905,99.9,92.3,99.3202381,838,319,435.9642857,29.3,10,18.13452381
51,30,2021-04-03 0:00,21.5,0.3,11.35,32.4,9.8,18.62083333,99.9,93.5,99.40654762,1269,263,452.2215569,30.3,9.2,17.22738095
51,31,2021-04-10 0:00,19.3,1,9.967226891,30.9,8.8,18.12857143,99.9,94.8,99.27142857,1239,283,488.4830508,27.2,8.5,16.73109244
