realTime,temp_ex,temp_int,hum_int,CO2,st
2020-10-06 00:00:00,0.22753676499999975,-0.14691057500000015,-0.7443982200000017,-13.879411762499998,-0.035624999999999796
2020-10-06 01:00:00,0.27753676375000036,0.10308942374999996,-0.09439822000000131,-13.379411762500006,0.17687500000000034
2020-10-06 02:00:00,0.477536765,0.41558942374999996,-0.006898219999997401,-8.504411762499998,0.28937499999999994
2020-10-06 03:00:00,0.6775367649999997,0.6405894250000002,0.5306017800000014,-7.754411762499998,0.326875
2020-10-06 04:00:00,0.8775367650000001,0.8030894237499997,0.4181017812499972,-6.129411762499998,0.5268750000000002
2020-10-06 05:00:00,0.9025367637499999,0.5405894225000003,0.6681017787500023,-0.5044117750000012,0.47687499999999994
2020-10-06 06:00:00,0.3900367650000002,0.5155894250000002,0.5806017812499968,-1.2544117624999984,0.48937499999999945
2020-10-06 07:00:00,-0.5599632350000001,-1.22191057625,1.2431017800000017,-10.879411762500006,0.0893750000000002
2020-10-06 08:00:00,-2.6224632349999997,-3.7844105750000008,6.155601780000001,-49.1294117625,-1.3231250000000003
2020-10-06 09:00:00,-3.5849632350000005,-1.8094105762499995,8.075046225,144.7455882375,-1.5356249999999994
2020-10-06 10:00:00,-1.5099632362500004,-2.3594105775000003,4.412546223749999,-27.504411775,-1.7231250000000005
2020-10-06 11:00:00,-0.9724632349999993,-1.2719105750000002,-0.7499537737499988,42.9955882375,-0.7981249999999998
2020-10-06 12:00:00,-1.1724632350000004,-1.1469105762499998,0.8500462224999996,3.2455882375000016,-1.135625
2020-10-06 13:00:00,-0.6599632349999998,-0.7969105762500002,1.0125462250000004,1.9955882374999945,-1.3106249999999995
2020-10-06 14:00:00,-0.24746323625000022,0.14058942499999993,-0.44995377500000044,-2.7544117624999984,-0.5106250000000006
2020-10-06 15:00:00,-0.08496323499999958,0.5155894237500012,-0.19995377499999956,-0.2544117624999984,-0.19812499999999966
2020-10-06 16:00:00,0.5650367650000003,1.5405894237499997,0.33754622375000043,-7.879411775000001,0.31437500000000007
2020-10-06 17:00:00,1.102536764999999,2.3405894237499996,-2.587453775000002,5.995588237500002,1.3143749999999996
2020-10-06 18:00:00,2.6900367637500002,3.2905894237499997,-4.356898218749997,-119.7544117625,1.8768749999999996
2020-10-06 19:00:00,1.6400367649999996,1.2905894250000003,-4.9318982200000026,89.3705882375,1.1643750000000002
2020-10-06 20:00:00,0.8775367650000001,0.3155894237499999,-3.031898221249998,-18.879411762500006,0.6518749999999998
2020-10-06 21:00:00,0.7525367650000001,0.39058942375000005,-3.031898218750001,-4.504411762499998,0.5518750000000006
2020-10-06 22:00:00,0.3650367637499998,0.14058942375000005,-0.6818982200000017,-14.629411775000001,0.12687500000000052
2020-10-06 23:00:00,-0.04746323500000016,-0.09691057624999999,-1.2068982187500001,-10.754411762499998,0.2768749999999993
2020-10-07 00:00:00,0.4525367650000005,0.07808942374999961,0.08060177875000107,-10.004411762499998,0.1393749999999998
2020-10-07 01:00:00,0.21503676499999957,0.05308942500000002,-0.33189822000000024,-60.3794117625,0.22687500000000038
2020-10-07 02:00:00,0.15253676500000024,0.05308942374999992,-0.28189821874999943,34.120588237499994,0.06437500000000007
2020-10-07 03:00:00,-0.07246323624999995,-0.03441057624999999,-0.13189821999999918,-16.754411774999994,0.08937499999999998
2020-10-07 04:00:00,0.24003676500000015,0.10308942374999996,0.11810177999999727,-76.75441176250001,0.1393749999999998
2020-10-07 05:00:00,0.16503676499999953,0.30308942375000036,-0.056898219999998556,85.3705882375,0.1768749999999999
2020-10-07 06:00:00,0.6775367649999999,0.6405894249999995,0.42426804750000047,-2.5044117624999984,0.3643749999999999
2020-10-07 07:00:00,0.3275367637500004,-0.18441057624999924,0.47426804874999906,-1.5044117624999984,0.22687500000000016
2020-10-07 08:00:00,-2.50579656875,-3.401077242500001,6.736768047500001,53.78725489999999,-1.09395833375
2020-10-07 09:00:00,-3.3182965675,-2.4635772437500005,7.943018048749999,39.53725490000001,-1.6314583325000003
2020-10-07 10:00:00,-2.318296568749999,-2.7760772425,3.530518047500003,17.287254899999994,-1.493958333749999
2020-10-07 11:00:00,-1.7099632362500015,-1.9344105749999994,0.13051804999999916,-1.5044117624999984,-1.4231250000000006
2020-10-07 12:00:00,-0.834963235,-0.90941057625,1.0930180474999984,16.3705882375,-0.9856249999999998
2020-10-07 13:00:00,-0.9599632349999987,-0.7469105762499999,0.6555180475000002,3.3705882375000016,-1.310625
2020-10-07 14:00:00,-0.3349632350000009,0.6780894249999996,0.7430180487500007,-0.5044117625000055,0.001874999999999627
2020-10-07 15:00:00,-0.10996323625000048,0.6905894225000004,0.5055180474999972,0.9955882250000059,-0.18562499999999993
2020-10-07 16:00:00,1.0025367650000008,1.7905894237499997,-2.0694819512499967,2.3705882374999945,0.9393750000000005
2020-10-07 17:00:00,0.8525367649999995,1.4655894249999997,-1.6444819525000032,1.2455882375000016,0.8643749999999994
2020-10-07 18:00:00,2.677536765,3.2405894237500004,-3.644481952499997,-7.004411762499998,1.8268749999999998
2020-10-07 19:00:00,1.152536765,1.0530894249999994,-3.975731951250001,-12.379411762499998,1.0018750000000005
2020-10-07 20:00:00,0.9775367637499996,0.715589422500001,-3.3382319525,-15.379411775000001,0.5643749999999998
2020-10-07 21:00:00,1.027536765,0.7655894237499992,-2.338231951249999,-7.629411762499998,0.6893749999999998
2020-10-07 22:00:00,1.165036765,0.6780894250000005,-2.8132319512499997,-20.629411762500006,0.514375
2020-10-07 23:00:00,0.7025367650000003,0.3655894237499999,-0.6382319525000018,6.120588237500002,0.37687499999999985
2020-10-08 00:00:00,0.2900367637500003,0.42808942375000014,-0.3757319512500006,-4.379411762499998,0.4018750000000004
2020-10-08 01:00:00,0.46503676499999935,0.3030894249999998,-0.4382319524999998,-15.129411762499998,0.2893749999999995
2020-10-08 02:00:00,0.5525367650000004,0.028089422500000127,-0.33823195124999916,-15.754411775000001,-0.010624999999999662
2020-10-08 03:00:00,0.2150367649999999,0.30308942375000014,-0.2007319524999991,-8.254411762499998,0.21437499999999998
2020-10-08 04:00:00,0.26003676374999996,0.023089424999999997,-0.28823195124999934,-12.429411762499996,0.22687499999999994
2020-10-08 05:00:00,0.11003676500000037,-0.11441057625000006,-0.1757319525000005,-2.67941176250001,0.03937500000000038
2020-10-08 06:00:00,0.010036764999999614,-0.15191057500000005,-0.1257319524999998,-14.679411762499996,0.1143749999999999
2020-10-08 07:00:00,-0.4774632350000001,-0.8644105762500005,0.7492680487500012,17.070588237499997,0.10187499999999994
2020-10-08 08:00:00,-2.26496323625,-3.2394105775,9.0992680475,55.070588225,-1.0481249999999998
2020-10-08 09:00:00,-3.297463235,-1.9719105749999999,5.899268049999996,35.8705882375,-1.6106250000000002
2020-10-08 10:00:00,-2.409963235,-2.6344105762499996,1.8367680475000037,7.370588237500002,-1.560625
2020-10-08 11:00:00,-1.2974632349999995,-2.1719105762500006,1.2992680474999991,4.1205882374999945,-1.3731250000000004
2020-10-08 12:00:00,-0.38496323500000074,-1.1094105749999992,4.661768048749999,-1.3794117624999984,-1.2106249999999998
2020-10-08 13:00:00,-0.5599632362499998,-0.6594105775000001,1.5117680474999995,5.120588224999999,-1.2981249999999998
2020-10-08 14:00:00,-0.4224632349999995,0.05308942500000002,-0.1882319512499988,3.3705882375000016,-0.4981250000000008
2020-10-08 15:00:00,0.040036764999999974,0.7530894237499988,0.06176804749999931,0.6205882375000016,-0.2356249999999993
2020-10-08 16:00:00,0.2900367649999991,1.3030894237500008,-1.3007319524999987,4.620588237500002,0.364374999999999
2020-10-08 17:00:00,1.2900367637500008,2.5155894250000004,-2.7007319512500008,-1.3794117625000055,1.4018750000000013
2020-10-08 18:00:00,1.7025367649999996,3.19058942375,-1.463231952500002,-7.004411762499998,1.8643750000000003
2020-10-08 19:00:00,1.9525367649999994,1.8030894224999994,-5.113231951249998,-3.8794117750000012,1.5268749999999993
2020-10-08 20:00:00,0.7400367650000006,1.0655894250000006,-5.513231951250002,-7.629411762499998,0.9268749999999997
2020-10-08 21:00:00,0.8900367637500004,0.5280894237499993,-1.3382319512499992,-5.129411762499998,0.6893750000000003
2020-10-08 22:00:00,1.0400367649999993,0.3280894237500003,-0.8632319525000014,-56.1294117625,0.3518749999999997
2020-10-08 23:00:00,0.7400367650000004,0.3655894249999998,-2.638231952499999,42.745588237499994,0.4018750000000002
2020-10-09 00:00:00,0.2900367650000002,0.24058942375000036,-0.7257319512500002,-9.004411762499998,0.16437500000000038
2020-10-09 01:00:00,0.7025367637499998,0.19058942374999965,0.07426804750000127,-12.254411775000001,0.35187499999999994
2020-10-09 02:00:00,0.8775367649999998,0.30308942375000014,-0.763231951249999,1.1205882375000016,0.18937499999999963
2020-10-09 03:00:00,0.9650367650000004,0.7155894237499998,-2.3632319525000005,-10.879411762499998,0.31437499999999985
2020-10-09 04:00:00,0.677536765,0.6030894250000007,-0.9007319525000019,-10.129411762499998,0.4018750000000004
2020-10-09 05:00:00,0.20253676499999973,0.3280894237499996,-0.43823195124999703,-8.129411762499998,0.36437499999999945
2020-10-09 06:00:00,0.5650367637500002,0.14058942249999995,-0.100731952500003,-9.004411775000001,0.27687500000000065
2020-10-09 07:00:00,-0.13496323500000018,-0.9844105750000003,1.174268050000003,2.2455882375000016,-0.010625000000000107
2020-10-09 08:00:00,-3.0224632350000005,-4.17191057625,9.111768047499996,34.745588237499994,-1.185625
2020-10-09 09:00:00,-3.6224632350000006,-2.284410575,6.98537915875,38.3705882375,-1.8106250000000004
2020-10-09 10:00:00,-2.809963236249999,-2.47191057625,3.9603791599999996,-103.2544117625,-1.935625
2020-10-09 11:00:00,-1.5724632350000003,-1.5344105762500004,1.6478791587500012,119.7455882375,-1.248125
2020-10-09 12:00:00,-0.9599632350000009,-1.63441057625,0.6353791600000012,5.245588224999999,-0.9231250000000006
2020-10-09 13:00:00,-0.9474632349999994,-1.1969105762499992,0.035379157500000424,-12.254411762499998,-1.148124999999999
2020-10-09 14:00:00,-0.022463236250000573,0.5405894237500002,0.48537915999999814,13.495588237499994,-0.02312500000000073
2020-10-09 15:00:00,-0.23496323499999905,0.8780894249999993,-0.6021208412499961,0.8705882375000016,-0.19812499999999922
2020-10-09 16:00:00,0.41503676499999953,0.8905894237500012,-0.7771208412500021,-1.0044117624999984,-0.28562500000000046
2020-10-09 17:00:00,1.015036765,2.3155894249999998,-3.589620840000001,1.6205882375000016,1.0768749999999998
2020-10-09 18:00:00,2.8900367637500004,3.353089422499999,-9.77573195125,-18.129411775,1.8393750000000004
2020-10-09 19:00:00,1.5775367649999992,1.55308942375,-2.95073195125,-9.004411762499998,1.4268749999999994
2020-10-09 20:00:00,1.1400367650000005,0.8530894250000001,-3.163231952500002,-11.004411762500006,0.7490972225000001
2020-10-09 21:00:00,0.9275367649999997,0.7280894237500004,-0.250731952499998,-9.254411762499998,0.5240972225000009
2020-10-09 22:00:00,0.9775367649999998,0.71558942375,0.3742680487499994,-5.254411762499998,0.7115972212499997
2020-10-09 23:00:00,0.7400367637500005,0.27808942374999956,-0.8007319525000005,-14.879411775000001,0.37409722249999966
2020-10-10 00:00:00,0.29159926499999966,-0.04222307624999999,-0.8257319512499999,-5.332536762499998,0.4100347225000005
2020-10-10 01:00:00,0.06659926500000002,-0.3047230762499997,-0.20073195250000175,-14.582536762499998,0.07253472249999926
2020-10-10 02:00:00,0.2790992650000006,0.27027692499999967,-0.46323195250000015,1.1674632374999945,0.36003472125000013
2020-10-10 03:00:00,0.3290992637499992,0.3702769237500003,-1.0757319512499963,-11.582536762499998,0.3100347225000002
2020-10-10 04:00:00,0.46659926500000015,0.15777692499999962,-0.4882319525000005,-48.3325367625,0.23503472250000024
2020-10-10 05:00:00,0.3040992650000003,0.20777692250000057,-0.40073194999999995,25.167463225,0.28503472249999984
2020-10-10 06:00:00,0.3165992649999999,0.2577769237499996,-0.025731952500000155,-14.707536762499998,0.2850347225000003
2020-10-10 07:00:00,-0.60840073625,-0.9422230750000002,0.03676804875000084,3.6674632375000016,0.0350347212500004
2020-10-10 08:00:00,-1.834963235,-3.39691057625,7.6242680474999975,65.8705882375,-0.9259027775000006
2020-10-10 09:00:00,-2.772463235,-2.0094105762499996,9.4742680475,34.120588237499994,-1.6384027775000003
2020-10-10 10:00:00,-3.209963235,-3.2469105750000002,3.799268048750002,12.620588237500002,-1.6634027774999998
2020-10-10 11:00:00,-1.8974632362499997,-2.1844105775000004,0.9724823337499977,3.6205882249999988,-1.4134027787499996
2020-10-10 12:00:00,-1.3599632349999995,-1.1719105749999992,0.9974823337500007,1.2455882375000016,-1.2634027775
2020-10-10 13:00:00,-0.47246323500000065,0.30308942375000036,-0.21501766624999963,9.370588237500002,-0.4134027775
2020-10-10 14:00:00,-0.08496323500000047,0.24058942374999903,0.7224823324999994,-2.7544117624999984,-0.44812499999999966
2020-10-10 15:00:00,-0.20996323499999958,0.365589425,-0.4775176650000006,3.6205882374999945,-0.23562500000000108
2020-10-10 16:00:00,0.6775367637500005,0.6280894225000009,-1.1275176662499984,-6.129411774999994,0.014375000000000249
2020-10-10 17:00:00,1.7525367649999999,3.265589423749999,-4.9150176650000015,4.9955882374999945,1.2643750000000002
2020-10-10 18:00:00,2.627536765,3.1780894249999996,-8.1507319525,-22.1294117625,1.6518750000000004
2020-10-10 19:00:00,1.502536765,1.3530894237500009,-4.5882319525,-15.379411762499998,1.2018749999999994
2020-10-10 20:00:00,1.24003676375,0.9780894237499993,-1.4507319512500017,-14.379411762499998,0.8268750000000005
2020-10-10 21:00:00,0.7400367649999999,0.7780894250000012,-0.7132319524999966,-11.254411762500006,0.5518749999999997
2020-10-10 22:00:00,0.4525367649999996,0.05308942249999915,-0.5132319512500034,-9.379411774999994,0.3268749999999998
2020-10-10 23:00:00,0.06503676500000011,-0.1594105749999999,-0.7007319524999982,-8.129411762500006,0.20187500000000003
2020-10-11 00:00:00,-0.022463236249999685,-0.3219105762500001,-0.37573195125000236,-5.691911762499998,0.01437500000000047
2020-10-11 01:00:00,0.32753676499999984,0.2030894237500005,-0.2007319524999991,-8.691911762499998,0.11437500000000034
2020-10-11 02:00:00,0.5275367649999998,0.2780894249999999,-0.4007319524999984,-5.254411762499998,0.3643750000000001
2020-10-11 03:00:00,0.6425367650000002,0.42558942375,-0.288231950000001,-10.254411762500006,0.4143749999999995
2020-10-11 04:00:00,0.2675367637499999,0.26308942249999956,-0.28823195249999944,-11.754411774999994,0.3518749999999997
2020-10-11 05:00:00,-0.0074632349999999015,-0.049410574999999346,-0.21323195125000094,-3.1294117625000055,0.0768749999999998
2020-10-11 06:00:00,0.2175367650000002,0.17558942374999953,-0.025731952500000155,-9.879411762499998,0.17687500000000034
2020-10-11 07:00:00,-0.2574632350000001,-0.5744105749999997,-0.03823195250000211,-3.2544117624999984,0.0018750000000005151
2020-10-11 08:00:00,-1.834963235,-2.9094105762500013,4.661768048750003,62.3705882375,-0.7106250000000007
2020-10-11 09:00:00,-3.1474632362499997,-3.134410577499999,13.2492680475,54.620588225,-1.885625
2020-10-11 10:00:00,-2.522463235,-2.8719105750000007,2.8117680487500003,11.745588237500002,-1.498125
2020-10-11 11:00:00,-1.4974632350000006,-1.5844105762500007,0.646768047500001,13.245588237499994,-1.4481249999999997
2020-10-11 12:00:00,0.015036765000000063,-0.4719105762499991,0.10926804749999697,-0.004411762499998417,-0.7731250000000003
2020-10-11 13:00:00,-0.73496323625,-0.23441057499999962,-0.42823195124999813,-1.1294117624999984,-0.6481249999999998
2020-10-11 14:00:00,-0.1599632350000002,-0.34691057625,0.23426804874999974,0.6205882375000016,0.014375000000000249
2020-10-11 15:00:00,0.6900367650000003,2.20308942375,-1.4032319512500004,2.4955882249999988,-0.16062500000000002
2020-10-11 16:00:00,0.2650367650000005,0.6280894237499997,-2.8757319525,-12.379411762499998,0.41437499999999927
2020-10-11 17:00:00,1.0400367637499994,2.1405894237500007,-3.02573195125,3.3705882375000016,0.9268750000000003
2020-10-11 18:00:00,1.8650367649999997,3.0030894249999998,-5.7882319524999994,-14.004411762500006,1.4143750000000002
2020-10-11 19:00:00,0.890036765000001,0.7405894237500008,-2.575731952500001,-11.629411762499998,0.7893749999999997
2020-10-11 20:00:00,0.7775367649999998,0.4780894237499993,0.6266544125000015,-3.1294117624999984,0.5768750000000002
2020-10-11 21:00:00,0.7650367637499993,0.8905894237499998,-3.6358455887500005,-12.254411775000001,0.5768750000000002
2020-10-11 22:00:00,1.1775367650000006,0.5905894237499996,-1.6108455875,-13.129411762499998,0.5393749999999999
2020-10-11 23:00:00,0.6025367649999998,0.40308942375000023,-0.6233455887499995,-21.6294117625,0.3268749999999998
2020-10-12 00:00:00,0.590036765,0.4905894249999998,-1.6233455887499995,-9.441911762500006,0.3893749999999998
2020-10-12 01:00:00,0.32753676499999984,0.05308942375000014,-0.6983455875000049,-7.066911762499998,0.2893750000000004
2020-10-12 02:00:00,-0.15996323625000008,-0.1469105762499998,-0.8233455887499943,-70.629411775,0.051875000000000115
2020-10-12 03:00:00,0.30253676500000015,0.07808942374999961,2.751654412499997,50.8705882375,0.05187499999999967
2020-10-12 04:00:00,-0.12246323499999989,-0.25941057624999986,-1.09834558875,-10.504411762499998,-0.01062499999999944
2020-10-12 05:00:00,-0.25996323499999985,-0.12191057500000002,-0.24834558874999946,-1.6294117624999984,0.014374999999999805
2020-10-12 06:00:00,0.0900367637499997,0.2280894237500004,-0.28584558750000166,-5.8794117625000055,0.20187499999999936
2020-10-12 07:00:00,-0.17246323500000016,-0.5094105762500005,0.29629726875000184,-0.7544117624999984,-0.01062499999999944
2020-10-12 08:00:00,-0.9599632349999996,-1.6219105762500001,1.4712972687500017,36.870588225,-0.423125
2020-10-12 09:00:00,-2.0099632350000003,-3.1344105762499996,5.758797268749998,23.8705882375,-1.398125
2020-10-12 10:00:00,-1.68496323625,-1.2844105749999999,6.283797270000002,47.7455882375,-0.8106250000000004
2020-10-12 11:00:00,-1.7099632349999991,-2.34691057625,6.671297268749997,3.9955882375000016,-1.4606249999999998
2020-10-12 12:00:00,-1.0349632350000006,-0.7719105762500003,3.821297267500001,5.4955882374999945,-0.9856250000000002
2020-10-12 13:00:00,-0.7474632350000001,-0.2094105750000006,0.3137972700000011,14.620588237500002,-0.3481249999999996
2020-10-12 14:00:00,-0.14746323624999924,-0.2844105774999992,1.5887972687499987,-1.1294117750000012,-0.7731249999999998
2020-10-12 15:00:00,0.027536764999999352,0.27808942374999956,-0.8237027312499983,2.7455882375000016,-0.2856250000000009
2020-10-12 16:00:00,0.5150367650000001,1.265589425,-1.6112027312499988,3.3705882375000016,0.4393750000000014
2020-10-12 17:00:00,1.5525367649999997,2.74058942375,-5.061202731250002,-3.3794117624999984,1.3518749999999993
2020-10-12 18:00:00,2.077536765,2.940589423750001,-5.52870273,-7.379411762499998,1.5143749999999994
2020-10-12 19:00:00,1.1650367637500003,1.0655894237499992,-7.003702732499998,-11.816911775000001,0.9643750000000006
2020-10-12 20:00:00,1.0525367649999995,0.46558942375000023,-3.3787027300000023,-9.191911762499998,0.7268749999999999
2020-10-12 21:00:00,1.0025367650000003,0.8405894249999997,-1.26620273125,-6.8794117625000055,0.45187500000000025
2020-10-12 22:00:00,0.9400367650000003,0.6030894237500006,-0.378702732499999,-59.8794117625,0.47687500000000016
2020-10-12 23:00:00,0.7150367637499995,0.5280894237499996,-0.2162027300000009,-54.8794117625,0.4518749999999998
2020-10-13 00:00:00,0.8775367650000003,0.7030894250000004,0.6712972687500001,93.2455882375,0.4268749999999999
2020-10-13 01:00:00,0.8650367650000002,0.3905894224999995,1.0837972700000016,-14.504411775000001,0.4518749999999996
2020-10-13 02:00:00,0.5025367649999992,0.2780894237500007,-0.041202732500000394,-11.129411762499998,0.26437500000000025
2020-10-13 03:00:00,0.6650367637500006,0.1780894249999998,0.3712972699999959,-3.7544117625000055,0.15187500000000043
2020-10-13 04:00:00,0.2525367649999999,0.36558942375000014,0.8712972687500029,-3.8794117624999984,0.4768749999999995
2020-10-13 05:00:00,0.1525367649999998,0.11558942499999958,0.433797267500001,2.6205882375000016,0.20187500000000003
2020-10-13 06:00:00,-0.09746323499999976,-0.28441057624999955,-0.12870273000000232,-3.8794117624999984,0.03937499999999994
2020-10-13 07:00:00,-0.15996323624999997,-0.6969105775000004,1.0212972687500033,-2.3794117750000012,0.05187499999999967
2020-10-13 08:00:00,-1.8724632350000003,-2.7344105749999996,5.333797269999997,42.6205882375,-0.9231249999999995
2020-10-13 09:00:00,-3.072463235,-2.3969105762500007,10.558797267500001,37.370588237499994,-1.6856249999999997
2020-10-13 10:00:00,-1.722463235,-1.8969105762499998,3.936922268750001,5.370588237500002,-1.2481250000000002
2020-10-13 11:00:00,-1.072463235,-2.0344105749999994,1.5244222699999987,7.245588237500002,-1.2356249999999998
2020-10-13 12:00:00,-0.3099632362499998,0.5405894224999996,0.511922267500001,2.6205882249999988,-0.23562500000000064
2020-10-13 13:00:00,0.16503676499999997,0.9030894250000006,-0.9755777300000004,0.7455882375000016,0.1143749999999999
2020-10-13 14:00:00,0.3025367649999997,0.5030894237499997,-2.18807773125,2.1205882375000016,0.08937500000000043
2020-10-13 15:00:00,0.22753676500000086,0.12808942374999965,0.9119222687499997,1.6205882374999945,-0.22312499999999957
2020-10-13 16:00:00,0.5275367637499992,1.4530894250000004,-2.4630777312499985,-25.8794117625,0.35187499999999927
2020-10-13 17:00:00,0.727536765,1.25308942375,-0.16307773125000047,4.995588237500002,0.7893750000000006
2020-10-13 18:00:00,1.5775367649999996,2.4405894225000004,-5.8358455875,-1.7544117750000012,1.2518749999999994
2020-10-13 19:00:00,1.5650367650000008,1.4030894249999994,-8.198345588750001,-15.098161762499998,1.1768750000000003
2020-10-13 20:00:00,1.5525367637499996,0.7905894237500004,-3.9483455874999978,-16.0981617625,0.6268750000000001
2020-10-13 21:00:00,1.3275367649999996,0.6780894237499995,-1.785845588749999,-11.473161762499998,0.6143749999999997
2020-10-13 22:00:00,0.6025367650000006,-0.2344105750000003,-0.5983455887500035,-15.098161762500006,0.11437500000000056
2020-10-13 23:00:00,0.352536765,0.028089423750000453,0.10165441250000207,-11.254411762499998,0.1643749999999995
2020-10-14 00:00:00,1.1025367637499994,0.3655894237499997,-0.2733455887500007,-12.004411775000001,0.264375
2020-10-14 01:00:00,0.04003676500000042,-0.08441057624999981,-0.4483455875000022,-9.879411762499998,0.264375
2020-10-14 02:00:00,-0.047463234999999826,-0.08441057624999959,-0.5733455887499979,-9.004411762499998,0.15187499999999976
2020-10-14 03:00:00,0.4025367649999997,0.10308942499999962,0.05165441124999859,-8.379411762499998,0.07687500000000025
2020-10-14 04:00:00,0.05253676499999982,0.27808942375,0.2516544125000024,-6.8794117625000055,0.13937500000000025
2020-10-14 05:00:00,0.02753676375000008,0.14058942249999995,-0.22334558875000177,-1.6294117749999941,0.12687499999999985
2020-10-14 06:00:00,-0.9474632350000001,-0.5469105750000001,-0.6108455875000018,-5.3794117625000055,-0.04812499999999997
2020-10-14 07:00:00,-0.784963235,-1.10941057625,0.10165441125000108,-2.0044117624999984,-0.18562500000000037
2020-10-14 08:00:00,-1.147463235,-0.9844105750000003,1.8891544112500007,39.7455882375,-0.3106249999999997
2020-10-14 09:00:00,-1.4224632362500003,-2.33441057625,3.2391544125000014,23.2455882375,-1.1981249999999997
2020-10-14 10:00:00,-2.4724632349999993,-3.3719105762499995,4.126654411250001,42.370588237499994,-1.3481250000000002
2020-10-14 11:00:00,-2.4474632350000003,-1.0219105762499998,9.339154412499997,10.995588225000006,-1.2606249999999999
2020-10-14 12:00:00,-0.8224632349999994,-0.8594105762500002,2.1016544112500037,4.2455882374999945,-0.16062500000000002
2020-10-14 13:00:00,-0.7849632362500003,0.27580882375000026,1.8891544124999982,3.8705882375000016,-0.9856250000000006
2020-10-14 14:00:00,-0.5349632349999998,-1.0741911762500003,1.0766544112499994,5.495588237500002,-0.5856249999999998
2020-10-14 15:00:00,-0.18496323500000011,-1.2616911762499998,0.376654411250001,-0.5044117624999984,-0.5606249999999999
2020-10-14 16:00:00,0.37753676499999944,1.7758088237500003,-0.5358455874999999,-81.87941176250001,-0.2106249999999994
2020-10-14 17:00:00,1.0900367637500001,3.0633088224999994,-4.335845588750001,82.745588225,0.9768749999999997
2020-10-14 18:00:00,1.640036765,2.9883088237499997,-4.0733455875,-12.254411762500006,1.376875
2020-10-14 19:00:00,1.627536765,1.4258088237500008,-7.82334558875,-28.8794117625,1.0268749999999993
2020-10-14 20:00:00,1.3400367649999998,0.9883088237499997,-3.7108455887500007,-24.3794117625,0.8518750000000006
2020-10-14 21:00:00,1.2082185837500004,0.32239973249999965,-0.21311831499999911,7.109224600000005,0.5734659087499998
2020-10-14 22:00:00,0.84571858125,0.5723997325000001,-0.6506183162500019,-18.640775412500005,0.6234659100000004
2020-10-14 23:00:00,0.8707185837499993,0.17239973249999996,0.024381686250002588,-4.390775399999995,0.22346590875000016
2020-10-15 00:00:00,0.5582185825000008,0.14739973250000005,-0.11311831625000135,-5.64077540000001,0.2984659087499999
2020-10-15 01:00:00,0.37071858374999955,-0.040100267500000175,-0.538118316250003,-29.765775399999995,0.12346590874999963
2020-10-15 02:00:00,0.09571858124999999,-0.2776002662499999,-0.6006183149999984,4.3592246125,0.023465909999999646
2020-10-15 03:00:00,-0.1292814164999998,-0.04010026749999995,-0.1631183162499994,-6.890775399999995,-0.05153409125000019
2020-10-15 04:00:00,0.20821858324999998,0.13489973125,-0.13811831499999982,-8.140775412499998,0.1234659087500003
2020-10-15 05:00:00,0.020718583124999967,0.20989973249999982,-0.025618314999999114,-2.2657754000000097,0.23596590875
2020-10-15 06:00:00,0.4332185820000003,0.2598997337500004,-0.013118314999998049,-3.8907753999999954,0.22346591000000027
2020-10-15 07:00:00,-0.10428141687500014,-0.4026002675,0.09938168374999634,-11.140775400000003,-0.0390340912499999
2020-10-15 08:00:00,-1.9099632350000002,-2.7116911762500004,4.176654411250001,29.6205882375,-1.023125
2020-10-15 09:00:00,-1.8849632350000005,-2.1616911762499997,10.200404412500001,96.2455882375,-0.7231250000000002
2020-10-15 10:00:00,-2.447463236249999,-2.5491911775000005,5.5379044112499995,16.495588225,-1.998125
2020-10-15 11:00:00,-1.8849632349999996,-2.0366911762499997,2.4629044124999995,12.870588237500002,-1.248125
2020-10-15 12:00:00,-1.209963235000001,-1.8491911762500002,2.975404411250002,-0.8794117624999984,-1.060625
2020-10-15 13:00:00,-0.9474632349999987,-0.8616911762499999,1.50040441125,1.4955882374999945,-1.223125
2020-10-15 14:00:00,-0.18496323500000056,0.9758088237499996,-0.6870955875000035,0.12058823750000158,-0.023125000000000284
2020-10-15 15:00:00,0.002536763749999782,0.5633088225000007,-0.7870955887499989,1.4955882249999988,0.5143750000000002
2020-10-15 16:00:00,0.352536765,1.3508088237500004,-2.0745955874999993,5.120588237500002,-0.06062499999999993
2020-10-15 17:00:00,1.6150367650000002,3.5758088237499988,-2.5870955887500005,-6.129411762499998,1.2393749999999994
2020-10-15 18:00:00,2.102536765,3.02580882375,-1.049595588749999,-13.754411762499998,1.576875000000001
2020-10-15 19:00:00,1.62753676375,1.0758088237500005,-6.7608455875,-20.129411762500006,0.9268750000000001
2020-10-15 20:00:00,1.0900367649999998,0.6758088237500002,-8.723345588750002,-22.8794117625,0.7768749999999989
2020-10-15 21:00:00,1.540036765,0.7883088224999997,-1.9090598737500004,-70.879411775,0.7268750000000002
2020-10-15 22:00:00,0.952536765,0.22580882375,-1.07155987375,31.3705882375,0.2893750000000004
2020-10-15 23:00:00,0.30253676375000027,0.27580882375000026,-1.44655987375,-14.004411762499998,0.22687500000000016
2020-10-16 00:00:00,0.8900367649999998,0.06330882375000013,-0.5715598737499992,-8.379411762499998,0.3018749999999999
2020-10-16 01:00:00,0.440036765,0.23830882374999995,-0.4090598750000005,-11.754411762500006,0.15187499999999998
2020-10-16 02:00:00,0.7900367650000001,0.6008088237499998,0.3659401275000036,-10.004411762499998,0.27687499999999976
2020-10-16 03:00:00,0.67753676375,0.43830882250000025,0.2784401249999977,-10.379411775000001,0.389375
2020-10-16 04:00:00,0.47753676499999975,-0.16169117625000018,-0.2858455874999981,-13.129411762499998,-0.04812499999999975
2020-10-16 05:00:00,-0.23496323499999983,-0.37419117624999987,-0.42334558875000283,3.1205882375000016,-0.010624999999999885
2020-10-16 06:00:00,-0.35996323500000016,-0.19919117625000027,-0.31084558875000035,-9.504411762499998,0.026874999999999982
2020-10-16 07:00:00,-0.5724632349999998,-0.41169117624999996,0.28915441250000296,1.7455882375000016,0.07687500000000025
2020-10-16 08:00:00,-1.3224632362500002,-1.5991911774999998,0.45165441124999983,7.995588224999999,-0.285625
2020-10-16 09:00:00,-1.7599632349999996,-2.0741911762499994,4.6516544125,62.6205882375,-0.835625000000001
2020-10-16 10:00:00,-1.734963235,-1.1366911762500007,7.38915441125,48.120588237499994,-0.8981249999999994
2020-10-16 11:00:00,-1.1474632350000002,-1.1241911762499996,1.7391544112500004,24.2455882375,-0.8981250000000001
2020-10-16 12:00:00,-1.33496323625,-1.3491911762499997,3.139154412499998,14.620588237500002,-1.023125
2020-10-16 13:00:00,-0.44746323499999985,0.8008088237499997,-0.0983455887499991,6.245588237500002,0.18937500000000052
2020-10-16 14:00:00,-0.584963235,-0.7741911775000001,0.276654412500001,5.370588224999999,-0.42312499999999975
2020-10-16 15:00:00,-0.4599632349999996,-0.6491911762499991,1.6516544112499982,0.6205882375000016,-0.8106250000000004
2020-10-16 16:00:00,0.4275367637499996,2.1133088237499997,-3.4733455875000017,-5.2544117625000055,0.4893749999999999
2020-10-16 17:00:00,1.127536765,1.8508088237499996,-4.548345588749997,-8.379411762499998,0.8893750000000002
2020-10-16 18:00:00,1.1025367649999998,1.5383088237500002,-4.185845588750002,-21.6294117625,0.8893749999999996
2020-10-16 19:00:00,0.7025367649999998,0.5508088237499993,-4.1358455874999995,-20.8794117625,0.5643750000000003
2020-10-16 20:00:00,0.9150367637499999,0.45080882250000065,-1.2358455887499993,-18.254411775,0.5143749999999998
2020-10-16 21:00:00,0.6650367650000002,0.3758088237499999,-1.3108455875000011,-17.8794117625,0.2018749999999998
2020-10-16 22:00:00,1.090036765,0.55080882375,-0.36084558875000106,-10.504411762500006,0.5393749999999997
2020-10-16 23:00:00,0.715036765,0.4758088237499998,-0.21084558874999715,-10.629411762499998,0.326875
2020-10-17 00:00:00,0.665036765,0.3383088237500007,0.3516544124999985,-14.254411762499998,0.026874999999999982
2020-10-17 01:00:00,0.7275367637500001,0.30080882249999963,0.8641544112499986,-9.629411775000001,0.20187500000000047
2020-10-17 02:00:00,0.552536765,0.55080882375,0.10165441250000207,-10.254411762499998,0.2768750000000002
2020-10-17 03:00:00,0.7525367649999999,0.2508088237499997,0.23915441125000036,-8.254411762499998,0.23937499999999967
2020-10-17 04:00:00,0.36503676500000015,0.06330882375000058,0.026654411249998233,-7.3794117625000055,0.16437499999999994
2020-10-17 05:00:00,0.07753676375000007,-0.41169117625000007,-0.4733455874999972,-7.879411762499998,0.014375000000000027
2020-10-17 06:00:00,-0.022463235000000248,-0.049191176250000135,0.2391544112499986,-0.6294117624999984,0.001875000000000071
2020-10-17 07:00:00,0.09003676500000024,-0.5116911775,0.5641544124999971,0.7455882249999988,-0.02312499999999984
2020-10-17 08:00:00,-1.734963235,-2.31169117625,1.8266544112500016,20.2455882375,-0.33562500000000006
2020-10-17 09:00:00,-2.88496323625,-4.29919117625,12.639154412500002,91.9955882375,-1.5481249999999998
2020-10-17 10:00:00,-3.272463235,-2.81169117625,6.5641544112500005,-79.1294117625,-1.7731250000000003
2020-10-17 11:00:00,-3.522463235,-2.3241911762500003,4.0224877449999985,121.37058823749999,-1.5356250000000002
2020-10-17 12:00:00,-0.8224632350000005,-1.11169117625,0.8787377450000022,-1.7544117624999984,-1.0731250000000006
2020-10-17 13:00:00,-0.7224632362499992,-0.14919117749999966,1.816237744999997,8.120588224999999,-0.47312499999999913
2020-10-17 14:00:00,-0.0349632350000002,0.10080882374999955,-0.05251225374999713,-5.254411762499998,-0.46062499999999984
2020-10-17 15:00:00,0.15253676500000002,1.16330882375,-0.9150122562500016,6.245588237500002,0.014374999999999805
2020-10-17 16:00:00,0.7150367649999994,1.6758088237500002,-3.4775122550000006,3.3705882375000016,0.18937500000000007
2020-10-17 17:00:00,1.1650367650000006,2.48830882375,-7.098345587499998,-2.1294117625000055,0.6018750000000002
2020-10-17 18:00:00,2.6775367637499996,4.0133088225,-7.910845588750002,-18.129411774999994,1.8268749999999998
2020-10-17 19:00:00,1.5525367650000004,1.7883088237499996,-4.0483455875,-18.129411762500006,1.3143750000000003
2020-10-17 20:00:00,1.102536765,0.7258088237500004,-3.2483455887499986,-17.5044117625,0.7893749999999995
2020-10-17 21:00:00,1.265036765,1.05080882375,-1.0733455887500014,-15.629411762499998,0.6268750000000003
2020-10-17 22:00:00,1.1400367637499995,0.4633088237499998,-0.04834558749999829,-15.879411762499998,0.33937499999999976
2020-10-17 23:00:00,0.7775367650000004,-0.48669117625000013,-0.6358455887499996,-16.004411762500006,0.3893749999999996
2020-10-18 00:00:00,0.32753676499999995,-0.07419117749999926,0.5016544124999989,-13.004411774999994,0.08937499999999998
2020-10-18 01:00:00,0.37909926500000024,-0.26169117625000005,0.2735294112500011,-12.238786762500006,-0.030937499999999618
2020-10-18 02:00:00,0.07909926374999976,0.038308823749999554,0.6985294124999992,-14.113786762499998,0.2065625000000002
2020-10-18 03:00:00,0.7415992650000002,0.11330882374999973,-0.026470588750003188,-8.863786762499998,0.2065625000000002
2020-10-18 04:00:00,0.2665992650000001,0.025808823750000265,0.14852941125000285,-9.863786762499998,0.16906249999999945
2020-10-18 05:00:00,0.4915992650000001,-0.2616911762499996,-0.2139705875000022,-8.488786762500006,0.019062499999999982
2020-10-18 06:00:00,-0.08340073625000033,-0.44919117750000037,-0.5389705887499989,-6.863786774999994,-0.005937499999999707
2020-10-18 07:00:00,0.19159926500000013,-0.2491911762500001,0.3235294124999992,1.5112132374999945,0.08156249999999998
2020-10-18 08:00:00,-1.4084007349999994,-1.3116911762499999,1.5235294112499993,14.136213237500002,-0.29343750000000024
2020-10-18 09:00:00,-2.259963235,-3.6116911762499995,9.126654411250001,81.4955882375,-1.1231249999999997
2020-10-18 10:00:00,-2.6883723262500006,-3.4741911762500015,11.2891544125,50.3080882375,-1.8106249999999997
2020-10-18 11:00:00,-3.53837232625,-2.6116911775,2.77665441125,12.308088224999999,-1.4606250000000007
2020-10-18 12:00:00,-1.6758723262499993,-0.9116911762499988,1.6909401262500006,8.120588237500002,-1.410625
2020-10-18 13:00:00,-0.4508723262500012,-1.0366911762500006,0.7305234600000006,7.2455882374999945,-0.6356249999999992
2020-10-18 14:00:00,-0.26337232624999896,0.6883088237500008,-2.294476542500001,-2.6294117624999984,-0.3731250000000008
2020-10-18 15:00:00,-0.11337232625000038,-0.02419117625000089,-0.6569765387499977,-0.004411762499998417,-0.585624999999999
2020-10-18 16:00:00,0.7616276736249998,1.7133088237499998,-4.331976541250002,6.120588237500002,0.2518749999999996
2020-10-18 17:00:00,1.774127674125,4.0008088225,-6.094476539999999,-2.3794117750000012,1.2643749999999994
2020-10-18 18:00:00,2.624127674125,4.125808823750001,-5.04447654125,-20.2544117625,1.9393750000000005
2020-10-18 19:00:00,1.48662767275,2.4008088237500003,-5.7983455875,-40.8794117625,1.601875
2020-10-18 20:00:00,1.2741276741249998,0.5758088237499999,-1.1358455887499996,-33.379411762500006,0.8143749999999998
2020-10-18 21:00:00,0.7025367650000005,0.2383088237500004,-1.7108455887500025,25.4955882375,0.32687500000000047
2020-10-18 22:00:00,0.8525367649999999,-0.07419117625000005,-0.4733455874999972,-17.2544117625,0.5518749999999999
2020-10-18 23:00:00,0.8650367637499998,0.17580882249999963,0.3016544112499995,-12.129411775000001,0.35187499999999927
2020-10-19 00:00:00,0.111911765,-0.027316176250000268,0.06259191249999851,-6.270036762499998,0.20343750000000016
2020-10-19 01:00:00,0.16816176500000002,0.0476838237500008,0.1000919112500025,-13.395036762499998,0.04718750000000016
2020-10-19 02:00:00,0.6931617649999999,0.49768382374999975,0.33759191124999965,-11.145036762500006,0.3471875
2020-10-19 03:00:00,0.6619117649999998,0.09768382374999995,0.512591912499996,-9.770036762499998,0.028437500000000338
2020-10-19 04:00:00,0.6494117637500002,0.36018382250000014,0.2500919112500011,-14.770036775000001,0.25343749999999976
2020-10-19 05:00:00,0.02441176500000014,-0.027316176250000046,0.3125919125000003,-6.895036762499998,0.2534375
2020-10-19 06:00:00,0.24941176499999973,-0.08981617625000005,-0.3374080887499975,-5.645036762499998,0.11593750000000003
2020-10-19 07:00:00,-0.2255882349999998,-0.48981617624999996,-0.02490808874999928,-10.145036762499998,0.01593750000000016
2020-10-19 08:00:00,-2.48496323625,-2.3241911762500007,3.989154412499997,29.495588237499994,-0.26062500000000033
2020-10-19 09:00:00,-2.8349632349999996,-4.74919117625,10.58915441125,67.2455882375,-1.835625
2020-10-19 10:00:00,-3.622463235,-3.4741911775000003,5.701654412500002,47.245588225,-1.6356249999999992
2020-10-19 11:00:00,-2.5474632350000004,-2.03669117625,1.4120710774999985,17.4955882375,-1.6981250000000008
2020-10-19 12:00:00,-1.5849632362500008,-1.27419117625,4.024571080000001,0.24558823750000158,-1.1731250000000002
2020-10-19 13:00:00,-0.7724632349999989,-1.3991911762499991,1.6495710774999983,6.995588237500002,-1.3106249999999995
2020-10-19 14:00:00,-0.38496323499999985,1.0258088237499994,0.13707107749999947,1.4955882374999945,-0.31062499999999993
2020-10-19 15:00:00,-0.10996323500000016,0.7508088237500004,0.99957108,-7.129411762499998,-0.14812500000000028
2020-10-19 16:00:00,0.56503676375,1.7133088224999997,-2.850428922499999,8.870588224999999,0.3268749999999998
2020-10-19 17:00:00,1.0900367649999998,2.61330882375,-8.223345587499999,-0.5044117624999984,0.8268750000000007
2020-10-19 18:00:00,3.890036765,4.86330882375,-11.24834558875,-22.2544117625,2.001874999999999
2020-10-19 19:00:00,2.8375,2.1499999999999995,-3.362500000000005,-29.375,1.8375000000000001
2020-10-19 20:00:00,1.30416666625,0.925,-1.6541666662499956,-13.666666662499999,0.9875000000000005
2020-10-19 21:00:00,1.2916666675,0.5499999999999998,-0.9291666675000005,-15.916666675000002,0.6375
2020-10-19 22:00:00,0.9791666662500002,0.7750000000000001,-0.2166666662499992,-15.416666662499999,0.5874999999999997
2020-10-19 23:00:00,0.716666666625,-0.012499999999999734,-0.2541666662500015,-14.291666662499999,0.32499999999999996
2020-10-20 00:00:00,0.7791666667499999,0.3125,1.0958333325000007,-10.791666675000002,0.44999999999999996
2020-10-20 01:00:00,0.679166666625,0.03749999999999987,-0.054166666249997775,-18.5416666625,-0.09999999999999942
2020-10-20 02:00:00,0.7250000000000001,0.22499999999999976,0.48749999999999716,-18.375,0.1625000000000001
2020-10-20 03:00:00,0.03749999999999987,0.275,0.3625000000000007,-12.75,0.23749999999999982
2020-10-20 04:00:00,0.625,0.09999999999999964,-0.47500000000000053,-16.75,0.26249999999999973
2020-10-20 05:00:00,0.3250000000000001,-0.062499999999999556,0.012500000000000178,-2.625,0.25
2020-10-20 06:00:00,0.22499999999999992,0.0,0.08750000000000036,-10.125,0.26249999999999996
2020-10-20 07:00:00,0.012500000000000067,-0.3125,-0.6999999999999993,-10.75,0.012500000000000178
2020-10-20 08:00:00,-1.8875,-1.9500000000000004,0.3749999999999982,15.875,-0.6125000000000003
2020-10-20 09:00:00,-3.6625000000000005,-4.449999999999999,8.4375,114.75,-2.5125
2020-10-20 10:00:00,-4.487500000000001,-4.2749999999999995,10.1125,43.8125,-2.6874999999999996
2020-10-20 11:00:00,-4.3625,-3.8124999999999996,5.824999999999999,8.3125,-2.3000000000000003
2020-10-20 12:00:00,-2.55,-2.4374999999999996,3.5187500000000025,11.125,-1.0874999999999995
2020-10-20 13:00:00,-0.7124999999999995,-0.3125000000000018,0.7562499999999988,5.5,-0.6750000000000003
2020-10-20 14:00:00,-0.4625000000000008,0.050000000000000266,-1.1312499999999996,0.125,-0.3624999999999998
2020-10-20 15:00:00,-0.08749999999999991,0.48750000000000115,-0.15625,4.625,-0.25000000000000044
2020-10-20 16:00:00,0.524999999999999,2.3249999999999997,-2.6687499999999984,2.25,0.23750000000000027
2020-10-20 17:00:00,2.750000000000001,4.449999999999999,-8.081250000000002,-107.5,1.875
2020-10-20 18:00:00,4.324999999999999,4.862499999999999,-11.45,68.125,2.5125
2020-10-20 19:00:00,2.64821428625,2.4803571425000004,-4.0178571425000005,-18.142857137500002,1.62142857125
2020-10-20 20:00:00,1.448214285,1.1428571437500001,-2.4303571437499984,-9.642857149999998,1.0839285712499995
2020-10-20 21:00:00,1.0357142862500004,0.26785714250000003,-1.2678571425000023,-20.892857137500002,0.5339285712499999
2020-10-20 22:00:00,0.8107142849999996,0.33035714249999937,-0.5178571424999996,-19.767857149999998,0.4589285725000001
2020-10-20 23:00:00,0.510714286125,-0.0446428574999993,-0.405357142499998,-17.017857137500002,0.20892857124999975
2020-10-21 00:00:00,0.010714285624999875,-0.21964285625000013,0.13214285624999977,-10.517857149999998,0.04642857125000033
2020-10-21 01:00:00,0.23571428575000009,-0.08214285750000005,-0.40535714249999977,-23.392857137500002,0.0964285712499997
2020-10-21 02:00:00,0.11249999999999993,-0.03749999999999987,0.03750000000000142,-11.5,0.06250000000000044
2020-10-21 03:00:00,0.12500000000000022,0.06250000000000022,-3.552713678800501e-15,-10.375,0.1625000000000001
2020-10-21 04:00:00,-0.3999999999999998,-0.125,-1.0249999999999986,-12.625,-0.0125000000000004
2020-10-21 05:00:00,-0.12500000000000033,0.01249999999999929,-0.41249999999999964,-10.875,0.11250000000000027
2020-10-21 06:00:00,0.07499999999999984,0.1499999999999999,-0.4875000000000007,-12.125,0.30000000000000004
2020-10-21 07:00:00,-0.3999999999999997,-0.34999999999999964,-0.3625000000000007,-5.5,0.02499999999999991
2020-10-21 08:00:00,-1.2125000000000004,-1.4375,0.40000000000000036,27.5,-0.4500000000000002
2020-10-21 09:00:00,-2.175,-3.05,5.137499999999999,73.875,-1.5874999999999997
2020-10-21 10:00:00,-2.0000000000000004,-0.7875000000000003,7.712500000000001,65.125,-0.7625000000000002
2020-10-21 11:00:00,-1.7874999999999996,-1.3250000000000002,2.6874999999999973,-60.375,-0.9875
2020-10-21 12:00:00,-1.0250000000000001,-1.2124999999999995,6.6125000000000025,100.875,-1.3125
2020-10-21 13:00:00,0.22499999999999987,1.2374999999999994,-2.8499999999999996,0.25,0.6750000000000003
2020-10-21 14:00:00,0.46250000000000013,1.3375000000000004,-4.7125,-1.0,0.5000000000000004
2020-10-21 15:00:00,0.48750000000000004,-0.38749999999999973,-3.9000000000000004,-3.875,-0.0625
2020-10-21 16:00:00,0.5625,0.8125,-4.637499999999999,-6.625,0.3249999999999993
2020-10-21 17:00:00,0.9500000000000002,1.225,-4.274999999999999,-14.0,0.5249999999999999
2020-10-21 18:00:00,0.8374999999999997,0.9124999999999994,-1.9500000000000028,-28.75,0.5625000000000004
2020-10-21 19:00:00,0.5250000000000001,0.4500000000000004,-1.1374999999999975,-5.125,0.41249999999999987
2020-10-21 20:00:00,0.24999999999999978,0.34999999999999987,-0.5000000000000036,-20.125,0.3124999999999998
2020-10-21 21:00:00,0.15000000000000036,0.0625,-0.32499999999999574,-14.0,0.21250000000000013
2020-10-21 22:00:00,0.3124999999999998,0.19999999999999996,-1.7763568394002505e-15,-94.0,0.15000000000000036
2020-10-21 23:00:00,0.24999999999999978,0.2625000000000002,-0.03750000000000142,79.75,0.26249999999999973
2020-10-22 00:00:00,-0.062499999999999556,-0.11250000000000004,-0.47499999999999964,-15.5,-0.03750000000000053
2020-10-22 01:00:00,-0.04999999999999982,-0.11250000000000027,-0.22500000000000142,-9.75,0.08750000000000036
2020-10-22 02:00:00,0.44999999999999973,0.3625000000000005,-0.09999999999999787,-7.5,0.22499999999999987
2020-10-22 03:00:00,0.4125000000000001,0.37499999999999956,0.36249999999999893,-7.5,0.13750000000000018
2020-10-22 04:00:00,0.050000000000000044,-0.03749999999999942,-0.25,-5.125,0.0
2020-10-22 05:00:00,0.09999999999999964,0.11250000000000004,-0.125,-9.625,0.1499999999999997
2020-10-22 06:00:00,0.125,0.11249999999999982,0.07499999999999929,3.625,0.08750000000000036
2020-10-22 07:00:00,0.03749999999999987,0.125,-0.07499999999999929,-0.375,0.08749999999999991
2020-10-22 08:00:00,-0.6499999999999997,-1.4874999999999996,0.33750000000000213,7.0,-0.4375000000000002
2020-10-22 09:00:00,-1.05,-2.4250000000000003,6.712499999999999,27.375,-1.5374999999999994
2020-10-22 10:00:00,-1.0374999999999999,-0.8500000000000001,5.237499999999999,110.5,-1.0750000000000004
2020-10-22 11:00:00,-1.1625000000000003,-1.4249999999999998,4.262500000000003,6.5,-1.0624999999999996
2020-10-22 12:00:00,-1.6249999999999998,-2.1750000000000003,5.487499999999997,21.375,-1.4875000000000003
2020-10-22 13:00:00,-1.1500000000000004,-0.5749999999999997,3.3750000000000018,-35.125,-0.3625000000000007
2020-10-22 14:00:00,-0.5374999999999996,0.16249999999999964,2.612499999999999,38.25,0.32500000000000107
2020-10-22 15:00:00,-0.06250000000000044,0.9624999999999999,1.4625000000000012,-5.125,0.12499999999999911
2020-10-22 16:00:00,1.0250000000000004,1.0250000000000004,-0.17499999999999893,6.875,0.08749999999999991
2020-10-22 17:00:00,1.5874999999999995,1.7624999999999997,-6.7,0.25,1.1875000000000004
2020-10-22 18:00:00,2.0750000000000006,2.8125,-9.3375,-14.625,1.75
2020-10-22 19:00:00,1.3906250000000002,1.73125,-0.12187499999999929,-10.9375,1.3781249999999998
2020-10-22 20:00:00,1.3281249999999996,0.8687499999999999,-2.609375,-3.9375,0.7406250000000005
2020-10-22 21:00:00,0.578125,0.5687500000000003,-0.9843750000000018,-9.0625,0.42812499999999964
2020-10-22 22:00:00,0.46562499999999973,-0.1312500000000003,0.015625,-10.4375,0.3031250000000001
2020-10-22 23:00:00,0.4750000000000004,-0.012500000000000178,-0.13750000000000284,-20.125,-2.220446049250313e-16
2020-10-23 00:00:00,0.22499999999999964,-0.07499999999999973,-0.29999999999999893,-5.625,0.07499999999999973
2020-10-23 01:00:00,0.8250000000000001,0.2624999999999995,1.2375000000000025,-11.125,-0.012499999999999734
2020-10-23 02:00:00,0.8500000000000003,0.375,-0.8875000000000011,-12.0,0.3750000000000002
2020-10-23 03:00:00,0.38749999999999984,0.18750000000000067,-1.174999999999999,-8.125,0.2124999999999999
2020-10-23 04:00:00,0.8374999999999999,0.49999999999999956,-0.4875000000000025,-8.75,0.3999999999999999
2020-10-23 05:00:00,0.12500000000000017,0.23750000000000004,0.525000000000003,-6.875,0.3125
2020-10-23 06:00:00,0.08750000000000019,-2.220446049250313e-16,0.3749999999999991,-5.625,0.07500000000000018
2020-10-23 07:00:00,-2.220446049250313e-16,0.03750000000000053,-0.9124999999999996,-7.25,0.13750000000000018
2020-10-23 08:00:00,-2.3125,-2.25,3.7499999999999973,3.375,-1.0625000000000004
2020-10-23 09:00:00,-2.7375,-4.575,11.725000000000001,79.25,-2.7375
2020-10-23 10:00:00,-1.7624999999999997,-1.65,9.589285713750002,53.875,-1.9375
2020-10-23 11:00:00,-1.225,-1.5000000000000004,2.4178571437499983,0.0,-0.4999999999999998
2020-10-23 12:00:00,-0.5375000000000001,-1.6625,1.5928571425000033,-99.75,-1.0749999999999997
2020-10-23 13:00:00,-0.26249999999999996,-0.037499999999999645,1.7928571437499992,103.0,-0.42500000000000027
2020-10-23 14:00:00,0.062499999999999556,-0.03750000000000009,-0.3946428587499984,2.75,-0.17499999999999982
2020-10-23 15:00:00,0.6750000000000005,0.7375000000000003,1.967857143749999,1.875,0.7499999999999996
2020-10-23 16:00:00,0.7249999999999999,0.13749999999999973,-3.7071428575,-4.375,-0.6499999999999999
2020-10-23 17:00:00,1.5,5.0375,-8.508928571250001,6.875,2.2250000000000005
2020-10-23 18:00:00,1.5875000000000001,2.937500000000001,-10.3875,-35.75,2.0124999999999997
2020-10-23 19:00:00,1.0875,0.9374999999999996,-0.8125,-19.75,1.1
2020-10-23 20:00:00,0.6499999999999999,0.11250000000000004,-0.15000000000000036,-20.5,0.5375000000000003
2020-10-23 21:00:00,0.5875000000000002,0.21250000000000013,-2.0999999999999988,0.625,0.27499999999999925
2020-10-23 22:00:00,0.47499999999999964,-0.4500000000000002,-0.9750000000000014,-14.75,-0.17499999999999982
2020-10-23 23:00:00,0.037500000000000144,-0.012499999999999956,-1.1999999999999975,-11.625,-0.025000000000000133
2020-10-24 00:00:00,-0.012499999999999789,0.0750000000000004,-0.12500000000000178,-11.875,0.11250000000000049
2020-10-24 01:00:00,0.44999999999999973,0.22499999999999987,-0.8375000000000004,-22.625,0.1625000000000003
2020-10-24 02:00:00,0.6124999999999999,0.6875,0.21249999999999858,-7.875,0.5624999999999998
2020-10-24 03:00:00,0.8,0.23749999999999982,-0.8499999999999979,-31.125,0.2749999999999997
2020-10-24 04:00:00,0.18749999999999994,0.125,0.6249999999999982,-21.25,-2.220446049250313e-16
2020-10-24 05:00:00,0.7500000000000002,0.3749999999999998,0.5,-24.5,0.33750000000000036
2020-10-24 06:00:00,0.8874999999999998,0.28750000000000053,1.0375000000000014,-29.75,0.1124999999999996
2020-10-24 07:00:00,0.22499999999999992,0.18749999999999978,-0.9624999999999986,-18.5,0.10000000000000031
2020-10-24 08:00:00,-3.1125,-2.25,2.0624999999999982,4.5,-0.5125
2020-10-24 09:00:00,-3.5500000000000003,-5.275,15.3625,106.375,-2.75
2020-10-24 10:00:00,-2.1375,-2.3874999999999993,6.8555803575,135.375,-2.2624999999999997
2020-10-24 11:00:00,-1.0999999999999996,-2.0625000000000004,4.230580356249999,12.875,-1.7875000000000005
2020-10-24 12:00:00,-1.1875000000000004,-0.062499999999999556,2.8180803575000013,2.0,-0.5249999999999995
2020-10-24 13:00:00,-0.4125000000000001,-0.23750000000000027,-1.5694196425000007,2.625,-0.5124999999999997
2020-10-24 14:00:00,0.11250000000000004,0.49999999999999956,0.2805803574999999,2.875,0.4249999999999998
2020-10-24 15:00:00,0.19999999999999996,0.6375000000000006,-1.5944196437500002,-2.375,0.08749999999999947
2020-10-24 16:00:00,0.8750000000000002,2.275,-2.5444196424999994,-98.625,0.3250000000000002
2020-10-24 17:00:00,1.35,2.075,-13.339062500000002,93.875,1.7625000000000002
2020-10-24 18:00:00,2.075,3.8125,-9.8875,-8.5,2.5
2020-10-24 19:00:00,1.9375,0.8250000000000004,0.6500000000000012,-21.75,0.8
2020-10-24 20:00:00,2.2624999999999993,0.5624999999999998,-1.0624999999999982,-26.0,0.5499999999999998
2020-10-24 21:00:00,1.0125000000000002,0.18750000000000022,-1.4875000000000016,-22.125,0.26249999999999973
2020-10-24 22:00:00,-0.18749999999999972,0.09999999999999964,-2.8499999999999996,-37.125,0.36250000000000004
2020-10-24 23:00:00,0.09999999999999992,0.07499999999999973,-0.5374999999999996,-32.625,0.21250000000000036
2020-10-25 00:00:00,0.14999999999999986,-0.16249999999999964,-0.46250000000000213,-16.25,-2.220446049250313e-16
2020-10-25 01:00:00,0.46250000000000013,0.3374999999999999,-0.11249999999999893,-8.5,0.12499999999999978
2020-10-25 02:00:00,0.38749999999999996,0.2250000000000001,0.012500000000001066,-36.75,0.0750000000000004
2020-10-25 03:00:00,0.20000000000000004,0.13749999999999996,0.037499999999999645,-25.8125,-6.661338147750939e-16
2020-10-25 04:00:00,0.2874999999999999,0.2250000000000001,0.29999999999999716,-15.1875,0.1750000000000007
2020-10-25 05:00:00,0.5874999999999999,0.2999999999999998,1.8000000000000007,-23.25,0.2124999999999997
2020-10-25 06:00:00,0.775,0.21250000000000013,0.7125000000000012,-26.875,0.21250000000000036
2020-10-25 07:00:00,-0.09999999999999998,0.1875,-0.762500000000002,-4.541666625000005,0.2124999999999997
2020-10-25 08:00:00,-3.3999999999999995,-1.875,-1.1249999999999982,11.58333325000001,-0.5249999999999999
2020-10-25 09:00:00,-3.6625,-5.5874999999999995,12.55,122.208333375,-2.6624999999999996
2020-10-25 10:00:00,-4.2375,-4.175000000000001,11.112500000000002,132.0,-3.0500000000000003
2020-10-25 11:00:00,-2.7375000000000003,-1.4000000000000004,4.3999999999999995,27.0,-0.42500000000000027
2020-10-25 12:00:00,-1.2096153849999995,-1.3384615387499994,2.749519231249999,-1.519230774999997,-0.9817307687499999
2020-10-25 13:00:00,-0.1971153837500006,0.46153846125,0.9120192300000021,0.4807692374999988,-0.5692307700000003
2020-10-25 14:00:00,0.01538461499999988,0.5990384625000003,-0.3129807687500019,1.730769225000003,0.2557692312500004
2020-10-25 15:00:00,0.5778846150000003,1.0990384612499997,-4.187980769999999,5.480769237499999,-0.10673076999999997
2020-10-25 16:00:00,0.6278846162499996,1.4615384612500004,-4.719230768749998,2.730769225000003,0.28076923124999986
2020-10-25 17:00:00,1.2278846147500009,2.299038461249999,-6.856730768750003,-11.269230762500001,1.0807692312500006
2020-10-25 18:00:00,2.3653846155,3.3490384625000007,-8.13173077,-24.89423077500001,1.79326923
2020-10-25 19:00:00,1.6278846153749995,1.7240384612499995,-3.756730768749999,-17.0192307625,1.4182692312500003
2020-10-25 20:00:00,1.3278846153750004,0.5365384612500004,-1.7192307687499992,-10.144230774999997,0.6807692312499991
2020-10-25 21:00:00,1.615384615375,0.6740384612499999,-0.10673076999999953,-15.894230762500001,0.4182692300000004
2020-10-25 22:00:00,0.6653846153750002,0.04903846250000021,0.6682692312499974,-20.269230774999997,0.13076923124999973
2020-10-25 23:00:00,1.1528846153749996,0.13653846125000024,0.38076923000000296,-21.1442307625,0.4307692300000001
2020-10-26 00:00:00,1.0778846153750004,0.1615384612499997,0.5307692312499981,-17.019230774999997,0.28076923125000053
2020-10-26 01:00:00,0.7062499999999999,0.30000000000000004,0.41875000000000107,-24.0,0.16249999999999942
2020-10-26 02:00:00,0.34375000000000006,0.24999999999999978,-0.19374999999999787,-35.25,0.125
2020-10-26 03:00:00,0.09999999999999976,-0.06249999999999978,-0.5875000000000039,-0.8125,0.08750000000000013
2020-10-26 04:00:00,0.5125000000000003,0.15000000000000013,0.07500000000000284,0.3125,0.11249999999999982
2020-10-26 05:00:00,0.13749999999999984,0.1124999999999996,-0.41249999999999964,-13.75,0.1375000000000004
2020-10-26 06:00:00,0.35,0.05000000000000071,-1.1625000000000014,-2.25,0.16249999999999987
2020-10-26 07:00:00,0.21250000000000002,-0.0250000000000008,-0.875,-8.625,0.17499999999999982
2020-10-26 08:00:00,-1.6374999999999997,-1.0125,-1.3625000000000007,14.375,-0.3624999999999998
2020-10-26 09:00:00,-3.0500000000000003,-5.5,9.075000000000003,77.625,-2.2125
2020-10-26 10:00:00,-3.6500000000000004,-3.0750000000000006,13.8125,100.625,-1.8125
2020-10-26 11:00:00,-3.2,-1.7249999999999992,2.6374999999999984,5.25,-2.0999999999999996
2020-10-26 12:00:00,-3.3,-2.2750000000000004,5.312500000000001,0.375,-1.1750000000000007
2020-10-26 13:00:00,-1.4624999999999995,-1.5125000000000006,2.5374999999999996,8.125,-1.3249999999999993
2020-10-26 14:00:00,-0.6125000000000003,-0.1999999999999993,0.9875000000000003,7.625,-0.7625000000000006
2020-10-26 15:00:00,0.1374999999999993,1.8750000000000004,-2.3250000000000015,-89.375,0.6875000000000004
2020-10-26 16:00:00,0.9500000000000002,1.9999999999999996,-6.174999999999999,107.375,0.37499999999999956
2020-10-26 17:00:00,2.0250000000000004,2.9375,-8.2375,1.125,1.7375000000000003
2020-10-26 18:00:00,3.4875,4.375,-12.7375,-40.0,2.437499999999999
2020-10-26 19:00:00,1.7000000000000002,1.4124999999999996,-2.2749999999999986,-27.0,1.1875000000000004
2020-10-26 20:00:00,1.9999999999999998,0.7875000000000003,-2.2875000000000014,-21.75,0.8500000000000005
2020-10-26 21:00:00,1.1624999999999999,0.5249999999999997,0.6125000000000007,-20.875,0.5375000000000001
2020-10-26 22:00:00,1.4500000000000002,0.46250000000000036,0.8624999999999989,-20.5,0.47499999999999987
2020-10-26 23:00:00,0.7749999999999998,0.2500000000000002,-0.08749999999999947,-22.625,0.27500000000000013
2020-10-27 00:00:00,0.5000000000000001,-0.050000000000000266,1.3875000000000002,-18.125,0.0499999999999996
2020-10-27 01:00:00,0.8249999999999998,0.33750000000000036,0.07499999999999929,-15.875,0.16249999999999987
2020-10-27 02:00:00,0.1875000000000001,-0.012500000000000178,-0.27500000000000124,-44.5625,0.10000000000000031
2020-10-27 03:00:00,0.1625000000000002,0.08749999999999991,-0.09999999999999964,-42.6875,0.11249999999999982
2020-10-27 04:00:00,0.4749999999999999,0.17500000000000004,0.1250000000000009,39.125,0.12499999999999978
2020-10-27 05:00:00,0.2999999999999999,0.07499999999999973,0.125,-15.25,0.13749999999999996
2020-10-27 06:00:00,0.04999999999999993,-0.03750000000000009,-0.29999999999999716,-17.625,0.10000000000000053
2020-10-27 07:00:00,-0.024999999999999967,-0.13749999999999996,-1.6375000000000028,-25.5,0.07499999999999973
2020-10-27 08:00:00,-1.3000000000000003,-0.6624999999999996,-2.7375000000000007,45.0,-0.16249999999999964
2020-10-27 09:00:00,-2.6375,-4.05,1.4875000000000007,66.5,-1.4625000000000001
2020-10-27 10:00:00,-3.8375,-4.65,16.0375,98.75,-2.6625000000000005
2020-10-27 11:00:00,-2.8999999999999995,-1.4249999999999994,8.825,39.875,-1.3999999999999995
2020-10-27 12:00:00,-3.7875000000000014,-1.9625000000000008,4.8,6.25,-1.3249999999999997
2020-10-27 13:00:00,-1.5124999999999993,-1.0499999999999998,2.079999999999999,10.5,-1.225000000000001
2020-10-27 14:00:00,-0.9250000000000003,-0.49999999999999956,-0.007499999999998508,3.0,-0.41249999999999964
2020-10-27 15:00:00,-0.5,0.25,-0.8825000000000003,3.0,-0.2875000000000001
2020-10-27 16:00:00,1.1250000000000004,2.7999999999999994,-6.695,-87.375,1.4250000000000007
2020-10-27 17:00:00,2.5124999999999997,2.8874999999999997,-6.519999999999999,36.375,1.35
2020-10-27 18:00:00,2.5375,3.3125,-8.225,26.75,2.05
2020-10-27 19:00:00,1.9894230775,1.2923076925,-2.3317307687500017,-27.586538462500002,1.297115385
2020-10-27 20:00:00,0.80192307625,0.25480769250000046,-1.6442307699999992,-15.586538462499995,0.42211538374999935
2020-10-27 21:00:00,1.6019230774999997,1.1548076924999995,-5.144230768750001,-29.461538462500002,0.2846153850000004
2020-10-27 22:00:00,0.45192307625000017,0.07980769125000031,-0.8942307699999983,-29.086538462499995,0.2346153849999999
2020-10-27 23:00:00,-0.1480769224999996,-0.13269230749999972,-1.6692307687500012,-10.336538462500002,0.047115383749999795
2020-10-28 00:00:00,0.26442307624999994,-0.18269230750000043,0.10576923125000093,-19.461538462500002,0.07211538499999981
2020-10-28 01:00:00,0.05192307750000014,-0.02019230749999945,-0.6567307700000029,-21.586538450000006,0.02211538500000043
2020-10-28 02:00:00,-0.03557692375000032,0.01730769249999975,-0.2442307687500005,-23.336538462500002,0.08461538499999999
2020-10-28 03:00:00,0.06442307749999987,0.09230769249999993,-0.8192307687499962,-14.961538462500002,0.05961538374999975
2020-10-28 04:00:00,0.05192307625000048,0.029807691250000046,-0.6442307700000001,-16.586538462499988,0.009615385000000254
2020-10-28 05:00:00,-0.16057692250000044,0.06730769250000002,-0.9067307687500001,-15.961538462500002,0.07211538500000003
2020-10-28 06:00:00,-0.06057692375000001,0.054807692499999616,0.055769229999999226,-7.336538462500002,0.047115383749999795
2020-10-28 07:00:00,0.0019230775000003142,-0.00769230749999994,-0.14423076874999907,-6.336538462500002,0.08461538500000043
2020-10-28 08:00:00,-0.8375000000000001,-0.6124999999999998,0.2375000000000007,19.125,0.02499999999999991
2020-10-28 09:00:00,-1.6624999999999999,-3.125,3.112499999999999,69.5,-1.6250000000000004
2020-10-28 10:00:00,-2.4875,-3.7500000000000004,15.049999999999999,118.75,-1.7874999999999994
2020-10-28 11:00:00,-2.3374999999999995,-0.19999999999999973,6.337500000000001,38.0,-1.2375000000000007
2020-10-28 12:00:00,-1.5000000000000009,-1.65,3.174999999999999,14.625,-0.9999999999999996
2020-10-28 13:00:00,-0.2500000000000002,-0.8125,2.6499999999999995,-8.0,-1.1249999999999996
2020-10-28 14:00:00,-1.0249999999999997,-1.3374999999999995,5.5375,-0.125,-0.6499999999999999
2020-10-28 15:00:00,0.2625000000000002,1.3749999999999991,-0.8125,15.125,0.47499999999999964
2020-10-28 16:00:00,1.3624999999999998,1.9375,-3.962499999999999,-0.25,0.8874999999999997
2020-10-28 17:00:00,1.8374999999999997,2.9125000000000005,-8.0125,5.125,1.3125
2020-10-28 18:00:00,2.7375000000000007,4.299999999999999,-8.812500000000004,-13.375,2.4250000000000007
2020-10-28 19:00:00,2.2,0.9624999999999999,-3.8124999999999964,-28.125,1.3125
2020-10-28 20:00:00,1.6999999999999993,0.33750000000000013,-1.5625000000000009,-16.625,0.5874999999999992
2020-10-28 21:00:00,0.9000000000000005,0.2875000000000001,-1.3125,-17.375,0.31250000000000044
2020-10-28 22:00:00,1.4249999999999998,0.375,0.4375000000000009,-30.875,0.23749999999999982
2020-10-28 23:00:00,1.125,0.5000000000000002,1.1374999999999966,-5.375,0.3749999999999998
2020-10-29 00:00:00,0.9125,0.12499999999999956,1.637500000000001,-12.75,0.23749999999999982
2020-10-29 01:00:00,0.8250000000000001,0.18750000000000044,-0.16249999999999787,-16.0,0.1499999999999999
2020-10-29 02:00:00,0.14999999999999997,0.1999999999999995,0.15000000000000036,-17.625,0.25000000000000044
2020-10-29 03:00:00,1.0,0.40000000000000036,0.47499999999999876,-65.125,0.22499999999999987
2020-10-29 04:00:00,0.7624999999999998,0.40000000000000036,0.34999999999999964,47.0,0.11250000000000049
2020-10-29 05:00:00,0.7250000000000001,0.28749999999999964,0.7499999999999982,-10.125,0.14999999999999947
2020-10-29 06:00:00,0.7375,0.19999999999999973,0.15000000000000213,-10.125,0.17500000000000027
2020-10-29 07:00:00,0.15,0.20000000000000018,-1.5999999999999996,-6.0,0.25
2020-10-29 08:00:00,-2.8,-2.0,-1.3499999999999996,5.125,-0.15000000000000036
2020-10-29 09:00:00,-4.0875,-5.875,5.362499999999997,89.25,-2.7
2020-10-29 10:00:00,-3.6500000000000004,-2.3375000000000004,20.4375,93.875,-2.2249999999999996
2020-10-29 11:00:00,-2.075,-1.4,2.56383928625,16.125,-0.6625000000000001
2020-10-29 12:00:00,-1.7375000000000003,-1.625,2.3638392849999996,-3.875,-1.2624999999999997
2020-10-29 13:00:00,-1.1875000000000002,0.0,-0.9236607137499995,8.875,-0.7000000000000002
2020-10-29 14:00:00,-0.3749999999999991,-0.37500000000000044,1.188839285000002,0.125,-0.9624999999999995
2020-10-29 15:00:00,0.050000000000000266,0.5875000000000008,-2.661160713750002,2.75,-0.30000000000000115
2020-10-29 16:00:00,0.8624999999999996,2.475,-7.161160714999999,-8.875,1.475000000000001
2020-10-29 17:00:00,1.5625,2.7124999999999995,-5.4986607137500005,10.25,1.4874999999999994
2020-10-29 18:00:00,3.2249999999999996,4.4375,-8.359375000000004,-21.25,2.3375000000000004
2020-10-29 19:00:00,1.7875,0.5499999999999996,-7.562499999999998,-35.5,1.1250000000000004
2020-10-29 20:00:00,2.0125,0.48750000000000027,-1.7625000000000028,-23.375,0.6624999999999996
2020-10-29 21:00:00,1.4875,0.2875000000000001,-2.0249999999999986,-31.875,0.2875000000000001
2020-10-29 22:00:00,0.6624999999999999,0.1499999999999997,0.3874999999999993,-16.75,0.17499999999999982
2020-10-29 23:00:00,0.47500000000000014,-0.012499999999999734,0.012500000000004619,-25.25,0.10000000000000009
2020-10-30 00:00:00,0.825,0.1499999999999999,1.5874999999999968,-14.125,0.1499999999999997
2020-10-30 01:00:00,1.0625000000000002,0.375,1.075000000000001,-12.625,0.0125000000000004
2020-10-30 02:00:00,0.7749999999999998,0.3250000000000004,0.9249999999999954,-16.5,0.16249999999999964
2020-10-30 03:00:00,0.5375000000000001,0.12499999999999933,0.025000000000003908,-10.75,0.1875
2020-10-30 04:00:00,0.325,0.1375000000000004,-0.4875000000000007,-12.0,0.1625000000000001
2020-10-30 05:00:00,0.15,0.07500000000000018,0.04999999999999982,-10.375,0.10000000000000009
2020-10-30 06:00:00,0.4125,0.16249999999999964,0.9625000000000004,-12.875,0.1499999999999999
2020-10-30 07:00:00,0.4125,0.3124999999999998,-1.6375000000000002,-9.25,0.1499999999999997
2020-10-30 08:00:00,-2.6625,-1.2624999999999997,1.9125000000000005,-29.25,0.21250000000000013
2020-10-30 09:00:00,-4.2,-5.625,6.875000000000002,134.625,-2.125
2020-10-30 10:00:00,-3.6625,-2.6,16.074999999999996,112.75,-0.9375
2020-10-30 11:00:00,-3.2124999999999995,-2.5,2.0803571424999996,6.875,-2.3124999999999996
2020-10-30 12:00:00,-1.9749999999999996,-1.7499999999999996,1.2553571437499995,3.5,-1.8375000000000004
2020-10-30 13:00:00,-1.6875,-0.7750000000000004,0.5303571424999998,4.125,-0.9624999999999999
2020-10-30 14:00:00,-0.8125000000000004,0.5125000000000002,0.9678571425000011,-3.25,-0.22500000000000053
2020-10-30 15:00:00,-0.19999999999999973,0.4249999999999998,-0.9946428575000006,13.375,0.13750000000000062
2020-10-30 16:00:00,0.8500000000000001,2.5875,-3.0196428562499986,-1.375,1.0999999999999996
2020-10-30 17:00:00,1.9624999999999992,3.8375000000000004,-5.657142857500001,-1.375,1.9217216975000002
2020-10-30 18:00:00,4.125000000000001,3.9625,-15.1625,-24.375,2.48422169875
2020-10-30 19:00:00,2.7468750000000006,0.7531249999999998,-3.9687500000000018,-28.8125,0.9998466975000002
2020-10-30 20:00:00,1.4218749999999996,0.25312500000000027,-0.9562500000000007,-26.8125,0.5623466987499994
2020-10-30 21:00:00,1.0968749999999998,0.5031249999999998,-0.6437500000000025,-22.0625,0.4123466975000005
2020-10-30 22:00:00,1.2593750000000001,0.028125000000000178,-0.5687499999999943,-24.3125,-0.037653301250000215
2020-10-30 23:00:00,0.85,0.4374999999999998,0.8874999999999975,-19.375,0.4592216975000005
2020-10-31 00:00:00,0.16250000000000014,0.07500000000000018,0.625,-15.5,0.10922169874999965
2020-10-31 01:00:00,0.4124999999999999,0.3374999999999999,0.29999999999999893,-8.625,0.1717216975
2020-10-31 02:00:00,0.7249999999999999,0.16249999999999987,-0.02499999999999858,-18.0625,0.009221698750000229
2020-10-31 03:00:00,0.4750000000000002,0.26249999999999996,0.349999999999997,-15.5625,0.14672169749999986
2020-10-31 04:00:00,0.17499999999999996,0.2000000000000003,0.5125000000000011,-8.0,0.13422169874999978
2020-10-31 05:00:00,0.4499999999999999,-0.012499999999999845,0.11250000000000071,-14.75,0.02172169750000008
2020-10-31 06:00:00,0.0875,0.012499999999999512,0.1999999999999993,-8.25,0.07172169874999978
2020-10-31 07:00:00,0.28750000000000003,0.19999999999999996,-1.7999999999999998,-24.625,0.10922169749999999
2020-10-31 08:00:00,-2.2125,-1.1624999999999999,-1.2374999999999998,15.625,-0.14077830125000013
2020-10-31 09:00:00,-4.687500000000001,-6.3374999999999995,9.0,124.125,-2.3032783024999994
2020-10-31 10:00:00,-4.237499999999999,-2.9999999999999996,11.325,90.625,-3.0032783012499995
2020-10-31 11:00:00,-3.1875,-1.9124999999999996,5.687499999999999,16.125,-1.6907783025000014
2020-10-31 12:00:00,-1.3625,-1.0000000000000004,1.8974999999999995,17.125,-0.528278301249999
2020-10-31 13:00:00,-0.6374999999999993,-0.3125,1.097500000000001,-10.0,-0.7907783025000001
2020-10-31 14:00:00,-0.1750000000000007,0.24999999999999956,0.2225000000000006,14.125,-0.06577830124999995
2020-10-31 15:00:00,0.13749999999999973,1.4250000000000003,-1.1150000000000002,2.25,0.5217216974999994
2020-10-31 16:00:00,0.17500000000000027,1.9125,-4.0275,1.375,0.6467216987500004
2020-10-31 17:00:00,2.3625,2.9749999999999996,-10.6,-5.25,1.5842216974999999
2020-10-31 18:00:00,4.0125,3.6750000000000007,-9.5875,-133.625,2.3842216987500002
2020-10-31 19:00:00,1.2875000000000003,0.7624999999999993,-0.21250000000000124,86.25,1.2092216974999994
2020-10-31 20:00:00,1.075,0.5875000000000001,-3.4499999999999966,-32.75,0.4842216987499999
2020-10-31 21:00:00,0.06250000000000044,0.2625000000000004,-1.6750000000000043,-3.375,0.40922169750000004
2020-10-31 22:00:00,0.6999999999999997,0.07499999999999973,-0.5999999999999979,-18.25,-0.01577830124999946
2020-10-31 23:00:00,0.43749999999999967,0.012499999999999956,-0.1374999999999993,-18.125,0.05922169749999995
2020-11-01 00:00:00,0.025000000000000133,-0.3374999999999997,-0.11250000000000249,-21.5,-0.053278301250000215
2020-11-01 01:00:00,-0.38749999999999984,-0.5874999999999999,-1.3874999999999975,-20.125,-0.3282783025
2020-11-01 02:00:00,-0.30000000000000016,-0.1750000000000007,-1.1000000000000014,-21.625,-0.07827830124999968
2020-11-01 03:00:00,-0.06249999999999978,-0.0374999999999992,-0.4499999999999993,-10.75,-0.06577830250000005
2020-11-01 04:00:00,-0.17500000000000027,-0.1375000000000004,-0.7874999999999996,-22.5,-0.11577830125000022
2020-11-01 05:00:00,0.012500000000000067,0.08749999999999991,-0.33750000000000213,-9.625,0.021721697499999637
2020-11-01 06:00:00,-0.07499999999999973,0.025000000000000355,-0.7874999999999979,-13.5,0.04672169875000054
2020-11-01 07:00:00,0.09999999999999964,0.1499999999999997,0.09999999999999964,-7.5,0.07172169750000013
2020-11-01 08:00:00,-0.3249999999999996,-0.11250000000000004,-0.9000000000000021,2.875,0.19672169874999978
2020-11-01 09:00:00,-0.75,-1.1999999999999997,0.5625000000000018,33.125,-0.6157783025000001
2020-11-01 10:00:00,-0.7625,-0.7250000000000003,3.0375000000000014,115.75,-0.21577830125000008
2020-11-01 11:00:00,-0.03750000000000031,0.5249999999999999,-1.2500000000000018,28.0,-0.09077830249999974
2020-11-01 12:00:00,-0.6875,-0.9374999999999996,2.2249999999999996,15.5,-0.5907783012500003
2020-11-01 13:00:00,-0.3249999999999995,-0.3875000000000002,-0.47499999999999787,-2.375,-0.028278302499999963
2020-11-01 14:00:00,-0.31250000000000044,-1.1125,-0.3125000000000018,30.0,-0.5157783012499992
2020-11-01 15:00:00,-0.3125000000000002,-0.13750000000000018,-0.18750000000000178,-8.625,-0.5657783025000009
2020-11-01 16:00:00,0.06250000000000022,1.0500000000000007,-2.0124999999999957,-106.0,0.4717216987500006
2020-11-01 17:00:00,0.02499999999999969,1.325,-2.4875000000000025,93.25,0.5717216974999997
2020-11-01 18:00:00,0.7125000000000004,0.8875,-1.2500000000000018,-21.625,0.47172169875000014
2020-11-01 19:00:00,0.12499999999999978,0.31249999999999956,0.2375000000000007,-17.0,0.3092216974999995
2020-11-01 20:00:00,0.15000000000000036,0.025000000000000133,-0.34999999999999787,-16.4375,0.14672169875000085
2020-11-01 21:00:00,0.07499999999999973,-0.03749999999999987,-0.5250000000000021,-18.6875,0.09672169749999981
2020-11-01 22:00:00,-0.012499999999999956,0.012499999999999956,-0.062499999999998224,-16.75,0.08422169749999942
2020-11-01 23:00:00,0.15000000000000013,0.11250000000000004,-0.4499999999999993,-12.75,0.03422169875000036
2020-11-02 00:00:00,0.18750000000000022,0.12499999999999978,0.5249999999999968,-16.0,0.10922169749999999
2020-11-02 01:00:00,0.3374999999999999,-0.012499999999999734,-0.35625000000000107,-15.5,0.12797169874999992
2020-11-02 02:00:00,0.08750000000000013,0.050000000000000044,-0.10624999999999751,-3.5,0.06547169750000004
2020-11-02 03:00:00,0.4624999999999997,0.21249999999999947,-0.0625,-10.875,0.18422169874999983
2020-11-02 04:00:00,0.22499999999999987,2.220446049250313e-16,-0.125,-8.875,0.05922169750000017
2020-11-02 05:00:00,-0.025000000000000133,0.03749999999999987,0.05000000000000071,-5.875,0.046721698750000096
2020-11-02 06:00:00,2.220446049250313e-16,0.11250000000000027,0.07499999999999929,-16.125,0.09672169749999959
2020-11-02 07:00:00,0.08749999999999991,-0.1750000000000005,0.21250000000000213,-6.0,-0.0032783012499999487
2020-11-02 08:00:00,-0.06250000000000022,-0.5124999999999995,0.24999999999999645,7.375,-0.19077830250000005
2020-11-02 09:00:00,-0.6624999999999996,-2.325000000000001,2.887500000000001,68.625,-1.3032783012499998
2020-11-02 10:00:00,-1.3625,-3.424999999999999,7.712500000000002,79.125,-1.4532783025000005
2020-11-02 11:00:00,-2.3500000000000005,-0.7000000000000002,15.587499999999999,54.0,-1.4282783012499993
2020-11-02 12:00:00,-1.5624999999999991,-1.6750000000000003,10.75,-1.75,-1.3532783025000006
2020-11-02 13:00:00,-0.8125000000000011,-1.1874999999999996,2.932500000000001,16.0,-1.06577830125
2020-11-02 14:00:00,-0.27499999999999947,0.2749999999999999,-1.0050000000000008,-4.125,0.09672169750000048
2020-11-02 15:00:00,0.5999999999999994,1.7375000000000003,-2.8800000000000017,4.5,0.4842216987500003
2020-11-02 16:00:00,0.6125000000000007,0.6749999999999998,-2.117499999999999,19.5,-0.003278302500000496
2020-11-02 17:00:00,1.7000000000000002,3.95,-11.98,-4.125,2.44672169875
2020-11-02 18:00:00,3.2,3.325,-9.5375,-22.125,2.4467216975
2020-11-02 19:00:00,3.075,0.8874999999999993,-0.6375000000000011,-35.25,1.0217216987499993
2020-11-02 20:00:00,1.6749999999999998,0.8000000000000005,0.26250000000000107,-6.25,0.5592216975000002
2020-11-02 21:00:00,1.25,0.28749999999999987,0.03750000000000053,-21.5,0.5467216987500008
2020-11-02 22:00:00,0.8874999999999998,0.24999999999999978,0.7749999999999995,-20.875,0.1592216974999996
2020-11-02 23:00:00,0.8750000000000002,0.13750000000000018,0.45000000000000107,-19.5,0.08422169875000063
2020-11-03 00:00:00,0.7,0.07499999999999996,0.9375000000000018,-16.375,-0.028278302500001073
2020-11-03 01:00:00,-0.037500000000000006,0.30000000000000004,0.09999999999999787,-18.0,0.046721698750000096
2020-11-03 02:00:00,0.012499999999999983,0.0,-0.4249999999999998,-60.5,0.3342216975000003
2020-11-03 03:00:00,-0.5125000000000001,-0.19999999999999996,-2.1999999999999993,33.75,-0.06577830124999984
2020-11-03 04:00:00,-0.875,-0.4874999999999998,-1.75,-7.625,-0.5157783024999997
2020-11-03 05:00:00,-0.6000000000000001,-0.2625000000000002,-0.5249999999999995,-10.125,-0.09077830125000008
2020-11-03 06:00:00,-0.5,0.0,-1.075000000000001,-6.25,0.10922169749999977
2020-11-03 07:00:00,-0.1375,0.2500000000000002,0.6375000000000011,-9.625,0.12172169875000005
2020-11-03 08:00:00,-1.0999999999999999,-0.6625000000000001,1.5374999999999979,20.75,0.35922169749999955
2020-11-03 09:00:00,-1.55,-6.0,11.85,102.375,-2.6407783012499992
2020-11-03 10:00:00,-1.2187500000000002,-2.8500000000000005,12.015,71.625,-2.2845283025000005
2020-11-03 11:00:00,-0.7562499999999996,-0.8874999999999988,2.6212500000000025,28.375,-0.4470283012499996
2020-11-03 12:00:00,-0.7000000000000004,0.39999999999999947,2.683749999999999,-13.125,-0.6282783025000005
2020-11-03 13:00:00,-0.08749999999999991,0.18749999999999956,0.7212500000000004,14.75,-0.21577830124999986
2020-11-03 14:00:00,-0.02499999999999991,0.5250000000000008,-0.3912500000000003,-7.375,-0.19077830250000005
2020-11-03 15:00:00,0.3125,-0.06250000000000044,-1.631250000000001,0.5,0.64672169875
2020-11-03 16:00:00,1.0250000000000001,2.1374999999999993,-9.03125,20.125,0.021721697500000303
2020-11-03 17:00:00,1.1999999999999997,4.550000000000001,-6.824999999999998,1.75,2.3467216987499997
2020-11-03 18:00:00,1.25,1.9499999999999997,-8.1625,-37.125,1.5967216975
2020-11-03 19:00:00,1.2624999999999997,0.2250000000000003,-2.7874999999999996,-27.875,0.62172169875
2020-11-03 20:00:00,1.1624999999999999,0.19999999999999973,-0.9625000000000004,-18.25,0.3717216975000004
2020-11-03 21:00:00,0.5125,0.18750000000000022,-0.012500000000000178,-21.5,0.2717216987499995
2020-11-03 22:00:00,1.0,0.13750000000000018,2.1374999999999984,-122.875,0.1467216975000003
2020-11-03 23:00:00,1.1750000000000003,0.5624999999999996,-0.5874999999999986,84.375,0.27172169874999974
2020-11-04 00:00:00,0.8374999999999999,0.16249999999999976,-1.0249999999999986,-14.5,0.3592216975000002
2020-11-04 01:00:00,0.36250000000000004,-0.11249999999999949,-1.1625000000000005,-15.25,0.03422169874999992
2020-11-04 02:00:00,0.25,0.1499999999999997,-0.13750000000000107,-12.625,0.1092216975000001
2020-11-04 03:00:00,0.13750000000000004,0.12500000000000044,0.0749999999999984,-13.75,0.10922169749999955
2020-11-04 04:00:00,0.21249999999999997,-0.03750000000000009,-0.049999999999998934,-12.25,0.03422169875000025
2020-11-04 05:00:00,0.3875,0.03749999999999987,1.6624999999999996,-25.375,-0.05327830250000021
2020-11-04 06:00:00,0.4,0.1625000000000001,-1.0499999999999972,5.625,0.1717216987500001
2020-11-04 07:00:00,0.44999999999999996,0.46250000000000013,0.5249999999999977,-29.75,0.12172169750000006
2020-11-04 08:00:00,-2.4125,-1.0500000000000005,2.6499999999999986,1.5,-0.09077830124999997
2020-11-04 09:00:00,-3.9875,-6.112500000000001,4.312500000000001,64.75,-2.5032783025
2020-11-04 10:00:00,-2.475,-3.4874999999999994,14.6953125,140.125,-2.56577830125
2020-11-04 11:00:00,-1.1875000000000002,-1.9750000000000005,0.46852678625000177,15.0,-1.6782783025000003
2020-11-04 12:00:00,-1.0999999999999996,0.10000000000000009,5.631026784999999,13.875,-0.79077830125
2020-11-04 13:00:00,-0.9875,-0.7624999999999997,1.3935267862500003,6.375,-1.1782783024999994
2020-11-04 14:00:00,-0.5249999999999999,0.17500000000000027,-0.11897321499999913,-5.75,0.0967216987499997
2020-11-04 15:00:00,-0.5000000000000002,1.15,-2.6314732137500005,9.875,0.9342216975000004
2020-11-04 16:00:00,0.5249999999999999,1.8375000000000001,-4.881473214999999,7.0,0.28422169874999925
2020-11-04 17:00:00,1.7250000000000003,5.012499999999999,-7.33147321375,-1.875,2.6342216975000006
2020-11-04 18:00:00,3.2125000000000004,2.9125,-10.25,-24.75,2.14672169875
2020-11-04 19:00:00,2.3499999999999996,0.6375000000000002,0.049999999999998046,-28.25,1.2592216974999997
2020-11-04 20:00:00,2.5250000000000004,0.5875000000000001,0.8750000000000009,-25.5,0.4842216987499999
2020-11-04 21:00:00,1.1124999999999998,0.18749999999999978,0.28749999999999787,-34.625,0.07172169750000013
2020-11-04 22:00:00,0.8875,0.4375000000000001,-0.2875000000000014,-14.625,0.4217216987499999
2020-11-04 23:00:00,0.8,-0.05000000000000038,0.5375000000000023,-20.25,0.28422169750000004
2020-11-05 00:00:00,0.5625,0.3375000000000006,0.4875000000000016,-30.75,0.28422169875000014
2020-11-05 01:00:00,0.47500000000000003,0.13749999999999996,0.12499999999999822,-20.25,0.1967216974999998
2020-11-05 02:00:00,0.44999999999999996,0.23749999999999982,0.05000000000000249,-10.0,0.18422169875000016
2020-11-05 03:00:00,0.075,0.12499999999999989,0.3249999999999993,-27.875,0.12172169750000028
2020-11-05 04:00:00,-0.08749999999999998,0.1000000000000002,-0.3625000000000016,-12.75,0.1467216987499998
2020-11-05 05:00:00,2.7755575615628914e-17,-0.02499999999999991,-2.7124999999999977,-5.25,-0.028278302499999797
2020-11-05 06:00:00,-0.18750000000000006,-0.2250000000000003,-2.012500000000001,-11.5,0.009221698749999563
2020-11-05 07:00:00,-0.275,4.440892098500626e-16,-0.27500000000000036,-33.875,0.05922169750000028
2020-11-05 08:00:00,-1.6624999999999999,-0.12500000000000044,-2.5875000000000004,-31.875,-0.34077830124999986
2020-11-05 09:00:00,-3.2000000000000006,-4.299999999999999,6.15,-52.875,-1.2532783025000003
2020-11-05 10:00:00,-3.2375,-4.975,10.1,269.125,-2.7407783012499998
2020-11-05 11:00:00,-4.525,-3.2874999999999996,9.2,83.25,-2.8907783024999993
2020-11-05 12:00:00,-2.875,-0.33749999999999947,1.325000000000002,7.125,-0.5282783012500003
2020-11-05 13:00:00,-2.0374999999999996,-0.9875000000000003,2.737499999999998,3.25,-1.8782783025
2020-11-05 14:00:00,-0.5750000000000004,0.04999999999999938,-3.3499999999999988,0.5,-0.028278301250000304
2020-11-05 15:00:00,-0.18749999999999933,1.5250000000000004,-3.687499999999999,17.0,0.6842216975000004
2020-11-05 16:00:00,0.46249999999999947,2.0124999999999997,-6.262500000000001,-7.875,0.95922169875
2020-11-05 17:00:00,1.8375000000000006,3.0625,-6.274999999999999,-31.375,1.9592216975000003
2020-11-05 18:00:00,2.3249999999999993,2.9625,-3.0000000000000018,-0.5,1.6592216987499997
2020-11-05 19:00:00,1.3625000000000003,0.24999999999999956,-4.362500000000002,-41.125,0.33422169749999986
2020-11-05 20:00:00,0.3374999999999997,0.05000000000000049,-1.8000000000000007,-34.5,0.2967216987499999
2020-11-05 21:00:00,0.5875000000000001,0.287499999999999,-1.3124999999999964,-5.375,0.2717216975000003
2020-11-05 22:00:00,0.03750000000000009,0.16250000000000098,-0.10000000000000142,-15.5,0.14672169874999996
2020-11-05 23:00:00,0.3624999999999998,-0.06250000000000044,-0.8124999999999982,-16.625,0.03422169750000026
2020-11-06 00:00:00,0.36250000000000004,0.08750000000000036,-0.7000000000000011,-17.875,0.08422169874999952
2020-11-06 01:00:00,0.24999999999999978,0.17500000000000004,0.049999999999998934,-15.25,0.13422169750000013
2020-11-06 02:00:00,0.1250000000000001,0.1499999999999999,0.7625000000000011,-14.625,0.09672169874999992
2020-11-06 03:00:00,0.2000000000000003,0.010714286249999816,-0.7303571424999991,-13.803571425000001,-0.015778302500000008
2020-11-06 04:00:00,0.09999999999999987,0.07321428499999971,-1.7428571437500011,-12.616071437499997,0.08422169875000018
2020-11-06 05:00:00,0.45000000000000007,0.0732142862500007,-0.40535714250000154,-15.366071425000001,-0.015778302500000008
2020-11-06 06:00:00,0.0,-0.07678571500000042,-0.4928571425000001,-12.928571425000001,0.009221698750000229
2020-11-06 07:00:00,-0.4125000000000001,-0.2892857137499998,0.09464285750000201,-25.178571425,-0.09077830250000019
2020-11-06 08:00:00,-0.6875000000000001,-0.11428571500000007,-1.2803571437500008,-0.42857143749999693,0.034221697499999815
2020-11-06 09:00:00,-1.2624999999999997,-1.1017857137499998,-1.9678571424999998,15.821428574999999,-0.5782783012499999
2020-11-06 10:00:00,-1.2875,-1.4000000000000004,1.7500000000000018,79.5,-0.7782783025000002
2020-11-06 11:00:00,-1.25,-1.9625,3.599999999999998,62.0,-0.6157783012500004
2020-11-06 12:00:00,-0.9500000000000002,-0.08750000000000013,7.099999999999998,49.5,-0.36577830249999965
2020-11-06 13:00:00,-0.062499999999999556,0.1875000000000009,-3.649999999999997,31.875,0.15922169874999992
2020-11-06 14:00:00,-0.07500000000000018,-0.3500000000000001,-0.8499999999999996,28.25,-0.5782783024999993
2020-11-06 15:00:00,-0.22499999999999987,0.18333333374999938,-1.3000000000000007,7.5,-0.0907783012500003
2020-11-06 16:00:00,-0.03749999999999987,0.9208333324999995,-2.025000000000002,-8.5,0.3092216974999995
2020-11-06 17:00:00,0.41249999999999987,1.1208333337500003,-2.924999999999997,-24.0,0.4467216987500007
2020-11-06 18:00:00,1.0249999999999997,1.2375000000000003,-1.7624999999999993,-15.5,0.6717216974999993
2020-11-06 19:00:00,0.5,0.34999999999999964,-0.7250000000000032,-33.75,0.1842216987500005
2020-11-06 20:00:00,0.6000000000000003,0.44375000000000053,-0.06874999999999964,-17.75,0.34672169750000004
2020-11-06 21:00:00,0.44999999999999973,0.4437499999999992,-0.34375,-23.125,0.2967216987499999
2020-11-06 22:00:00,0.4874999999999998,0.21250000000000058,0.4499999999999975,-23.75,0.15922169750000004
2020-11-06 23:00:00,0.6375000000000002,0.27500000000000013,1.3375000000000021,-2.375,0.2967216987500003
2020-11-07 00:00:00,0.26250000000000007,0.1374999999999995,-0.23749999999999893,-13.625,0.33422169749999964
2020-11-07 01:00:00,0.7124999999999998,0.2000000000000004,0.4499999999999993,-11.875,0.23422169874999987
2020-11-07 02:00:00,0.12500000000000022,0.03750000000000009,-0.049999999999998934,-13.0,0.17172169750000044
2020-11-07 03:00:00,0.2875,0.08750000000000013,0.07499999999999929,-14.25,0.12172169874999961
2020-11-07 04:00:00,0.3125,0.037499999999999645,-0.3999999999999986,-15.5,-0.05327830249999943
2020-11-07 05:00:00,-2.220446049250313e-16,-0.08750000000000036,0.0,-12.25,-0.0907783012500003
2020-11-07 06:00:00,0.07500000000000029,-0.03749999999999987,0.3625000000000007,-12.25,-0.04077830250000036
2020-11-07 07:00:00,-0.3124999999999998,-0.2250000000000001,-0.012500000000002842,-16.5,-0.0032783012499995046
2020-11-07 08:00:00,-0.9500000000000003,-0.4874999999999998,-0.375,-0.125,-0.16577830250000058
2020-11-07 09:00:00,-2.5749999999999997,-4.475,6.662500000000001,64.0,-1.5532783012499993
2020-11-07 10:00:00,-2.225,-3.6125000000000003,7.912499999999998,94.5,-2.2032783025000002
2020-11-07 11:00:00,-3.15,-2.7249999999999996,11.900000000000002,54.0,-1.8407783012499999
2020-11-07 12:00:00,-1.9874999999999998,-1.2375000000000012,4.000000000000001,29.125,-1.2532783024999996
2020-11-07 13:00:00,-0.48750000000000027,-0.5124999999999993,2.8125,3.375,-0.8282783012500006
2020-11-07 14:00:00,-0.6749999999999998,0.8999999999999999,2.487499999999998,0.0,0.09672169750000048
2020-11-07 15:00:00,0.4125000000000001,1.6749999999999998,-1.2000000000000002,-8.75,0.3842216987499998
2020-11-07 16:00:00,1.4249999999999998,1.7000000000000002,-6.225,17.125,0.6342216974999997
2020-11-07 17:00:00,2.05,3.474999999999999,-11.9375,-34.25,1.5717216987500002
2020-11-07 18:00:00,2.5749999999999997,3.6,-8.5,-18.75,2.0217216975000003
2020-11-07 19:00:00,2.44166666625,0.9666666662500005,-2.6208333337499994,-29.4166666625,0.8550550324999999
2020-11-07 20:00:00,2.116666667125,0.5791666674999996,1.1541666675000002,-10.291666675000002,0.78005503
2020-11-07 21:00:00,1.529166666625,0.5666666662500002,1.64166666625,-9.666666662499999,0.6675550324999999
2020-11-07 22:00:00,1.0875,0.5874999999999998,0.8999999999999995,-11.75,0.5717216974999999
2020-11-07 23:00:00,1.0750000000000002,-0.012499999999999845,0.8124999999999991,-13.625,0.05922169875000027
2020-11-08 00:00:00,0.5374999999999999,0.0499999999999996,-0.6124999999999998,-17.375,0.14672169750000008
2020-11-08 01:00:00,0.7125,0.2500000000000009,0.3000000000000016,-15.25,0.38422169875
2020-11-08 02:00:00,0.2875,0.2624999999999995,0.07499999999999662,-12.125,0.15922169749999981
2020-11-08 03:00:00,0.21250000000000008,0.1625000000000003,-1.0374999999999988,-12.875,0.4967216987500003
2020-11-08 04:00:00,0.5125,0.21250000000000013,0.9124999999999996,-20.375,0.12172169749999961
2020-11-08 05:00:00,0.4,-0.15000000000000058,0.4375000000000009,-7.0,0.009221698750000451
2020-11-08 06:00:00,0.3125,-0.02499999999999991,-0.5500000000000007,-10.125,-0.36577830250000054
2020-11-08 07:00:00,-0.2249999999999999,-0.08749999999999969,-0.7124999999999977,-18.5,0.04672169875000021
2020-11-08 08:00:00,-0.9000000000000001,-0.3999999999999999,-3.2624999999999993,-21.375,0.4092216974999995
2020-11-08 09:00:00,-3.2124999999999995,-4.1875,4.137499999999999,42.6875,-1.6032783012499998
2020-11-08 10:00:00,-4.25,-5.9125000000000005,16.199999999999996,154.1875,-2.8782783025
2020-11-08 11:00:00,-3.625000000000001,-1.775,9.325000000000003,39.875,-2.6782783012499998
2020-11-08 12:00:00,-1.1125000000000003,0.9249999999999998,2.0141666662499977,19.375,0.2717216974999994
2020-11-08 13:00:00,0.42500000000000004,-0.7375000000000003,0.7516666675000003,5.625,-0.9782783024999993
2020-11-08 14:00:00,0.9750000000000001,-4.440892098500626e-16,0.08916666625000147,8.125,-0.34077830124999986
2020-11-08 15:00:00,0.6875000000000004,-0.08749999999999947,-2.3233333337500017,4.5,-0.21577830250000085
2020-11-08 16:00:00,1.3124999999999998,2.3999999999999995,-4.235833332499999,14.875,0.5467216987500003
2020-11-08 17:00:00,1.7750000000000001,5.312500000000002,-10.59583333375,-9.5,2.8592216975
2020-11-08 18:00:00,1.9499999999999997,2.5625,-6.200000000000003,-36.375,2.2592216987500002
2020-11-08 19:00:00,1.3625,0.575,-2.124999999999999,-31.25,0.6842216975000004
2020-11-08 20:00:00,1.0875000000000001,0.5625000000000004,-2.7375,-21.875,0.39672169874999863
2020-11-08 21:00:00,0.9875000000000002,0.31249999999999956,2.075000000000001,-17.125,0.2842216975000009
2020-11-08 22:00:00,0.6249999999999997,0.19999999999999996,-0.42499999999999805,-10.875,0.2467216987499996
2020-11-08 23:00:00,0.7625000000000002,0.03749999999999987,0.32499999999999574,-10.875,0.17172169750000021
2020-11-09 00:00:00,-0.08750000000000005,0.06250000000000022,-1.262500000000001,-19.0,0.15922169874999959
2020-11-09 01:00:00,0.5875,0.2250000000000001,-2.112499999999998,-30.5,0.23422169750000055
2020-11-09 02:00:00,0.36249999999999993,0.12499999999999978,-0.3749999999999982,-21.25,0.1217216987499995
2020-11-09 03:00:00,0.9625,0.17499999999999982,-0.5749999999999993,-31.75,0.3092216975000004
2020-11-09 04:00:00,1.25,0.40000000000000013,1.9999999999999991,-39.875,0.20922169874999985
2020-11-09 05:00:00,0.9874999999999999,0.1625000000000001,1.8749999999999973,5.703125,-0.015778302499999786
2020-11-09 06:00:00,0.46249999999999997,0.2000000000000004,0.2250000000000023,10.453125,0.08422169874999974
2020-11-09 07:00:00,0.5375000000000001,0.1499999999999997,-0.17499999999999982,-3.171875,0.13422169750000024
2020-11-09 08:00:00,-2.575,-0.48750000000000004,-0.7374999999999998,8.203125,0.13422169874999956
2020-11-09 09:00:00,-3.9625,-6.512499999999999,7.649999999999998,67.703125,-2.6907783024999996
2020-11-09 10:00:00,-2.8,-4.137500000000001,13.346428571250001,113.453125,-2.878278301250001
2020-11-09 11:00:00,-1.7687500000000005,-0.6312500000000005,4.143063186249999,26.953125,-1.0532783024999999
2020-11-09 12:00:00,-1.2133928571249994,-0.8312499999999994,3.3430631875000003,28.8638392875,-0.6961354437499994
2020-11-09 13:00:00,-0.35714285712500016,-0.6499999999999999,0.036813187499999955,-1.0892857125000006,-0.6711354462499997
2020-11-09 14:00:00,-0.6196428571250003,0.08749999999999947,-0.37568681375000157,-119.3392857125,-1.1921553600000008
2020-11-09 15:00:00,0.14285714275000005,0.8750000000000004,-0.5631868124999979,113.910714275,0.9038645550000002
2020-11-09 16:00:00,0.30535714287499993,1.1000000000000005,-5.263186813749999,15.7857142875,0.4288645562500002
2020-11-09 17:00:00,1.2178571428750005,4.574999999999999,-10.747115385,-1.4642857125000006,3.19136455375
2020-11-09 18:00:00,1.6678571428750002,2.6125,-9.484615385,-148.5892857125,1.5663645562499997
2020-11-09 19:00:00,1.1624999999999996,-0.0499999999999996,-2.77211538375,94.75,0.4092216975000005
2020-11-09 20:00:00,1.2500000000000004,0.9250000000000002,-1.3096153850000007,-18.75,0.49672169874999916
2020-11-09 21:00:00,0.7249999999999996,0.28749999999999987,0.15288461500000228,-18.625,0.2217216975000007
2020-11-09 22:00:00,0.4125000000000002,-0.11249999999999982,-0.6971153837499999,-21.875,0.02172169874999952
2020-11-09 23:00:00,0.062499999999999806,-0.12499999999999989,-0.3971153850000011,-20.5,0.07172169750000057
2020-11-10 00:00:00,0.07500000000000001,0.4624999999999997,-2.5999999999999996,-16.75,0.021721698749999296
2020-11-10 01:00:00,1.0375,0.46250000000000036,-0.3375000000000039,-19.625,0.2717216975000004
2020-11-10 02:00:00,0.875,0.2999999999999996,-0.2124999999999968,-11.25,0.14672169874999985
2020-11-10 03:00:00,0.4,0.33750000000000013,0.75,-9.3125,0.20922169749999986
2020-11-10 04:00:00,0.09999999999999999,0.11250000000000004,-0.7249999999999996,-9.0625,0.13422169875000012
2020-11-10 05:00:00,0.6624999999999999,0.0,1.0124999999999993,-12.0,0.02172169749999986
2020-11-10 06:00:00,0.8375000000000001,0.21250000000000013,0.01249999999999929,-30.5,0.15922169874999992
2020-11-10 07:00:00,0.4625,0.12499999999999978,-0.27500000000000036,-41.625,0.20922169749999997
2020-11-10 08:00:00,-1.9749999999999999,0.0625,-0.7999999999999989,-37.5,0.04672169875000021
2020-11-10 09:00:00,-3.25,-5.6499999999999995,10.699999999999998,28.125,-2.4532783025
2020-11-10 10:00:00,-3.6750000000000003,-4.674999999999999,9.412500000000001,99.5,-3.9657783012500003
2020-11-10 11:00:00,-1.4875000000000003,-0.33125000000000004,5.322916666249999,96.6875,-0.6970283025000001
2020-11-10 12:00:00,-0.7749999999999999,-0.5937500000000002,4.522916667500001,49.1875,-0.547028301250001
2020-11-10 13:00:00,-0.24999999999999956,0.0625,1.8541666662500003,-3.0,-0.6907783024999992
2020-11-10 14:00:00,-0.2625000000000004,-0.07500000000000062,-1.0958333337500012,2.125,-0.3032783012500002
2020-11-10 15:00:00,-0.012500000000000178,0.13750000000000084,-2.9583333324999983,13.375,-0.3907783024999998
2020-11-10 16:00:00,0.025000000000000133,0.9374999999999998,-5.3833333337500004,15.875,1.0967216987500001
2020-11-10 17:00:00,0.8874999999999998,3.4250000000000003,-8.1375,16.5,2.6967216975000006
2020-11-10 18:00:00,1.6875000000000002,3.2500000000000004,-2.5500000000000007,-137.875,1.9467216974999997
2020-11-10 19:00:00,2.4,0.9124999999999994,-2.5,83.5,0.9342216987499997
2020-11-10 20:00:00,1.075,0.375,-2.799999999999999,-24.4375,0.0592216975000005
2020-11-10 21:00:00,1.375,0.33750000000000013,-0.9625000000000004,-20.6875,0.7842216987499999
2020-11-10 22:00:00,0.9125000000000002,0.3999999999999998,-1.450000000000001,-22.375,0.1842216974999995
2020-11-10 23:00:00,0.9624999999999999,0.5374999999999998,-0.037499999999999645,-14.0,0.5217216987500006
2020-11-11 00:00:00,0.8250000000000002,0.5125000000000002,-0.1999999999999975,-9.0,0.15922169750000015
2020-11-11 01:00:00,0.39999999999999997,0.11250000000000004,-0.25000000000000355,-45.75,0.23422169874999976
2020-11-11 02:00:00,0.6375000000000001,0.36250000000000027,-0.6749999999999972,-19.875,0.4467216975
2020-11-11 03:00:00,1.125,0.38749999999999996,-0.05000000000000249,-29.5,0.22172169875000008
2020-11-11 04:00:00,-0.15000000000000002,0.16249999999999964,0.27500000000000036,-27.75,0.35922169749999955
2020-11-11 05:00:00,0.8875,0.10000000000000031,0.2375000000000007,-28.75,-0.3157783012499997
2020-11-11 06:00:00,0.375,0.07499999999999996,-0.1374999999999975,0.6999999999999886,0.04672169750000005
2020-11-11 07:00:00,0.06250000000000001,0.07499999999999996,0.24999999999999645,-10.549999999999983,0.009221698750000229
2020-11-11 08:00:00,-1.75,-0.10000000000000009,-1.0875000000000012,-6.300000000000011,-0.05327830250000043
2020-11-11 09:00:00,-3.3375,-4.0375,4.075000000000002,45.825,-2.02827830125
2020-11-11 10:00:00,-3.7875000000000005,-6.362500000000001,12.0125,113.575,-2.9407783025
2020-11-11 11:00:00,-3.0374999999999996,-0.8625000000000005,5.162500000000001,99.125,-1.82827830125
2020-11-11 12:00:00,-1.7750000000000006,-0.4875000000000005,5.83,-113.0,-0.7157783025000004
2020-11-11 13:00:00,-1.1749999999999996,-0.4375,1.4674999999999994,105.125,-0.7657783012499997
2020-11-11 14:00:00,-0.7124999999999999,-1.0499999999999996,-0.7699999999999996,18.625,-0.8407783025
2020-11-11 15:00:00,-0.46249999999999963,0.15000000000000013,-2.245000000000001,-5.125,-0.47827830125000026
2020-11-11 16:00:00,0.18749999999999944,1.4875000000000003,-5.182500000000001,12.75,0.9467216975000006
2020-11-11 17:00:00,1.75,3.5124999999999997,-9.612499999999999,19.625,2.63422169875
2020-11-11 18:00:00,3.3499999999999996,2.9625000000000004,-3.6428571424999987,-142.625,1.8467216975
2020-11-11 19:00:00,1.4875000000000003,0.47499999999999964,-3.0803571437500015,72.125,0.88422169875
2020-11-11 20:00:00,0.8499999999999996,1.075,-1.1553571425000007,-19.125,0.7217216975
2020-11-11 21:00:00,0.9375000000000001,0.0125000000000004,1.8696428575000033,-21.0,-0.04077830125000004
2020-11-11 22:00:00,1.2625000000000002,0.7874999999999996,0.3196428574999972,-21.625,0.5717216974999997
2020-11-11 23:00:00,0.8749999999999998,0.6375,0.36964285625000226,-17.125,0.35922169875000065
2020-11-12 00:00:00,0.9375000000000001,0.5624999999999998,-1.8303571425000005,-8.625,0.3092216974999997
2020-11-12 01:00:00,1.2999999999999998,0.3875000000000006,-2.9000000000000012,-36.125,0.33422169874999985
2020-11-12 02:00:00,0.6625000000000001,0.2749999999999997,1.8499999999999996,-29.625,0.15922169750000048
2020-11-12 03:00:00,0.4625,0.2875000000000001,0.8750000000000018,-23.875,0.2717216987499994
2020-11-12 04:00:00,0.4875,0.24999999999999978,-1.3625000000000007,-22.125,0.18422169750000017
2020-11-12 05:00:00,0.5,0.05000000000000049,-1.1250000000000018,-97.75,-0.0032783012499998376
2020-11-12 06:00:00,0.275,0.062499999999999556,-0.2499999999999991,59.0,0.20922169749999986
2020-11-12 07:00:00,0.18750000000000003,0.012500000000000178,1.8000000000000016,-16.71875,0.009221698750000007
2020-11-12 08:00:00,-1.725,0.15000000000000013,-1.8750000000000009,-10.71875,-0.06577830250000005
2020-11-12 09:00:00,-3.325,-4.35,3.250000000000001,29.28125,-2.25327830125
2020-11-12 10:00:00,-4.025,-5.675000000000001,11.875,137.90625,-3.0407783025000006
2020-11-12 11:00:00,-3.7625,-1.1624999999999996,5.437499999999999,121.0,-1.3157783012499997
2020-11-12 12:00:00,-1.9750000000000005,-1.15,5.22916666625,3.375,-1.0532783024999999
2020-11-12 13:00:00,-1.025,-0.47500000000000053,0.42916666749999965,-6.25,-0.8657783012500002
2020-11-12 14:00:00,-0.34999999999999987,0.1750000000000005,-0.4208333337499992,9.25,-0.2907783024999997
2020-11-12 15:00:00,-0.5124999999999995,0.6125,-2.1458333337499997,2.625,-0.3782783012499995
2020-11-12 16:00:00,0.012499999999999956,0.012499999999999734,-6.670833332500001,29.75,0.35922169749999955
2020-11-12 17:00:00,1.7874999999999996,3.6,-6.170833333750001,9.5,2.48422169875
2020-11-12 18:00:00,3.625,3.7874999999999996,-2.9125,-23.5,2.5967216974999996
2020-11-12 19:00:00,1.7500000000000002,0.8625,-2.7541666662499975,-19.625,1.23422169875
2020-11-12 20:00:00,0.7,0.7625000000000004,-2.0541666674999988,-27.25,0.6342216975000002
2020-11-12 21:00:00,1.1125000000000003,0.07499999999999996,0.695833333749996,-11.25,0.12172169875000027
2020-11-12 22:00:00,0.8375,0.7000000000000002,0.14583333375000063,-19.875,0.3717216974999995
2020-11-12 23:00:00,0.9375,0.28749999999999964,-1.6916666674999998,-22.0,-0.015778302499999897
2020-11-13 00:00:00,0.8999999999999996,0.5999999999999999,-0.6416666662500008,-10.0,0.4092216987499997
2020-11-13 01:00:00,1.2625000000000002,0.3625000000000005,-1.9999999999999982,-27.5,0.43422169750000017
2020-11-13 02:00:00,0.875,0.4249999999999998,-0.1750000000000007,-12.25,0.28422169875000036
2020-11-13 03:00:00,0.7125000000000001,0.23750000000000027,1.2749999999999986,-20.25,0.18422169749999995
2020-11-13 04:00:00,0.5499999999999999,0.17499999999999938,0.5000000000000018,-90.0,0.15922169874999992
2020-11-13 05:00:00,0.4625,4.440892098500626e-16,0.9124999999999979,44.75,-0.12827830250000005
2020-11-13 06:00:00,0.4375000000000001,0.025000000000000133,-1.674999999999999,-25.125,0.09672169874999992
2020-11-13 07:00:00,0.12499999999999997,-0.27500000000000036,-0.5875000000000004,-40.0,-0.21577830249999985
2020-11-13 08:00:00,-0.9500000000000001,-0.08749999999999969,1.0,-35.75,0.021721698750000296
2020-11-13 09:00:00,-2.8968749999999996,-3.54375,0.9500000000000011,68.125,-1.3064033025000006
2020-11-13 10:00:00,-3.984375,-5.543749999999999,9.899999999999999,126.0,-2.6189033012499996
2020-11-13 11:00:00,-3.759375,-1.20625,6.987500000000002,59.625,-2.3314033025
2020-11-13 12:00:00,-2.3218750000000004,-0.73125,5.6374999999999975,35.875,-0.76890330125
2020-11-13 13:00:00,-1.2124999999999995,-0.8875000000000002,0.38750000000000195,7.875,-1.0282783025
2020-11-13 14:00:00,-0.6750000000000002,-0.33750000000000013,-0.7375000000000007,1.125,-0.62827830125
2020-11-13 15:00:00,-0.3499999999999996,1.1000000000000005,-3.299999999999997,4.25,-0.07827830250000001
2020-11-13 16:00:00,0.28749999999999964,2.0749999999999993,-2.4000000000000012,-0.375,1.35922169875
2020-11-13 17:00:00,1.4749999999999996,2.0125,-8.350000000000001,15.25,2.0217216975000003
2020-11-13 18:00:00,2.3,1.9374999999999993,-3.7124999999999986,-16.25,1.6092216987499999
2020-11-13 19:00:00,0.7500000000000002,0.7250000000000003,-2.9674999999999994,-23.5,0.8967216974999994
2020-11-13 20:00:00,0.9999999999999998,0.9375000000000002,-0.4925000000000015,-19.75,0.6342216987500007
2020-11-13 21:00:00,1.4125000000000003,0.4500000000000002,-1.4674999999999994,-16.875,0.3467216974999998
2020-11-13 22:00:00,0.8124999999999996,0.9624999999999997,-0.7300000000000022,-18.125,0.4217216987499999
2020-11-13 23:00:00,1.0375000000000003,0.8000000000000002,0.8074999999999992,-15.875,0.10922169749999977
2020-11-14 00:00:00,1.2875,0.6499999999999997,-2.3249999999999966,-16.5,0.23422169875000043
2020-11-14 01:00:00,0.9375000000000001,0.2000000000000004,-1.7500000000000009,-22.875,0.2842216974999995
2020-11-14 02:00:00,0.4125000000000001,0.26249999999999984,-0.3749999999999982,-17.25,0.15922169875000025
2020-11-14 03:00:00,0.45,0.050000000000000044,0.23749999999999893,-11.375,0.13422169750000035
2020-11-14 04:00:00,0.9374999999999998,3.3306690738754696e-16,0.29999999999999893,-32.375,0.08422169874999974
2020-11-14 05:00:00,-0.0124999999999999,-0.037500000000000644,-0.6875,8.0,-0.06577830250000027
2020-11-14 06:00:00,0.21250000000000002,-0.33749999999999925,-0.07499999999999929,-12.0,-0.0032783012499999487
2020-11-14 07:00:00,-0.025000000000000078,-0.1750000000000005,-0.7124999999999986,-20.0,-0.14077830250000034
2020-11-14 08:00:00,-0.3125,-0.125,-0.4875000000000025,-17.75,-0.15327830124999964
2020-11-14 09:00:00,-1.225,-1.5125000000000002,2.237499999999999,28.75,-0.6407783025
2020-11-14 10:00:00,-2.7874999999999996,-5.674999999999999,8.350000000000003,103.0,-3.37827830125
