id,week,week_start_date,temp_ex_day,temp_ex_night,s_am_day,s_am_night,temp_int_day,temp_int_night,hum_int_day,hum_int_night,CO2_day,CO2_night,st_day,st_night
11,1,2020.9.15 0:00,22.79056776556777,16.75865800865801,1.1736630036630038,0.0,24.15869963369963,18.753138528138525,59.38186813186813,85.67207792207793,504.8716032047619,530.3368066021645,15.831840669999995,15.831840669999995
11,2,2020.9.22 0:00,22.45998168498169,16.19123376623377,1.4450000000000003,0.0,24.175174520760073,21.264586346082247,38.68956043956043,76.2732683982684,478.42170329670336,552.349025974026,15.831840669999995,15.831840669999995
11,3,2020.9.29 0:00,20.963961038961035,15.372802197802201,1.1403463203463204,0.0,23.842774661958874,23.88327411608059,43.121212121212125,81.45146520146521,512.4334415584416,600.2884615384615,15.831840669999995,15.831840669999995
11,4,2020.10.6 0:00,19.831060606060607,13.555952380952382,1.325443722943723,0.0,20.77634444055195,20.818848818772892,35.358225108225106,70.62271062271063,497.43831168831167,559.5201465201466,15.831840669999995,15.831840669999995
11,5,2020.10.13 0:00,15.314639905506494,7.0205794205824175,1.1342857142857143,0.0,20.316862121558444,15.239040174615386,39.064935064935064,74.8131868131868,501.68181818181813,626.0934065934067,15.831840669999995,15.831840669999995
11,6,2020.10.20 0:00,15.63896103896104,6.553846153846154,1.1584415584415582,0.0,19.33766233766234,13.63296703296703,42.935064935064936,76.86813186813187,553.448051948052,653.2307692307693,15.831840669999995,15.831840669999995
11,7,2020.10.27 0:00,15.556331168831166,7.417445054945055,1.077224025974026,0.0,20.582142857142856,14.480425824175823,48.52435064935065,78.93063186813185,534.6639610389609,674.6528159340659,15.83184067,15.831840669999995
11,8,2020.11.3 0:00,12.005194805194806,4.2505494505494505,1.0242857142857142,0.0,20.132467532467533,13.40989010989011,52.00000000000001,78.48351648351648,508.64285714285717,636.1153846153845,16.12068218493506,15.83119008373626
11,9,2020.11.10 0:00,14.322453102453101,4.253035060177917,1.097004329004329,0.0,20.735440115440117,12.934149659863948,47.2001443001443,78.3322867608582,523.6839826839827,662.6489795918367,17.603304473304473,15.621104133961277
11,10,2020.11.17 0:00,12.389642857142857,9.56951530612245,0.4903571428571429,0.0,18.425357142857145,15.22780612244898,80.26785714285714,95.25000000000001,557.625,631.0918367346939,18.656428571428574,17.745025510204083
11,11,2020.11.24 0:00,7.233650793650795,1.8234013605442174,0.8738253968253967,0.0,19.15031746031746,12.676802721088434,64.96666666666667,87.52993197278911,741.6260582020634,653.3842970489796,18.834285714285716,17.456394557823128
11,12,2020.12.1 0:00,5.763347763347762,-1.215834641548927,0.8423376623376623,0.0,18.743636363636362,11.073689167974882,67.16493506493507,86.08294086865514,674.697619047619,760.9213239141811,18.876421356421357,17.208236525379384
11,13,2020.12.8 0:00,5.006825396825397,-0.2146938775510205,0.8743650793650792,0.0,18.423015873015874,11.439387755102043,58.526984126984125,90.28299319727891,828.1394331126984,826.5167541299319,18.417460317460318,16.961428571428574
11,14,2020.12.15 0:00,0.24234126984127,-5.98891156462585,1.0162579365079365,0.0,16.935436507936508,9.882380952380954,73.84087301587302,89.32125850340137,793.7030852063492,899.4587003825171,17.859444444444442,17.351335034013605
11,15,2020.12.22 0:00,6.081111111111111,-2.153469387755102,0.8612698412698413,0.0,17.79952380952381,10.74578231292517,85.67301587301587,96.02108843537415,818.2434973965079,933.5406882829251,17.777301587301586,17.26986394557823
11,16,2020.12.29 0:00,-1.3758730158730164,-6.0370748299319725,0.6276031746031746,0.0,14.832698412698415,10.18061224489796,85.86666666666666,96.01700680272108,879.5703898614285,967.3638978703402,16.91920634920635,17.496666666666666
11,17,2021.1.5 0:00,-5.322857142857143,-11.208163265306123,0.9537142857142857,0.0,12.555714285714286,8.409183673469387,82.51428571428572,92.94897959183673,969.7275324614285,994.2512791734696,16.14142857142857,15.796938775510203
11,18,2021.1.12 0:00,3.5146031746031747,-2.4292517006802723,0.9185555555555556,0.0,16.78714285714286,8.529251700680271,84.01428571428572,98.25986394557822,889.3720049198412,848.0470522210884,15.042380952380954,12.50503401360544
11,19,2021.1.19 0:00,8.041428571428572,1.678639455782312,0.8481746031746031,0.0,19.32984126984127,10.001360544217688,84.8,98.08299319727891,824.3252525279365,847.6689239325169,16.62968253968254,13.527619047619046
11,20,2021.1.26 0:00,4.858409090909091,-0.6770506279434853,0.8288279220779219,0.0,16.030584415584418,9.24067896389325,87.9396103896104,98.34693877551021,882.1486698870129,898.9633089496075,15.260714285714286,12.802403846153847
11,21,2021.2.2 0:00,3.0648051948051944,-1.3821821036106756,1.1706363636363635,0.0,17.907792207792205,9.528100470957614,81.85064935064933,98.05808477237049,848.8057513896105,825.0549450499215,15.937662337662337,13.283124018838302
11,22,2021.2.9 0:00,8.26090909090909,0.1670329670329672,1.1328181818181817,0.0,19.807272727272725,10.417346938775509,79.37532467532468,98.77315541601254,688.5435992545454,779.1505382395604,16.46064935064935,13.846781789638934
11,23,2021.2.16 0:00,5.7493506493506485,-1.4142857142857144,1.2654545454545456,0.0,18.596103896103898,9.264835164835166,73.87012987012986,96.42857142857142,763.9963934233767,887.2667879824177,15.844155844155846,13.235164835164836
11,24,2021.2.23 0:00,8.394402597402598,3.424427838827839,0.9252128427128427,0.0,17.750829725829725,10.464945054945057,82.50036075036076,97.76575091575091,738.082683987013,708.160073259707,15.82492784992785,13.786556776556779
11,25,2021.3.2 0:00,9.722186147186147,3.578010989010989,1.0868506493506493,0.0,18.339826839826838,10.418681318681319,78.36796536796535,98.63186813186813,590.0906926371212,684.1141025641026,15.990800865800864,13.683333333333334
11,26,2021.3.9 0:00,12.123917748917748,5.120054945054945,1.2246428571428571,0.0,17.764069264069263,10.441575091575091,67.62337662337663,97.29945054945054,590.654761904762,708.1891025641025,15.518722943722945,13.601923076923075
11,27,2021.3.16 0:00,12.304029304029305,6.138636363636364,1.3870970695970697,0.0,17.60430402930403,10.952489177489179,61.05494505494505,96.8538961038961,502.70000000329674,641.1333333333333,15.465659340659343,13.775541125541125
11,28,2021.3.23 0:00,13.79412087912088,6.636935683364255,1.1995842490842494,0.0,18.406227106227103,11.198794063079777,68.64798534798534,97.27489177489177,552.3730769183151,660.1873067442796,15.943241758241758,14.116805813234388
11,29,2021.3.30 0:00,16.384169164169165,10.624255744255745,1.269567932067932,0.0,19.317340992311024,12.150079466023977,56.4471361971362,92.2564935064935,515.7418414918415,627.4831002331002,16.787570762570763,15.240084915084916
11,30,2021.4.6 0:00,16.386813186813185,8.171774891818181,1.5995604395604397,0.0,20.068131868131868,11.372727272727273,56.21978021978022,95.1168831168831,526.4120879120879,663.2922077922078,16.65164835164835,14.927272727272728
11,31,2021.4.13 0:00,13.6760989010989,6.232474747435065,1.7026373626373628,0.0,18.226373626373626,10.45238095238095,59.820512820512825,95.91991341991343,538.3351648351648,621.9107142857144,15.469230769230771,13.854220779220778
11,32,2021.4.20 0:00,21.54945054945055,13.4974025974026,1.4452747252747253,0.0,22.770903009890105,15.316205533766233,41.18681318681318,77.8051948051948,529.2142857142858,554.5844155844155,17.714285714285715,16.436363636363637
16,1,2020.9.10 0:00,7.576641128,7.5766411279999994,1.0219505494505494,0.0,17.466437399999993,17.466437399999993,91.93245690000002,91.93245690000002,558.974926,558.974926,16.667247080000006,16.667247080000006
16,2,2020.9.17 0:00,9.262724520527472,8.20252990057143,1.2635164835164834,0.0,18.550345378021973,17.644804288311683,92.23108800989012,92.09700459350651,548.8568022637362,552.2099947792207,17.80601113714286,16.817000478441564
16,3,2020.9.24 0:00,22.639194139194135,15.385714285714284,1.409349816849817,0.0,26.490201465201466,19.02316017316017,93.90686813186812,94.46190476190476,478.3608058608059,477.60714285714283,27.213095238095235,17.562121212121216
16,4,2020.10.1 0:00,20.071892666136364,17.493483354789372,1.2335606060606061,0.0,24.74410618794372,21.886945162701466,93.03084097275973,93.76746525540294,480.97872421709957,506.87265675521974,24.63044372294372,21.224244505494507
16,5,2020.10.8 0:00,18.10084033612554,18.15257918559524,1.2016558441558443,0.0,24.475630252067102,24.492126696858975,90.60924369739178,90.64298642534798,475.0420168063852,474.952036199359,24.057142857142857,24.09538461538461
16,6,2020.10.15 0:00,15.48775783038961,13.000775694945053,1.0718181818181818,0.0,23.6943086325974,21.83574660626374,86.54520626441558,86.61952165472529,492.92360580649347,510.8080155131869,22.570454545454545,20.287912087912087
16,7,2020.10.22 0:00,14.476023975974027,5.882924767527472,1.2664935064935061,0.0,24.318381618441556,17.448182586593408,81.88191808194806,86.75156382076923,561.8438228493505,636.2200619846154,24.911788211818184,16.159256128461543
16,8,2020.10.29 0:00,12.34107142857143,4.89381868131868,1.0664448051948052,0.0,23.13441558441559,18.11284340659341,87.28814935064936,90.26861263736262,523.7288961038961,582.4052197802198,23.107954545454543,16.892857142857142
16,9,2020.11.5 0:00,12.355584415584415,4.094348508634222,1.0594155844155844,0.0,21.812207792207793,16.89246467817896,88.84610389610388,91.88351648351647,575.9666233766235,657.171978021978,21.82948051948052,15.63477237048666
16,10,2020.11.12 0:00,14.898174603174605,7.0875510204081635,0.8406666666666667,0.0,21.374126984126985,16.144761904761904,90.05031746031747,92.37693877551023,613.6424603174603,641.4062925170068,21.361190476190473,14.77
16,11,2020.11.19 0:00,9.551111111111112,5.759438775510204,0.6609126984126984,0.0,18.308214285714286,14.916870748299319,90.28801587301588,92.44562074829932,490.4904761904762,546.2440476190476,17.88531746031746,13.603273809523811
16,12,2020.11.26 0:00,6.152732082721501,0.44236350951271586,0.899210678210678,0.0,18.30903799893218,13.338548752897962,90.1062433863492,91.94656898650548,525.0860269370852,664.9853392663371,18.14252525252525,12.189272632129775
16,13,2020.12.3 0:00,4.479523809523809,-2.1200680272108845,0.8218253968253968,0.0,17.989206349206345,12.696938775510205,91.5573015873016,92.06965986394559,525.2825396825396,722.2520408163265,17.714761904761907,11.641632653061224
16,14,2020.12.10 0:00,2.787619047619048,-2.306857142857143,0.8879365079365079,0.0,18.699047619047615,12.784380952380953,91.55111111111113,92.01314285714287,602.4619047619047,638.4752381009523,18.88190476190476,11.768476190476191
16,15,2020.12.17 0:00,2.203095238095238,-4.925799319727892,0.954829365079365,0.0,17.835079365079363,11.262933673469389,93.07730158730158,92.5278656462585,591.9445360269841,752.5839416493197,17.606944444444444,10.126700680272108
16,16,2020.12.24 0:00,3.660793650793651,-2.645646258503401,0.7460317460317462,0.0,16.903650793650794,11.548639455782313,93.15460317460317,92.70204081632653,717.7380952380953,748.7149659902041,16.493968253968255,10.292993197278912
16,17,2020.12.31 0:00,-2.1599999999999997,-7.55700680272109,0.7938412698412698,0.0,15.957619047619048,10.08170068027211,92.16063492063492,91.63448979591837,586.4928571428571,571.9319727891157,15.5,8.7621768707483
16,18,2021.1.7 0:00,-4.557316017323808,-10.503753865136053,0.9432063492063493,0.0,15.96443001436508,10.351280148428572,92.0133621933492,91.166419295,543.6173382177777,488.0337519620408,14.88248196236508,8.888521954278911
16,19,2021.1.14 0:00,2.4374603174603178,-3.9016326530612244,0.9963492063492063,0.0,17.32920634920635,10.969455782312926,92.59396825396826,91.84646258503402,592.328253968254,630.1574829931972,16.427142857142858,9.605986394557826
16,20,2021.1.21 0:00,9.235515873015872,3.9402125850340135,0.7149246031746032,0.0,20.7193253968254,14.048452380952378,92.80238095238094,93.05054421768708,646.5910770998015,791.147121003784,19.35051587301587,12.185212585034012
16,21,2021.1.28 0:00,2.846252319103896,-1.6524332809984303,0.9898961038961038,0.0,20.991076066753244,15.110204081711146,92.95651205935064,92.32489795916798,636.2223407566233,712.4076082138934,20.431892393376625,13.929764521130297
16,22,2021.2.4 0:00,4.480890538038961,-0.5418367347001567,1.1131168831168832,0.0,20.530352504675324,15.357770800549451,93.03257884974026,92.71332810048668,489.8224489792209,618.6080062802197,20.284081632597406,14.558775510266875
16,23,2021.2.11 0:00,5.663246753246753,-0.7871271585557297,1.0756623376623375,0.0,19.23987012987013,12.831475667189952,92.32961038961038,92.3903453689168,518.348051948052,606.2993720565148,18.787142857142857,11.755180533751963
16,24,2021.2.18 0:00,7.678571428571428,-0.964194139194139,1.3724675324675324,0.0,20.64491341991342,12.92481684981685,92.63214285714287,93.08113553113553,531.4729437229438,586.6135531135532,20.34069264069264,11.63617216117216
16,25,2021.2.25 0:00,8.887481962481962,3.5294139194139196,0.9008189033189032,0.0,20.28199855699856,14.54232600732601,93.14960317460317,93.23446886446888,514.6219336219336,575.6150183150183,19.61724386724387,13.315421245421247
16,26,2021.3.4 0:00,10.561255411255413,3.0684981684981687,1.1463744588744589,0.0,20.29047619047619,13.606318681318681,93.05541125541126,93.04725274725276,516.3668831168831,588.6465201465201,20.061904761904763,12.470604395604395
16,27,2021.3.11 0:00,12.167099567099568,5.360714285714286,1.3148809523809522,0.0,19.093831168831166,13.168772893772895,92.96374458874458,92.73983516483517,515.5171614098485,672.473181576923,18.733549783549783,12.011355311355311
16,28,2021.3.18 0:00,11.530311355311355,5.048376623376623,1.3547985347985347,0.0,18.84404761904762,12.460064935064935,92.81721611721612,92.24329004329005,470.6886446886447,501.262987012987,18.64569597069597,11.387554112554112
16,29,2021.3.25 0:00,14.483681318681318,7.346629560915275,1.246974358974359,0.0,20.053809523809523,13.006679035250466,92.72791208791209,92.39465058750773,467.1794871794872,512.0842609771182,19.709065934065933,12.03160173160173
16,30,2021.4.1 0:00,16.391217116217117,10.402622377622377,1.274512987012987,0.0,20.76923909423909,13.637803862803864,92.80645188145188,92.36734931734932,474.64210789210784,500.0442057942059,19.530927405927404,12.452647352647352
16,31,2021.4.8 0:00,14.740781440732603,7.548448773428572,1.6571428571428573,0.0,19.864224664249086,11.627886002857142,92.4225885225641,91.48953823956711,476.0195360183151,477.30375180519474,19.373046398095234,10.564646464640692
16,32,2021.4.15 0:00,15.669230769230769,6.6454545454545455,1.6279120879120879,0.0,20.890109890109887,10.505194805194805,92.71428571428571,91.37922077922077,485.4175824175824,475.20779220779224,20.924175824175823,9.58961038961039
16,33,2021.4.22 0:00,20.042778649921505,14.098961038961038,1.236248037676609,0.0,22.834065934065936,15.620259740259742,93.46891679748822,93.47623376623378,476.9379905808478,508.88831168831166,22.318759811616957,14.54974025974026
16,34,2021.4.29 0:00,15.421716378859236,10.606601731601732,1.3847762951334381,0.0,20.371140763997907,13.705995670995671,92.60107273678703,92.56675324675324,467.53976975405556,479.9417748917749,20.118589743589745,12.702748917748918
16,35,2021.5.6 0:00,17.778932496075353,10.534747474747475,1.4244086865515437,0.0,21.620627943485086,13.158138528138528,93.17420198848768,92.41243867243868,462.25316588173735,452.4601731601732,21.16467294610152,12.174559884559885
16,36,2021.5.13 0:00,22.23672946101517,17.31399711399711,1.1918521716378858,0.0,24.798649921507064,19.02736652236652,93.97918628990057,94.17933621933621,478.4462061747776,488.58419913419914,23.991718995290423,17.77280663780664
16,37,2021.5.20 0:00,17.98,16.471428571428568,0.408,0.0,20.6,17.67142857142857,94.11,92.98571428571428,441.6,480.57142857142856,19.67,16.37142857142857
20,1,2020.9.13 0:00,23.06730769230769,18.872077922077924,1.083415750915751,0.0,24.68525641025641,19.74469696969697,78.26419413919415,93.20400432900433,418.93772893772893,489.017316017316,24.715934065934068,19.607900432900433
20,2,2020.9.20 0:00,21.91978021978022,15.575324675324671,1.2594505494505495,0.0,24.074725274725274,16.28961038961039,69.56263736263735,90.75844155844155,419.58241758241763,515.8961038961039,23.740659340659345,16.424675324675327
20,3,2020.9.27 0:00,21.50027472527473,15.531926406926406,1.2525274725274727,0.0,23.55531135531135,16.26525974025974,74.46565934065936,93.57359307359307,429.60531135531136,543.517316017316,23.420054945054943,16.11352813852814
20,4,2020.10.4 0:00,18.924617049617048,13.515834165834166,1.3134324009324008,0.0,21.687429237429235,14.384240759240763,75.33975191475191,91.71466033966034,441.33941058941065,523.6005661005661,21.43035298035298,14.138336663336663
20,5,2020.10.11 0:00,16.408008658008658,10.1503663003663,0.9619913419913421,0.0,19.199675324675322,12.276282051282053,73.46590909090908,93.17326007326007,464.1883116883117,577.3388278388278,19.05313852813853,11.984615384615385
20,6,2020.10.18 0:00,15.688311688311687,8.286813186813188,1.22,0.0,19.9025974025974,12.55054945054945,67.13766233766235,94.61208791208792,463.18181818181813,618.9670329670329,19.674025974025977,12.051648351648353
20,7,2020.10.25 0:00,15.674025974025971,6.842857142857142,1.2428571428571427,0.0,20.06233766233766,12.050549450549452,68.11038961038962,94.63296703296703,472.4155844155844,626.9670329670329,19.97532467532468,11.501098901098901
20,8,2020.11.1 0:00,12.463636363636365,7.141758241758241,0.878051948051948,0.0,18.06103896103896,12.742857142857144,75.63506493506495,94.878021978022,538.9350649350649,679.5714285714286,17.92597402597403,12.564835164835168
20,9,2020.11.8 0:00,12.251948051948052,4.538461538461539,1.1692207792207792,0.0,20.24675324675325,12.249450549450552,72.58441558441558,94.61758241758241,527.2207792207793,659.8351648351647,20.1987012987013,12.135164835164833
20,10,2020.11.15 0:00,14.261038961038961,10.47425431711146,0.6064155844155843,0.0,18.916623376623374,13.84725274725275,84.83532467532466,94.04065934065933,547.8935064935065,591.4073783359498,18.842857142857145,13.881868131868131
20,11,2020.11.22 0:00,7.863636363636362,3.918131868131868,0.756077922077922,0.0,17.43090909090909,11.68414442700157,82.22350649350649,95.06569858712714,564.1870129870131,625.4497645211931,17.19025974025974,11.629277864992149
20,12,2020.11.29 0:00,4.846493506493506,-0.13398744113029806,0.8862467532467531,0.0,17.201168831168832,9.748116169544742,83.88584415584417,94.78171114599685,570.9194805194804,623.0180533751962,17.04636363636364,9.7723704866562
20,13,2020.12.6 0:00,6.134415584415584,1.2051020408163267,0.7732467532467533,0.0,17.123636363636365,10.16326530612245,86.00883116883116,95.31789638932494,598.5584415584416,649.4152276295134,17.032467532467535,10.286813186813188
20,14,2020.12.13 0:00,-0.1578354978402597,-4.027341705909733,0.8163506493506494,0.0,15.60073593068831,9.764965986428573,88.30722943718183,94.62100994247251,596.2757575762337,600.3840920980376,15.523246753246752,9.810439560439562
20,15,2020.12.20 0:00,4.160000000000001,-1.394976452119309,0.7397272727272728,0.0,17.12935064935065,10.45039246467818,85.84116883116883,94.37739403453689,580.7207792207791,617.5557299843014,17.076623376623377,10.536106750392465
20,16,2020.12.27 0:00,0.8650649350649349,-2.783359497645212,0.724064935064935,0.0,15.584155844155841,10.218131868131868,88.42285714285715,94.92535321821038,604.6233766233767,604.1899529042387,15.541558441558442,10.311459968602824
20,17,2021.1.3 0:00,-4.829350649350649,-8.716169544740975,0.8786363636363635,0.0,14.183246753246754,9.401805337519622,89.01259740259741,93.64529042386185,537.3376623376623,541.5156985871271,14.13077922077922,9.35353218210361
20,18,2021.1.10 0:00,2.0783116883116883,-2.9916012558869705,0.7366623376623378,0.0,16.977532467532466,10.425745682888541,87.8561038961039,94.54262166405023,582.8168831168831,602.368131868132,16.921948051948053,10.405102040816326
20,19,2021.1.17 0:00,3.98038961038961,0.5775510204081628,0.7245714285714285,0.0,17.022467532467534,11.190894819466248,88.07051948051947,95.34764521193094,575.674025974026,590.5973312401883,16.925714285714285,11.148822605965464
20,20,2021.1.24 0:00,5.098571428571428,0.78320251177394,0.8280000000000001,0.0,16.13168831168831,10.122998430141289,85.59363636363636,95.40965463108321,554.6584415584416,588.8029827315542,16.112077922077923,10.166248037676608
20,21,2021.1.31 0:00,4.206493506493507,0.6340659340659341,0.9859740259740261,0.0,18.388311688311692,10.897802197802196,84.9935064935065,95.16373626373625,547.4155844155842,570.4395604395605,18.310389610389613,10.918681318681319
20,22,2021.2.7 0:00,6.265606060606061,-0.10783621140763985,1.1795064935064932,0.0,19.4182683982684,10.498731030873888,69.16396103896105,90.76463893249607,543.4075757575757,592.8893249607536,19.294978354978355,10.235884353741495
20,23,2021.2.14 0:00,4.017965367965368,0.07032967032967045,0.9594372294372295,0.0,17.414069264069266,10.47820512820513,74.08495670995671,92.24285714285715,537.1277056277056,564.6932234432235,17.086147186147187,10.32408424908425
20,24,2021.2.21 0:00,9.770670995670995,3.6708791208791207,1.1446428571428573,0.0,19.40205627705628,10.645238095238094,73.25454545454545,91.53379120879121,521.8571428571429,595.6410256410256,19.263528138528137,10.454212454212454
20,25,2021.2.28 0:00,8.620554445554445,4.256643356643357,0.7560539460539459,0.0,17.86781551781552,11.206768231768232,81.48506493506493,93.19213286713287,510.40293040293045,579.9562937062936,17.758524808524808,11.19348151848152
20,26,2021.3.7 0:00,10.032142857142858,4.683333333333333,1.1796428571428572,0.0,19.34404761904762,11.933333333333334,74.84404761904761,92.85000000000001,549.7261904761905,650.3928571428571,19.177380952380954,11.834523809523812
20,27,2021.3.14 0:00,11.287454212454213,5.8837662337662335,1.2457417582417583,0.0,19.394505494505495,13.108170995670994,79.69725274725273,94.76520562770564,537.7957875457876,664.1287878787879,19.24523809523809,12.95254329004329
20,28,2021.3.21 0:00,11.65054945054945,5.579220779220779,1.303076923076923,0.0,18.346153846153847,10.945454545454547,74.87912087912089,93.29870129870129,537.010989010989,633.064935064935,17.973626373626374,10.78311688311688
20,29,2021.3.28 0:00,15.582417582417586,10.581818181818182,1.116043956043956,0.0,19.850549450549448,12.554545454545456,66.39010989010988,88.1818181818182,474.3956043956045,575.7792207792207,19.716483516483514,12.414285714285713
20,30,2021.4.4 0:00,13.934065934065933,7.298701298701299,1.59978021978022,0.0,20.18681318681319,10.887012987012985,64.13736263736264,91.71948051948051,475.5604395604396,594.8311688311688,20.212087912087913,10.816883116883117
20,31,2021.4.11 0:00,13.026465201465202,7.517316017316017,1.3138095238095235,0.0,19.756410256410255,11.653896103896104,69.19358974358975,92.41964285714285,477.4569597069598,601.051948051948,19.61391941391941,11.71731601731602
20,32,2021.4.18 0:00,18.748430141287287,11.491168831168833,1.6250313971742545,0.0,22.71177394034537,12.969610389610391,59.33186813186813,86.0144155844156,448.38618524332816,580.0532467532468,22.422527472527474,12.84974025974026
20,33,2021.4.25 0:00,18.566086691086692,12.270324675324677,1.5889362026862028,0.0,22.840964590964592,13.881006493506494,61.30586080586081,91.66097402597403,444.9935897435898,603.9779220779221,22.641468253968252,13.556590909090907
23,1,2020.9.8 0:00,,,0.8568400349650348,0.0,,,,,,,,
23,2,2020.9.15 0:00,,,1.1106684981684982,0.0,,,,,,,,
23,3,2020.9.22 0:00,,,1.2782417582417585,0.0,,,,,,,,
23,4,2020.9.29 0:00,,,1.080639360639361,0.0,,,,,,,,
23,5,2020.10.6 0:00,19.353246753246754,14.977106227106228,1.3803463203463202,0.0,26.914993744588745,20.489263076923077,56.72051111471861,69.8999533974359,313.35206374458875,353.31842463369964,20.867373257575757,17.946238498168498
23,6,2020.10.13 0:00,15.76634199134199,11.289835164835164,1.0676948051948054,0.0,25.050614870129866,18.023984487179487,58.10350028138527,72.93206266483517,326.511021969697,381.49687353479857,18.22593261904762,15.3661034981685
23,7,2020.10.20 0:00,15.446753246753246,10.385714285714286,1.1794805194805194,0.0,22.019480519480517,14.723076923076922,70.03709415584416,85.7158654945055,364.3173701298701,435.17857142857144,17.990594024155843,15.400246373626372
23,8,2020.10.27 0:00,15.180519480519479,10.926373626373627,1.0636363636363637,0.0,19.190909090909088,12.306593406593407,86.8116883116883,99.17252747252748,413.038961038961,512.5824175824176,18.57662337662337,16.715384615384615
23,9,2020.11.3 0:00,11.863636363636362,7.681318681318682,1.0325974025974025,0.0,18.66623376623377,11.501098901098901,89.55324675324675,99.54395604395606,383.1948051948052,458.8021978021978,17.792207792207794,15.6978021978022
23,10,2020.11.10 0:00,14.177922077922078,8.41978021978022,1.0972727272727272,0.0,19.440259740259737,12.21098901098901,78.79740259740261,93.67472527472526,393.2467532467532,450.64285714285717,17.42987012987013,15.998901098901097
23,11,2020.11.17 0:00,12.604675324675325,10.903846153846155,0.48742857142857143,0.0,16.909350649350646,12.906750392464678,90.9387012987013,97.37048665620092,390.9974025974026,433.15227629513345,17.11831168831169,15.9510989010989
23,12,2020.11.24 0:00,6.74935064935065,3.879120879120879,0.8001298701298701,0.0,16.228571428571428,9.824175824175825,83.76103896103896,98.10000000000001,382.1168831168831,446.48351648351644,16.067532467532466,14.013186813186815
23,13,2020.12.1 0:00,5.391558441558442,1.56138147566719,0.8911818181818182,0.0,17.454155844155842,11.60447409733124,79.21220779220779,95.01805337519625,405.05324675324675,468.2864992150707,16.467272727272725,15.018053375196235
23,14,2020.12.8 0:00,4.848311688311688,1.891758241758242,0.7607922077922078,0.0,16.257142857142856,10.722684458398746,84.36844155844156,97.1729984301413,409.7701298701299,444.04238618524334,15.190779220779222,14.04607535321821
23,15,2020.12.15 0:00,-0.2506493506493506,-3.0339874411302987,0.8357922077922078,0.0,16.02012987012987,9.585321821036107,85.91948051948053,95.17307692307692,442.04285714285714,454.75353218210364,14.533766233766231,13.066954474097331
23,16,2020.12.22 0:00,6.331038961038961,2.407378335949765,0.6841038961038962,0.0,15.877792207792208,9.570251177394036,87.69623376623376,98.28359497645212,431.451948051948,484.3587127158556,14.574155844155843,12.900784929356359
23,17,2020.12.29 0:00,-0.9471428571428573,-3.1514128728414446,0.7421428571428572,0.0,14.036363636363637,8.412951334379906,89.35753246753247,95.63979591836734,439.9584415584416,454.5800627943485,13.382337662337662,11.985164835164834
23,18,2021.1.5 0:00,-5.720779220779221,-7.742857142857142,0.8514285714285714,0.0,13.561038961038962,8.227472527472528,89.36363636363637,94.52747252747254,614.974025974026,549.7802197802198,12.401298701298701,11.107692307692306
23,19,2021.1.12 0:00,3.8922077922077927,0.4808477237048665,0.8236753246753247,0.0,17.106753246753247,9.347802197802196,86.44389610389611,97.64693877551021,463.2623376623377,485.42307692307696,15.41792207792208,13.339089481946624
23,20,2021.1.19 0:00,7.510649350649351,4.385164835164836,0.760025974025974,0.0,17.161688311688312,9.882025117739403,84.68805194805194,98.85620094191522,443.20129870129864,479.88226059654625,15.808831168831171,14.098901098901097
23,21,2021.1.26 0:00,5.052727272727273,1.5286499215070644,0.7461818181818182,0.0,16.640259740259744,8.82613814756672,85.05428571428573,97.95172684458397,435.07142857142856,482.23390894819465,15.584675324675326,13.829984301412873
23,22,2021.2.2 0:00,2.6749350649350654,0.42331240188383074,1.0962077922077922,0.0,17.916233766233766,8.615070643642072,79.08974025974025,97.50494505494505,440.5935064935064,460.85910518053373,16.869350649350647,14.68956043956044
23,23,2021.2.9 0:00,7.599891774891775,3.3127289377289384,1.0336471861471863,0.0,18.692965367965368,10.423260073260073,73.10205627705629,95.30256410256412,446.2770562770564,483.42582417582423,18.028138528138527,16.05018315018315
23,24,2021.2.16 0:00,6.208528138528138,2.0661695447409736,1.1548896103896105,0.0,17.633484848484848,9.794832548403976,71.32151515151514,93.46762166405024,403.2854978354979,474.63291470434325,17.168982683982684,15.20613553113553
23,25,2021.2.23 0:00,8.924458874458875,4.986996336996337,0.8755519480519478,0.0,17.25725108225108,10.676190476190474,87.4853896103896,97.72930402930403,391.63203463203456,487.38278388278394,17.12987012987013,15.53397435897436
23,26,2021.3.2 0:00,8.393281718281719,5.06087246087246,0.9544305694305694,0.0,18.8489010989011,10.746636696636697,87.36939726939727,97.83982683982683,408.1844821844822,498.28571428571433,18.422727272727276,16.105694305694307
23,27,2021.3.9 0:00,11.579761904761906,6.554761904761904,1.266904761904762,0.0,20.714285714285715,12.410714285714286,77.69880952380952,95.04404761904763,422.952380952381,524.7261904761905,19.875,17.626190476190477
23,28,2021.3.16 0:00,10.616575091575092,6.978787878787879,1.2455677655677653,0.0,20.44652014652015,12.985930735930737,70.15705128205128,93.81006493506494,416.760989010989,517.7867965367965,19.903663003663002,18.341450216450216
23,29,2021.3.23 0:00,13.489010989010989,9.257142857142856,1.141098901098901,0.0,19.736263736263734,12.655844155844154,72.42637362637363,94.45844155844156,384.4615384615385,479.87012987012986,19.04175824175824,18.17922077922078
23,30,2021.3.30 0:00,16.616483516483516,12.38181818181818,1.2236263736263735,0.0,20.678021978021977,12.736363636363636,66.23516483516484,92.70389610389611,370.62637362637366,462.59740259740255,18.782417582417583,17.725974025974022
23,31,2021.4.6 0:00,15.254212454212452,9.911688311688312,1.571062271062271,0.0,21.039652014652013,12.314935064935067,67.02051282051282,93.75108225108227,389.5018315018315,523.3160173160173,19.726190476190474,18.281818181818185
23,32,2021.4.13 0:00,12.269073783359497,7.282689885872294,1.5198268794697367,0.0,19.981257631257638,12.347835497835499,67.48467643467644,92.88258559622294,383.0411215768359,533.1402794175326,19.276029129600555,17.503581267218614
23,33,2021.4.20 0:00,20.90549450549451,13.466233766233769,1.6470329670329669,0.0,23.863736263736264,14.742857142857146,74.03736263736265,93.51428571428572,385.24175824175825,574.6103896103897,21.920879120879118,19.862337662337662
23,34,2021.4.27 0:00,16.192994505494507,12.972045454545455,1.2412774725274724,0.0,19.98646978021978,13.538084415584416,71.77513736263737,91.47191558441558,370.95123626373623,442.57727272727277,19.518543956043956,17.546558441558442
24,1,2020.9.9 0:00,22.76483516483516,19.359199134199134,0.9417582417582417,0.0,24.86327838827839,21.13084415584416,61.04290947151099,76.92271181195888,432.1236263736264,484.33333333333337,25.34862637362637,24.54220779220779
24,2,2020.9.16 0:00,21.43940170940171,16.151391465677182,1.072697802197802,0.0,26.284597069597066,18.279056895485468,48.86088544394382,63.42103316326097,413.8136752136752,482.4864564007421,25.86421855921856,23.36608225108225
24,3,2020.9.23 0:00,20.853446553446553,14.624175824175826,1.4166533466533469,0.0,26.01378621378621,14.669630369630369,61.195409572117875,80.13912135481519,392.12687312687314,481.14285714285717,24.820079920079916,21.925774225774227
24,4,2020.9.30 0:00,19.796553446553446,15.132400932400929,1.258310855810856,0.0,24.688245088245086,16.27069597069597,60.04014773942307,74.52585108371795,391.8424075924076,448.1585914085914,23.838628038628038,22.01109723609724
24,5,2020.10.7 0:00,18.973939393939393,12.572128466771321,1.4419372294372295,0.0,24.740151515151513,13.78973704866562,43.679788497002164,43.81950384220827,375.124025974026,428.6055075876505,22.03257575757576,20.282829670329672
24,6,2020.10.14 0:00,15.524458874458873,8.073142333749084,1.2032900432900433,0.0,22.099458874458872,12.570957613846153,44.96661255411255,64.37574568285713,420.10714285714283,502.84406070073265,19.094264069264067,17.707273678717947
24,7,2020.10.21 0:00,13.950649350649352,7.6725818136923065,1.1757142857142857,0.0,21.12207792207792,13.645779495164836,51.32077922077922,66.34961357329671,436.1948051948052,542.8707885538462,19.09090909090909,17.185358048571423
24,8,2020.10.28 0:00,13.171428571428573,6.55693153010989,1.0809090909090908,0.0,20.33896103896104,14.56293322065934,48.32142857142857,68.20321217241757,441.42857142857144,573.4902789505495,18.679220779220778,17.29454775989011
24,9,2020.11.4 0:00,9.375584415584415,4.846244732743865,1.1009740259740262,0.0,19.542337662337662,15.292974882260596,54.890299700519485,63.491545484532764,476.89870129870127,543.8068247541931,17.412727272727274,16.941878046765265
24,10,2020.11.11 0:00,6.672207792207792,9.548194662480379,1.0885454545454545,0.0,17.054675324675323,17.258320251177395,57.82211502779221,61.25588697020408,586.6584415584415,542.4277864992151,17.234805194805194,18.692072213500786
24,11,2020.11.18 0:00,11.170389610389611,7.960282574568289,0.5885974025974026,0.0,18.188441558441557,14.752668759811614,63.90831168831169,75.98422291993721,473.9012987012987,594.5164835164835,17.886363636363637,17.212166405023545
24,12,2020.11.25 0:00,5.997272727272728,0.6689952904238617,0.8709220779220779,0.0,16.61961038961039,11.533751962323391,54.42077922077923,71.07974882260598,446.41038961038964,565.0659340659341,15.840519480519479,14.57032967032967
24,13,2020.12.2 0:00,3.936363636363637,-2.5582417582417585,0.933896103896104,0.0,16.8974025974026,9.854945054945054,57.56883116883116,70.37912087912088,481.22077922077926,573.9010989010989,15.645454545454543,13.999999999999998
24,14,2020.12.9 0:00,2.673708513708514,-2.521664050235479,0.8646839826839826,0.0,16.07835497835498,9.77817896389325,58.36337662337662,72.75290423861851,507.0940836940837,605.2422291993722,15.386883116883114,13.699408686551546
24,15,2020.12.16 0:00,-0.21298701298701303,-6.158869701726844,0.9143246753246753,0.0,16.14090909090909,8.721193092621665,59.11025974025974,70.49073783359498,521.4116883116883,619.4945054945056,15.107792207792206,12.891758241758241
24,16,2020.12.23 0:00,2.8114285714285714,-2.1165620094191526,0.7157012987012986,0.0,15.505714285714285,9.391915227629513,67.1212987012987,75.91043956043957,588.6922077922078,671.1836734693878,14.83064935064935,13.076844583987441
24,17,2020.12.30 0:00,-2.021818181818182,-5.947409733124019,0.8945974025974025,0.0,15.422987012987013,8.655259026687599,62.32389610389611,74.09631083202511,585.0792207792208,695.8406593406593,14.861688311688312,12.663265306122451
24,18,2021.1.6 0:00,-6.495974025974024,-11.739481946624801,0.941194805194805,0.0,15.417272727272728,8.20934065934066,60.92025974025973,69.56334379905809,596.0285714285714,694.8681318681317,14.372987012987013,12.040031397174257
24,19,2021.1.13 0:00,2.211818181818182,-3.321821036106751,0.9364415584415584,0.0,17.9574025974026,9.246938775510204,59.724935064935075,74.83194662480378,630.4493506493507,738.6248037676609,15.846623376623374,13.636263736263738
24,20,2021.1.20 0:00,6.873246753246754,2.3459968602825745,0.7083116883116883,0.0,16.887402597402602,10.862912087912088,67.6377922077922,80.01811224489795,682.6857142857143,788.642660910518,15.986103896103897,14.63710753532182
24,21,2021.1.27 0:00,2.2944155844155847,-1.6685400313971746,1.0068441558441559,0.0,16.43493506493507,9.654427001569857,60.52532467532467,76.03885400313972,629.7402597402597,725.1469387755103,15.387402597402598,13.663767660910517
24,22,2021.2.3 0:00,2.447077922077922,-2.847069597069597,1.2327813852813851,0.0,18.43528138528139,9.584065934065935,56.47451298701299,73.75714285714285,580.6515151515151,679.0137362637363,16.00378787878788,14.138278388278389
24,23,2021.2.10 0:00,6.585930735930736,0.02289377289377294,1.038290043290043,0.0,16.45465367965368,10.053754578754578,55.671861471861476,75.42344322344323,586.8647186147185,710.9056776556778,15.575216450216448,14.077106227106228
24,24,2021.2.17 0:00,5.450757575757576,-2.172893772893773,1.1964718614718615,0.0,16.965584415584413,9.505769230769232,53.94529220779221,74.00402930402932,552.3538961038961,665.9304029304029,15.640909090909092,13.617582417582415
24,25,2021.2.24 0:00,7.737662337662337,3.274267399267399,0.7348376623376623,0.0,15.893506493506495,10.741758241758243,60.46688311688312,78.37344322344323,587.9231601731601,703.5934065934067,16.09512987012987,14.421794871794871
24,26,2021.3.3 0:00,9.204112554112553,3.4710622710622707,1.2493939393939395,0.0,18.42781385281385,11.610347985347985,53.39139610389611,75.44363553113554,599.241341991342,727.7152014652014,17.540800865800865,15.57065018315018
24,27,2021.3.10 0:00,11.799999999999999,5.89375,1.3730952380952381,0.0,18.88095238095238,12.611011904761906,51.49226190476191,75.09077380952381,552.6309523809524,695.4211309523808,17.815476190476193,16.390625000000004
24,28,2021.3.17 0:00,10.985098235098237,5.47210081585015,1.4256909756909752,0.0,18.789252414252417,12.28155178158841,48.50948218448218,70.56280386281053,520.984015984016,628.845134032634,17.723151848151847,16.179876373633032
24,29,2021.3.24 0:00,14.11227106227106,7.299242424242423,1.2828663003663003,0.0,19.3510989010989,10.825324675281385,49.592216117216125,73.75140692640693,477.0283882783883,588.1536796536795,17.424542124542125,15.843290043290043
24,30,2021.3.31 0:00,15.674725274725276,10.299415584415582,1.2181684981684984,0.0,20.953388278388278,12.134523809523811,51.688644688644686,70.02735143640693,462.7142857142857,535.6476780787879,18.196428571428573,17.008138528138527
24,31,2021.4.7 0:00,14.179591836734696,7.9440259740259735,1.5547566718995292,0.0,19.676766091051807,11.456363636363635,48.40881261596546,69.36335301064935,461.2547452549451,551.9878394337662,18.295447409733125,16.016623376623375
24,32,2021.4.14 0:00,13.631868131868133,5.415584415584415,1.8275824175824178,0.0,19.24175824175824,8.883116883116882,44.81923076923077,68.98701298701299,464.75824175824175,534.1558441558442,17.52747252747253,15.148051948051947
24,33,2021.4.21 0:00,20.35353218210361,12.876233766233767,1.4729199372056514,0.0,21.789324960753536,12.305844155844156,39.99807692307693,62.27649350649351,449.20486656200944,495.93246753246746,19.568916797488225,18.370129870129865
24,34,2021.4.28 0:00,16.807692307692307,13.393636363636363,1.1499816849816848,0.0,17.92069597069597,13.812424242424242,48.72619047619048,62.41106060606061,415.569597069597,445.94545454545454,19.03040293040293,17.810000000000002
25,1,2020.9.18 0:00,,,1.2332967032967035,0.0,,,,,,,,
25,2,2020.9.25 0:00,,,1.330659340659341,0.0,,,,,,,,
25,3,2020.10.2 0:00,18.56801266277778,12.713294525694446,1.1758499833499834,0.0,21.374806949166665,14.318416352500003,77.75236560583333,92.71314518944445,433.3808415138889,487.05535131111105,20.07953760861111,16.25689872
25,4,2020.10.9 0:00,17.90963911639069,11.989642158869048,1.155205627705628,0.0,20.77793956525974,13.698411272967032,80.64795688642857,96.58496001978938,428.8443611591992,491.90247406648353,18.574156115183985,15.047342060512818
25,5,2020.10.16 0:00,15.389655458895021,8.763907268994505,1.0278246753246754,0.0,19.65476588314935,11.897910471712452,82.63886833125541,98.54649350117215,454.26248568008657,539.6987933652931,17.142446609610392,13.306261128205131
25,6,2020.10.23 0:00,14.492132867012987,6.698209002439561,1.3062337662337664,0.0,19.979408091818186,11.875528317692309,73.82168456545455,93.10294273021978,460.5632700649351,566.5419308263737,17.616363317532468,12.89262647725275
25,7,2020.10.30 0:00,12.053003246753246,5.051167582417582,1.060909090909091,0.0,18.42954545454546,11.471771978021978,78.99383116883118,94.37012362637361,463.12337662337666,570.2967032967033,15.999037669129873,11.912677213274723
25,8,2020.11.6 0:00,11.645211038961039,4.841346153813186,1.0418181818181815,0.0,18.496892393376623,11.369456436373627,80.52641108935065,95.19557797967035,491.14833024155854,578.3944073780219,16.486392878051948,12.094168700439559
25,9,2020.11.13 0:00,15.654724025974028,10.772488226059654,0.7354545454545456,0.0,20.14626623376623,13.928787284144423,83.26512987012987,95.48655808477237,498.800974025974,567.8104395604395,18.309599056623377,15.91309376967033
25,10,2020.11.20 0:00,8.173766233766234,5.481004709576139,0.7237402597402597,0.0,17.265064935064935,11.326923076923077,81.98636363636362,92.18814756671898,493.3415584415584,509.4324960753532,15.942077922077925,13.817111459968602
25,11,2020.11.27 0:00,5.084155844155844,1.8862637362637362,0.8203376623376623,0.0,17.454935064935064,9.959576138147565,81.73740259740259,90.79324960753532,584.4207792207793,510.83987441130296,15.782077922077923,13.04795918367347
25,12,2020.12.4 0:00,5.072467532467533,0.42574568288854,0.8374675324675325,0.0,18.295974025974026,9.434458398744113,82.77844155844157,90.4986656200942,625.5090909090908,546.7409733124019,15.743766233766236,12.932339089481946
25,13,2020.12.11 0:00,1.7705194805194806,-1.4755102040816326,0.7979350649350649,0.0,16.214935064935066,9.048430141287284,81.99831168831169,90.40141287284145,616.1805194805194,504.7299843014129,14.733376623376627,12.114128728414444
25,14,2020.12.18 0:00,3.4923376623376625,-1.1324175824175826,0.7376753246753246,0.0,16.49844155844156,9.020800627943485,83.84246753246755,91.2030612244898,725.748051948052,576.0478806907378,14.942077922077923,12.18210361067504
25,15,2020.12.25 0:00,1.9083116883116877,-1.4461538461538461,0.6797532467532468,0.0,14.853506493506496,9.290816326530612,86.94324675324675,93.18186813186811,810.0493506493506,643.8131868131867,13.924025974025975,11.868759811616954
25,16,2021.1.1 0:00,-2.1954545454545458,-4.393563579277865,0.8275974025974026,0.0,14.577922077922079,9.047409733124018,82.64805194805194,89.56703296703297,750.790909090909,582.0722135007849,13.660259740259743,11.449686028257458
25,17,2021.1.8 0:00,-2.402597402597403,-7.479866562009419,0.8699350649350649,0.0,15.740259740259742,9.026138147566718,81.43948051948053,86.83296703296703,743.274025974026,591.1730769230769,14.105194805194808,11.691326530612244
25,18,2021.1.15 0:00,2.7532467532467537,-0.9376766091051804,0.7994545454545455,0.0,17.3538961038961,9.48226059654631,81.75571428571428,90.37174254317111,681.8753246753247,585.9254317111461,15.700909090909091,12.880062794348508
25,19,2021.1.22 0:00,7.324545454545453,4.297409733124019,0.6547792207792208,0.0,17.416363636363638,10.024411302982733,84.35376623376624,93.62276295133438,690.6194805194804,627.403453689168,15.543896103896103,13.33806907378336
25,20,2021.1.29 0:00,2.836363636363636,-0.543956043956044,1.0505194805194804,0.0,18.57662337662338,9.274725274725274,77.29740259740261,88.62527472527472,605.051948051948,522.3406593406593,16.032467532467532,12.978021978021976
25,21,2021.2.5 0:00,4.875324675324675,-0.3439560439560441,1.032077922077922,0.0,19.505194805194805,9.116483516483516,78.05844155844156,90.35494505494508,656.1038961038961,594.2087912087912,16.364935064935064,13.563736263736265
25,22,2021.2.12 0:00,4.062662337662337,-0.11602564102564106,0.9516991341991341,0.0,17.51461038961039,9.342765567765568,86.20746753246752,94.4662087912088,603.1569264069265,587.0952380952382,15.60021645021645,12.949725274725273
25,23,2021.2.19 0:00,8.998809523809523,3.1996336996336985,1.1194588744588745,0.0,18.551082251082253,9.183058608058607,83.88863636363637,93.3947802197802,537.5887445887446,550.5879120879121,16.446536796536797,13.35
25,24,2021.2.26 0:00,9.477539127539128,5.572127872127872,0.8323634698634698,0.0,17.09096736596737,9.92102897102897,87.83141858141857,95.698334998335,514.051615051615,543.6745754245754,15.268997668997669,12.909515484515484
25,25,2021.3.5 0:00,9.582142857142857,4.351190476190476,1.222738095238095,0.0,19.48333333333333,10.410714285714286,75.17619047619048,91.31666666666668,523.297619047619,567.0833333333333,17.93095238095238,14.817857142857141
25,26,2021.3.12 0:00,10.630769230769232,5.177380952380952,1.3134065934065935,0.0,19.133150183150182,10.40974025974026,65.35824175824176,88.11515151515151,490.9844322344323,535.1893939393939,18.169963369963366,15.20162337662338
25,27,2021.3.19 0:00,11.13617216117216,5.949891774891776,1.2806227106227106,0.0,18.101098901098904,9.819696969696968,65.6643772893773,88.5662337662338,497.3067765567765,538.8690476190476,17.128663003663004,14.632900432900431
25,28,2021.3.26 0:00,14.399999999999997,8.732467532467533,1.1345054945054946,0.0,18.773626373626374,10.264935064935063,65.20879120879121,88.12077922077921,486.21978021978026,506.2337662337662,16.774725274725274,14.525974025974026
25,29,2021.4.2 0:00,14.989010989010989,9.862337662337662,1.3016483516483517,0.0,18.856043956043955,10.385064935064934,63.70769230769231,84.42597402597404,460.05494505494505,494.3636363636364,16.813186813186814,14.767532467532467
25,30,2021.4.9 0:00,13.491483516483516,7.628463203463203,1.5374358974358973,0.0,17.956776556776557,9.524134199134199,89.02490842490842,96.25876623376624,467.4642857142857,515.4166666666666,16.640018315018317,14.08030303030303
25,31,2021.4.16 0:00,16.204552590266875,9.25025974025974,1.4676687598116172,0.0,19.695918367346938,9.745714285714286,59.17409733124019,84.78779220779222,458.95211930926206,509.7688311688312,17.337048665620095,14.092597402597404
25,32,2021.4.23 0:00,19.546964939822086,13.849404761904763,1.5677721088435377,0.0,21.624123495552062,13.233127705627705,56.507312925170076,80.77558441558442,441.75300889586606,481.1771645021645,19.223417059131343,16.78538961038961
25,33,2021.4.30 0:00,13.76,13.171428571428573,1.422,0.0,16.580000000000002,13.157142857142857,72.36,82.74285714285715,438.0,446.4285714285714,16.34,15.928571428571429
26,1,2020-09-09 0:00,23.644963369963367,19.235064935064937,0.9417582417582417,0.0,28.19532967032967,20.645346320346317,53.90187728937729,84.63950216450215,413.2307692307692,473.16774891774884,27.1760989010989,24.45703463203463
26,2,2020-09-16 0:00,21.172710622710618,15.338203463203461,1.009716117216117,0.0,25.73415750915751,17.286688311688312,51.20238095238095,80.91569264069264,418.6373626373626,499.31601731601734,24.968589743589746,22.600324675324682
26,3,2020-09-23 0:00,21.998901098901097,13.558441558441558,1.384175824175824,0.0,26.68021978021978,15.342857142857142,46.07692307692308,79.48831168831168,406.5934065934066,519.6103896103897,24.58901098901099,21.544155844155842
26,4,2020-09-30 0:00,20.360772560772556,14.486555111555111,1.2408932733932736,0.0,24.578671328671334,16.447186147186148,47.55462037962037,76.00049117549118,413.3695471195471,495.1965534465534,23.238986013986015,21.46115551115551
26,5,2020-10-07 0:00,19.90692640692641,11.305860805860807,1.3994805194805195,0.0,24.216125541125542,13.708058608058607,45.73955627705628,82.26996336996338,439.24675324675326,596.7133699633699,21.922402597402595,19.728021978021978
26,6,2020-10-14 0:00,15.844588744588746,6.865567765567766,1.2032900432900433,0.0,21.8025974025974,10.402838827838826,55.65124458874459,84.3985347985348,442.982683982684,604.4642857142857,18.94686147186147,16.583516483516483
26,7,2020-10-21 0:00,14.375324675324675,6.813186813186815,1.1757142857142857,0.0,20.03246753246753,13.629670329670331,54.878571428571426,75.25824175824175,475.40259740259745,643.912087912088,18.872727272727275,17.506593406593407
26,8,2020-10-28 0:00,13.507792207792209,5.70989010989011,1.0809090909090908,0.0,19.971428571428568,13.247252747252745,55.35714285714285,67.78791208791209,471.11688311688306,636.6813186813187,18.824675324675326,17.293406593406594
26,9,2020-11-04 0:00,10.94805194805195,2.7626373626373626,1.1606493506493507,0.0,19.25064935064935,12.013186813186815,55.34480519480519,70.73406593406592,481.5714285714285,659.0439560439561,17.777922077922078,16.274725274725274
26,10,2020-11-11 0:00,13.72285714285714,3.1762166405023544,1.0885454545454545,0.0,20.431038961038958,12.27425431711146,57.87584415584417,73.80392464678178,493.53766233766237,667.9434850863421,18.048571428571428,16.80667189952904
26,11,2020-11-18 0:00,11.387272727272727,7.632103610675039,0.5885974025974026,0.0,18.186103896103898,13.85361067503925,76.3891341990909,90.30190999480376,451.35324675324676,586.2927786499215,17.958441558441557,16.897880690737832
26,12,2020-11-25 0:00,6.14012987012987,0.20007849293563604,0.8709220779220779,0.0,17.32896103896104,11.1339874411303,63.73623376623376,83.96130298273157,476.2272727272727,631.9105180533752,16.276103896103898,15.096781789638934
26,13,2020-12-02 0:00,4.296103896103896,-2.9835164835164845,0.933896103896104,0.0,17.246753246753247,9.268131868131869,68.5987012987013,73.83846153846153,498.2727272727273,647.6923076923077,15.48961038961039,14.036263736263736
26,14,2020-12-09 0:00,2.887489177489177,-2.8074254317111462,0.8646839826839826,0.0,16.21089466089466,9.281742543171115,68.48450216450217,77.13822605965463,503.68080808080816,616.0910518053375,15.029235209235209,13.496698063840922
26,15,2020-12-16 0:00,-0.05012987012987031,-6.589717425431712,0.9143246753246753,0.0,15.362727272727273,7.846467817896388,69.83714285714285,72.1309262166405,512.5623376623377,669.7857142857143,13.867272727272729,11.98767660910518
26,16,2020-12-23 0:00,2.8503896103896103,-2.4456043956043954,0.7157012987012986,0.0,15.618051948051951,9.299529042386185,79.27002435064935,90.44551328774726,552.364935064935,723.199372056515,14.568181818181817,13.166483516483519
26,17,2020-12-30 0:00,-1.8772727272727272,-6.0498430141287285,0.8945974025974025,0.0,13.910779220779219,7.463854003139717,74.96610389610389,87.75759699482731,568.1363636363636,751.1734693877552,12.902727272727272,11.41263736263736
26,18,2021-01-06 0:00,-6.1392207792207785,-12.117974882260595,0.941194805194805,0.0,13.385454545454547,7.1437205651491364,75.3457142857143,87.17590266875982,609.8597402597403,815.0400313971742,12.49038961038961,10.87087912087912
26,19,2021-01-13 0:00,2.425844155844156,-3.666012558869702,0.9364415584415584,0.0,15.404675324675324,7.850156985871272,65.5483116883117,81.69285714285715,632.1441558441558,789.298273155416,13.962337662337664,12.363343799058084
26,20,2021-01-20 0:00,7.126233766233766,1.97967032967033,0.7083116883116883,0.0,16.31350649350649,9.384772370486658,74.28248376623377,87.43183869701727,635.4519480519481,772.0808477237049,14.975974025974027,13.668524332810046
26,21,2021-01-27 0:00,2.4357142857142855,-1.9363422291993717,1.0068441558441559,0.0,15.786103896103896,7.86828885400314,64.52311688311687,78.27205651491366,572.6714285714286,694.8799058084772,14.143246753246753,12.454945054945055
26,22,2021-02-03 0:00,2.9737012987012994,-3.28003663003663,1.2327813852813851,0.0,17.841558441558444,8.226923076923077,53.595432900432904,75.68765567765567,547.2727272727273,701.2948717948718,15.837121212121215,13.95503663003663
26,23,2021-02-10 0:00,6.8179653679653685,-0.4108058608058607,1.038290043290043,0.0,17.102164502164506,8.78040293040293,56.160497835497836,74.09459706959707,565.2445887445887,713.6849816849816,15.566774891774893,14.020604395604394
26,24,2021-02-17 0:00,5.5817099567099575,-2.6622710622710626,1.1964718614718615,0.0,17.15324675324675,8.179578754578753,54.80465367965369,73.67390109890108,580.5238095238095,732.3507326007326,16.086796536796538,13.865018315018316
26,25,2021-02-24 0:00,8.029653679653679,2.7108058608058614,0.7348376623376623,0.0,15.839069264069265,9.473351648351649,69.4319032158658,78.9376896912271,581.0670995670996,690.4587912087911,15.167424242424243,13.833516483516481
26,26,2021-03-03 0:00,9.773809523809524,3.2243589743589745,1.2493939393939395,0.0,17.723051948051946,10.06098901098901,58.847619047619055,78.48956043956045,566.5140692640692,717.1721611721612,17.18257575757576,14.940750915750916
26,27,2021-03-10 0:00,12.363095238095239,4.783333333333333,1.3730952380952381,0.0,19.160714285714285,10.858333333333333,56.94166666666667,75.13928571428572,516.8928571428571,687.9404761904761,18.677380952380954,16.28690476190476
26,28,2021-03-17 0:00,11.478021978021976,4.344047619047619,1.3980586080586082,0.0,19.02234432234432,9.809740259740257,52.233882783882784,73.72694805194806,494.1630036630037,632.9145021645021,18.62838827838828,16.25281385281385
26,29,2021-03-24 0:00,14.62234432234432,6.494913419913419,1.2828663003663003,0.0,19.99166666666667,10.142748917748918,55.33040293040294,75.503841991342,523.2014652014652,643.534632034632,18.721520146520145,16.43874458874459
26,30,2021-03-31 0:00,16.641483516483518,9.606493506493505,1.2181684981684984,0.0,21.916483516483517,12.338744588744587,62.262031558168495,81.62432567433983,522.8113553113553,671.9458874458875,20.62728937728938,18.46071428571429
26,31,2021-04-07 0:00,15.136028257456827,7.228181818181817,1.5547566718995292,0.0,21.432260596546314,10.693506493506494,57.26789638932497,78.4657142857143,517.4544740973313,673.9454545454546,20.444191522762953,17.657792207792205
26,32,2021-04-14 0:00,14.418681318681317,4.937662337662338,1.8275824175824178,0.0,22.16813186813187,10.212987012987014,51.643956043956045,66.31558441558442,515.8241758241759,679.2467532467533,20.785714285714285,17.71948051948052
26,33,2021-04-21 0:00,21.340188383045525,12.315844155844156,1.4729199372056514,0.0,25.483359497645214,15.115064935064936,48.70007849293564,80.25636363636363,474.01962323390893,672.8753246753248,24.00722135007849,21.54298701298702
26,34,2021-04-28 0:00,18.754578754578755,12.37030303030303,1.7964102564102564,0.0,23.832967032967034,14.90030303030303,42.65329670329671,83.71151515151516,428.4871794871795,614.5696969696969,23.518864468864468,20.51090909090909
31,1,2020-09-15 0:00,20.22197802197802,15.599999999999998,1.1143956043956043,0.0,23.670329670329664,17.925974025974025,93.37032967032965,98.64025974025974,455.42857142857144,496.2727272727273,23.53516483516484,18.83246753246753
31,2,2020-09-22 0:00,19.910347985347986,14.036363636363637,1.3721520146520145,0.0,23.867765567765566,16.320346320346317,68.24917582417582,94.3770562770563,461.33424908424905,520.7283549783549,23.492032967032966,17.657251082251083
31,3,2020-09-29 0:00,19.292149517149518,14.298959373959374,1.3378946053946055,0.0,23.021303696303697,16.555760905760906,69.36505161505161,91.59135031635033,459.44538794538795,509.4556277056277,22.426839826839828,17.491033966033964
31,4,2020-10-06 0:00,17.760714285714283,10.83452380952381,1.601904761904762,0.0,23.308333333333334,13.463095238095239,59.31785714285716,90.8142857142857,473.85714285714283,525.6428571428571,23.96309523809524,15.56309523809524
31,5,2020-10-13 0:00,14.201190476190476,7.380357142857142,1.216309523809524,0.0,21.066666666666666,10.954761904761904,65.09166666666667,88.70952380952382,471.17857142857144,529.4642857142858,19.50714285714286,12.266071428571431
31,6,2020-10-20 0:00,13.526623376623377,7.428571428571429,1.2422619047619048,0.0,21.85573593073593,11.390201465201462,69.9689393939394,85.21739926739927,466.33225108225116,518.771978021978,19.755844155844155,12.642857142857144
31,7,2020-10-27 0:00,13.505194805194805,6.405494505494504,1.0849350649350649,0.0,21.436363636363637,10.993406593406593,67.95064935064936,86.09065934065934,470.22077922077915,537.5714285714286,20.119480519480522,12.251098901098901
31,8,2020-11-03 0:00,10.32987012987013,4.026373626373626,1.154025974025974,0.0,19.827272727272724,10.260439560439561,67.6896103896104,83.32197802197801,462.0389610389611,544.1648351648352,18.254545454545458,9.536263736263734
31,9,2020-11-10 0:00,12.553246753246754,3.2989010989010987,1.2902597402597402,0.0,21.397402597402593,9.431868131868132,64.82987012987014,86.24945054945054,479.20779220779224,580.5274725274725,19.223376623376623,8.845054945054944
31,10,2020-11-17 0:00,12.378571428571428,10.16789638932496,0.6581298701298701,0.0,19.035714285714285,12.912323390894821,79.79246753246753,88.11726844583988,429.27012987012984,482.42229199372053,18.564285714285717,13.500235478806905
31,11,2020-11-24 0:00,6.502597402597404,2.126373626373627,0.991168831168831,0.0,17.832467532467533,8.846153846153848,75.53376623376623,90.33516483516483,429.38961038961037,530.8461538461538,16.803896103896104,8.112087912087912
31,12,2020-12-01 0:00,4.335454545454545,-2.2156985871271586,0.982025974025974,0.0,19.12974025974026,8.624725274725275,76.87519480519481,85.10353218210359,435.71038961038954,562.1295133437991,17.703896103896106,6.434850863422291
31,13,2020-12-08 0:00,4.1045454545454545,-1.1346153846153846,0.8614155844155844,0.0,17.43922077922078,8.692464678178961,78.30337662337664,87.5598901098901,534.8818181818182,603.2503924646782,16.63467532467532,6.655416012558869
31,14,2020-12-15 0:00,-0.5935064935064938,-5.29010989010989,1.0087012987012987,0.0,16.359740259740256,8.032967032967033,78.82727272727274,85.3543956043956,547.922077922078,658.1208791208792,15.33116883116883,4.342857142857143
31,15,2020-12-22 0:00,3.9640259740259745,-1.4926216640502354,0.8319999999999999,0.0,17.16051948051948,9.069780219780219,82.73818181818183,89.82339089481945,550.5831168831169,651.3084772370486,16.109220779220777,6.120565149136577
31,16,2020-12-29 0:00,-1.1959740259740261,-4.702511773940346,0.9212467532467531,0.0,16.279350649350647,9.097645211930926,82.8938961038961,90.9335164835165,558.7376623376623,673.539246467818,14.839480519480519,5.437912087912087
31,17,2021-01-05 0:00,-5.206753246753247,-8.971978021978021,0.9041168831168831,0.0,14.938571428571427,8.048822605965464,81.53337662337663,87.96671899529042,569.7831168831169,714.8524332810047,13.153116883116882,3.559968602825746
31,18,2021-01-12 0:00,2.651688311688312,-2.327315541601256,1.084987012987013,0.0,17.78844155844156,9.371350078492936,79.58324675324674,89.42252747252748,575.325974025974,684.6962323390895,15.991688311688316,6.742464678178964
31,19,2021-01-19 0:00,6.3635064935064936,2.1389324960753533,0.8647662337662337,0.0,18.38935064935065,10.096310832025116,80.75493506493505,91.80180533751961,609.4207792207792,673.5737833594976,15.922727272727274,8.54497645211931
31,20,2021-01-26 0:00,3.8187012987012987,-0.19862637362637386,0.8527142857142858,0.0,17.48922077922078,9.659654631083205,80.02506493506493,89.92539246467815,601.3974025974027,648.432103610675,15.096883116883118,7.845839874411303
31,21,2021-02-02 0:00,2.293506493506493,-1.6164835164835172,1.3023376623376621,0.0,19.607792207792208,9.413186813186813,73.72077922077922,88.6021978021978,596.1558441558442,620.1978021978022,16.25324675324675,7.665934065934065
31,22,2021-02-09 0:00,6.615692640692641,-0.07234432234432246,1.0612554112554113,0.0,18.058549783549783,9.35952380952381,68.6909090909091,88.78424908424908,574.8668831168832,636.7921245421246,16.701406926406925,7.765476190476192
31,23,2021-02-16 0:00,4.785606060606061,-1.7239926739926743,1.3327813852813855,0.0,19.22922077922078,9.677197802197801,70.93398268398268,88.18809523809524,556.8084415584416,602.9203296703297,17.39491341991342,7.5758241758241756
31,24,2021-02-23 0:00,7.352077922077923,2.4647959183673467,0.7387359307359309,0.0,18.444372294372297,10.394688644688642,80.54075757575757,89.44246467817895,512.0435064935065,620.0364992150706,16.490454545454543,8.441182626896913
31,25,2021-03-02 0:00,7.987987012987013,3.393131868131868,1.2326515151515152,0.0,20.608225108225106,10.401465201465202,74.09491341991341,90.38543956043956,511.23917748917756,577.1941391941392,18.88874458874459,9.35540293040293
31,26,2021-03-09 0:00,9.999542124542122,3.9467532467532473,1.3769322344322343,0.0,20.411630036630036,10.370887445887446,69.49560439560439,89.05054112554113,494.94963369963364,608.1331168831168,18.35906593406593,9.818290043290045
31,27,2021-03-16 0:00,9.8507326007326,4.778787878787878,1.408672161172161,0.0,20.683150183150186,10.352922077922077,69.68168498168497,88.93008658008658,494.4432234432234,592.5898268398269,18.334340659340658,10.22121212121212
31,28,2021-03-23 0:00,12.285714285714286,5.718181818181818,1.3827472527472526,0.0,20.89560439560439,10.545454545454545,72.83406593406593,90.11168831168833,502.70329670329676,590.7792207792207,18.778021978021975,10.796103896103896
31,29,2021-03-30 0:00,13.923076923076922,9.194805194805195,1.082087912087912,0.0,20.513186813186813,12.418181818181818,78.46813186813188,87.64285714285714,477.92307692307696,518.4935064935064,19.08901098901099,13.490909090909094
31,30,2021-04-06 0:00,13.42087912087912,6.172727272727272,1.6476923076923078,0.0,20.824175824175825,10.714285714285714,66.36373626373626,87.112987012987,484.80219780219784,581.1038961038961,18.576923076923077,11.162337662337661
31,31,2021-04-13 0:00,11.415384615384614,4.798701298701299,1.8439560439560443,0.0,20.758241758241756,9.775324675324677,67.11428571428571,91.0012987012987,469.2857142857143,560.9220779220778,17.506593406593407,10.680519480519479
31,32,2021-04-20 0:00,18.0585557299843,9.925064935064935,1.6453846153846154,0.0,22.5605180533752,12.008376623376623,62.64277864992151,85.48461038961038,470.87676609105176,548.22987012987,20.038147566718994,14.111753246753247
31,33,2021-04-27 0:00,14.695682888540032,8.833506493506494,1.6608869701726845,0.0,21.710047095761382,11.793376623376622,71.30957613814756,90.53896103896103,446.22605965463106,510.6623376623378,19.6585557299843,13.993116883116883
31,34,2021-05-04 0:00,16.087514390371535,9.479083694083695,1.3829037153322867,0.0,22.01866562009419,12.261580086580086,78.89385138670853,93.19671717171717,450.2678702250131,505.4286435786435,20.204960753532184,14.606103896103892
31,35,2021-05-11 0:00,19.52326530612245,15.655584415584416,0.9914515960230245,0.0,23.458487702773418,17.585194805194806,80.07828885400315,90.91385281385281,448.11355311355317,496.3269841269842,22.136023024594454,18.691313131313134
31,36,2021-05-18 0:00,19.206666666666667,13.183333333333334,1.5926666666666667,0.0,23.299999999999997,15.461111111111112,70.89333333333335,94.32222222222222,449.5,484.72222222222223,22.203333333333333,16.77777777777778
34,1,2020-09-16 0:00,20.584615384615386,16.023376623376624,1.0715384615384616,0.0,22.68681318681319,16.744155844155845,97.9252747252747,99.16363636363636,302.7142857142857,322.18181818181813,22.81758241758242,16.850649350649352
34,2,2020-09-23 0:00,21.02417582417582,15.201623376623376,1.411382783882784,0.0,23.835622710622715,15.724891774891775,97.93919413919414,99.20432900432901,310.34523809523813,337.89069264069263,24.060714285714287,15.805303030303028
34,3,2020-09-30 0:00,19.651823176823175,15.094388944388944,1.379057609057609,0.0,23.48618881118881,16.467282717282718,98.04821012321011,98.98293373293372,308.21237096237104,339.6727022977023,23.456818181818182,16.469014319014317
34,4,2020-10-07 0:00,18.576190476190476,11.857142857142858,1.5297619047619047,0.0,23.173809523809524,13.835714285714289,98.14880952380953,98.78333333333333,313.90476190476187,338.5833333333333,23.10714285714286,13.745238095238095
34,5,2020-10-14 0:00,15.283333333333331,8.242857142857144,1.2498809523809524,0.0,21.89642857142857,12.021428571428572,98.21309523809525,98.5904761904762,336.30952380952385,392.57142857142856,22.11785714285714,12.288095238095238
34,6,2020-10-21 0:00,14.294805194805193,8.742857142857144,1.2237662337662338,0.0,20.650649350649353,12.432967032967031,97.68051948051948,98.63956043956046,320.4935064935065,391.70329670329676,20.859740259740256,12.558241758241758
34,7,2020-10-28 0:00,13.881168831168832,7.216483516483517,1.0937662337662337,0.0,19.841558441558444,11.101098901098899,97.81558441558441,98.58791208791207,321.0129870129871,404.15384615384613,20.114935064935064,11.324175824175823
34,8,2020-11-04 0:00,11.528571428571427,4.969230769230769,1.1511688311688313,0.0,19.681818181818183,9.893406593406594,97.86753246753247,98.44945054945056,323.1818181818182,379.51648351648345,19.661038961038965,10.031868131868132
34,9,2020-11-11 0:00,14.599999999999998,6.160439560439561,1.152077922077922,0.0,21.400000000000002,9.476923076923077,98.42857142857143,98.26043956043955,331.2987012987013,376.26373626373623,21.355844155844157,9.704395604395604
34,10,2020-11-18 0:00,12.134545454545457,9.992072213500785,0.7592987012987013,0.0,17.996233766233765,12.052197802197801,97.98116883116883,98.10745682888542,276.83506493506496,293.03296703296706,18.14337662337662,12.135478806907377
34,11,2020-11-25 0:00,7.094805194805194,2.5769230769230775,0.9975324675324675,0.0,17.248051948051952,9.598901098901099,98.10909090909091,98.16593406593407,286.4025974025974,353.2747252747253,17.0974025974026,9.645054945054946
34,12,2020-12-02 0:00,5.153766233766234,-0.848430141287284,0.9634545454545455,0.0,18.273766233766235,9.263736263736265,98.30454545454545,97.75604395604397,288.5318181818182,368.10204081632645,18.052987012987014,9.307692307692308
34,13,2020-12-09 0:00,4.277922077922078,-0.7004709576138148,0.8766103896103896,0.0,16.802597402597403,9.017582417582416,98.02844155844157,98.03838304552589,283.2173160168831,345.44845630596546,16.531298701298702,9.266012558869702
34,14,2020-12-16 0:00,1.2363636363636363,-3.9868916797488216,0.9498441558441557,0.0,15.715064935064932,8.943171114599684,98.89181818181818,97.60164835164835,275.36594516493506,326.6091923957614,15.267142857142858,8.90989010989011
34,15,2020-12-23 0:00,5.228311688311689,0.18084772370486682,0.8272857142857141,0.0,16.698051948051948,9.052904238618522,98.40051948051949,97.69136577708007,349.065352504026,471.1599629966249,16.445714285714285,9.025745682888541
34,16,2020-12-30 0:00,-0.7692207792207792,-3.6976452119309267,0.9056753246753247,0.0,16.587012987012987,9.036577708006279,98.59207792207792,97.50470957613814,350.2675324675324,353.67032967032964,16.327922077922075,9.065149136577707
34,17,2021-01-06 0:00,-4.576363636363637,-8.507299843014128,0.9768961038961039,0.0,15.711558441558442,8.797174254317111,98.78142857142858,97.67645211930926,354.3519480519481,353.01883830455256,15.486103896103897,8.789795918367346
34,18,2021-01-13 0:00,3.6664935064935067,-0.8572213500784928,1.1155064935064933,0.0,17.673506493506498,9.006279434850864,98.65090909090908,97.70934065934067,352.1168831168831,363.12558869701735,18.258181818181818,9.261616954474098
34,19,2021-01-20 0:00,8.456493506493507,4.622605965463109,0.7244675324675326,0.0,17.219090909090912,9.931554160125588,98.04649350649352,98.13571428571429,372.28311688311686,401.23783359497645,17.761298701298703,10.191051805337521
34,20,2021-01-27 0:00,3.8854545454545457,0.15376766091051808,1.0167792207792208,0.0,17.96766233766234,9.466405023547882,98.57207792207791,97.55510204081632,344.20649350649353,357.85321821036104,17.96857142857143,9.455651491365776
34,21,2021-02-03 0:00,3.8163419913419916,-0.7994505494505494,1.2965584415584417,0.0,19.5991341991342,9.253113553113554,98.61677489177487,97.69981684981686,351.5205627705628,376.42582417582423,19.71212121212121,9.424908424908425
34,22,2021-02-10 0:00,7.622077922077923,1.278663003663004,1.0596320346320347,0.0,18.34404761904762,9.517399267399266,98.51201298701298,97.86666666666666,393.10714285714283,410.4606227106228,18.432251082251078,9.70467032967033
34,23,2021-02-17 0:00,6.146428571428572,-0.1892857142857145,1.3102380952380952,0.0,19.075,9.488095238095237,98.70833333333333,97.5095238095238,360.5476190476191,398.0476190476191,19.263095238095236,9.670238095238094
34,24,2021-02-24 0:00,8.649090909090908,4.246049188906332,0.7663549783549785,0.0,17.10521645021645,10.772435897435896,98.2645670995671,98.0582548403977,397.0051948051949,403.35282574568294,17.45331168831169,11.554722658294086
34,25,2021-03-03 0:00,9.652922077922076,4.854578754578754,1.239318181818182,0.0,19.174458874458875,10.887087912087916,98.32997835497837,98.2569597069597,384.64502164502164,406.02197802197804,19.28885281385281,11.72051282051282
34,26,2021-03-10 0:00,11.55915750915751,5.774458874458874,1.3906227106227107,0.0,19.791117216117215,10.725432900432901,98.23479853479853,98.24621212121212,365.4386446886447,371.6298701298701,20.180494505494504,11.678030303030301
34,27,2021-03-17 0:00,10.748443223443223,5.025865800865801,1.4289835164835163,0.0,19.27435897435897,10.2262987012987,98.09148351648352,98.3181818181818,362.8690476190476,397.3160173160173,19.964102564102568,11.157683982683983
34,28,2021-03-24 0:00,13.989010989010989,7.784415584415585,1.3687912087912086,0.0,20.151648351648355,10.285714285714286,98.25604395604397,98.39480519480519,352.49450549450546,365.7272727272727,20.47252747252747,11.110389610389612
34,29,2021-03-31 0:00,15.12967032967033,10.471428571428573,1.0954945054945056,0.0,19.68241758241758,12.054545454545453,98.2967032967033,98.52987012987012,335.2747252747253,315.5194805194805,20.08021978021978,12.568831168831169
34,30,2021-04-07 0:00,14.095604395604395,8.077922077922079,1.6024175824175824,0.0,20.358241758241757,10.846753246753249,98.40219780219779,98.37272727272729,345.48351648351644,337.3571428571428,21.086813186813192,11.681818181818183
34,31,2021-04-14 0:00,13.457142857142856,5.54077922077922,1.921679748822606,0.0,20.35620094191523,9.380519480519482,97.938147566719,98.6396103896104,318.7833594976452,379.0142857142857,20.875510204081632,9.586623376623377
34,32,2021-04-21 0:00,19.105651491365773,12.09194805194805,1.5238147566718996,0.0,22.012480376766092,11.977012987012987,98.38076923076923,98.61493506493507,292.82967032967036,298.22467532467533,23.114050235478803,12.098701298701299
34,33,2021-04-28 0:00,15.796824603995288,10.87376623377013,1.5370408163265306,0.0,20.855480234042385,11.813636363649351,98.08400884825745,98.78831168836362,277.47181389992153,301.26883116948056,22.05057799345369,11.989090909064933
34,34,2021-05-05 0:00,17.473197278911563,11.071746031746033,1.4376802721088437,0.0,20.850544217687077,11.244603174603174,98.32571428571428,98.54761904761905,284.37482993197284,295.16031746031746,21.499115646258506,11.305555555555555
34,35,2021-05-12 0:00,21.012705389848247,16.89093795093795,1.1023087388801673,0.0,23.549314495028778,17.183059163059163,98.2145892203035,99.08792207792207,286.92025117739405,307.09119769119764,23.99117739403454,17.24070707070707
34,36,2021-05-19 0:00,18.503015873015876,14.794074074074075,1.1655555555555555,0.0,21.372857142857143,15.227037037037036,98.20603174603177,98.90296296296295,285.62380952380954,302.062962962963,21.716349206349207,15.159259259259258
38,1,2020-09-15 0:00,20.397194472194467,17.888969363969363,1.1169821844821846,0.0,24.402039627039624,20.29551282051282,98.40357975357975,99.97802197802197,357.6310356310356,370.7371794871795,25.917638361627542,25.524237429248252
38,2,2020-09-22 0:00,19.98379120879121,15.20822510822511,1.3266758241758243,0.0,26.06758241758242,16.60021645021645,96.25302197802196,99.92597402597403,378.0641025641026,392.8041125541126,28.869688311730773,28.733820543041126
38,3,2020-09-29 0:00,19.553354978354978,14.745054945054948,1.3255844155844156,0.0,26.119588744588746,15.98653846153846,96.56655844155843,99.72261904761903,377.48051948051943,391.9624542124542,36.17694805190475,36.10577922083333
38,4,2020-10-06 0:00,18.359523809523807,12.29404761904762,1.4763095238095238,0.0,22.886904761904763,14.60714285714286,97.45238095238096,99.95476190476191,388.01190476190476,385.89285714285705,34.414682539761905,34.590079365
38,5,2020-10-13 0:00,16.087445887445888,9.977930402930403,1.1539285714285714,0.0,22.82878787878788,14.508241758241756,97.7081168831169,99.66062271062272,378.59199134199133,389.52197802197804,30.5,30.5
38,6,2020-10-20 0:00,14.663347763347762,9.003223443223442,1.163708513708514,0.0,23.31197691197691,15.415970695970696,67.37532467532468,89.99597069597068,400.1645021645022,442.3135531135531,30.5,30.5
38,7,2020-10-27 0:00,14.475324675324677,8.652119309262167,0.9912077922077922,0.0,21.946103896103896,15.825431711145995,60.95714285714286,85.83014128728415,418.46233766233763,475.77943485086337,27.607541043896106,27.937799680416017
38,8,2020-11-03 0:00,11.554545454545456,6.001098901098901,1.0537662337662337,0.0,22.1974025974026,14.557142857142859,60.25584415584415,85.69340659340659,421.8831168831169,473.79120879120876,28.52735849077922,28.454731494725277
38,9,2020-11-10 0:00,12.965714285714286,5.370015698587127,1.176025974025974,0.0,22.57,14.167660910518054,61.860389610389625,85.91295133437991,430.5922077922078,481.04552590266866,32.93152291084415,32.8628484049843
38,10,2020-11-17 0:00,12.86300144300144,11.413364730507586,0.5208773448773448,0.0,19.79399711399712,16.3476295133438,83.11666666666666,93.98861852433281,396.62943722943726,433.2042386185243,37.10483664132035,37.33532169253009
38,11,2020-11-24 0:00,7.575454545454546,4.616640502354789,0.810103896103896,0.0,18.495454545454546,12.86153846153846,69.79545454545453,89.94073783359498,403.2922077922079,446.28257456828885,38.98125231909091,39.001098901146
38,12,2020-12-01 0:00,5.5892207792207795,0.7861852433281005,0.8248441558441558,0.0,18.15,10.592229199372055,78.0274025974026,90.09372056514916,406.7116883116883,423.14442700156985,38.96096606948053,38.875367799890114
38,13,2020-12-08 0:00,4.880014430014431,0.4905756148613292,0.7023650793650794,0.0,16.300274170274168,10.293945578231291,83.71215007215007,92.02423338566197,403.5818181818182,445.46473050758766,39.12657483935642,39.13760239756672
38,14,2020-12-15 0:00,0.6750649350649353,-3.7005494505494503,0.8201428571428571,0.0,15.957012987012988,8.219230769230768,83.6194805194805,91.71899529042386,391.4311688311688,418.06828885400313,38.8062987012987,37.93029827315542
38,15,2020-12-22 0:00,5.129018759018758,0.15055468341182615,0.7276132756132757,0.0,16.868787878787874,9.675892203035062,85.8423520923521,93.25711669283098,402.10043290043285,449.14474097331237,38.333391053391054,37.21137624280482
38,16,2020-12-29 0:00,0.579090909090909,-2.581004709576138,0.752961038961039,0.0,14.50818181818182,8.427394034536892,87.48571428571428,94.00737833594977,374.80779220779226,411.5235478806907,37.93357142857143,36.578649921507065
38,17,2021-01-05 0:00,-3.251428571428572,-6.996153846153846,0.8242077922077922,0.0,13.58155844155844,6.892072213500785,87.81246753246754,93.76444270015699,381.6909090909091,431.657770800628,34.270667215909086,33.84614272511774
38,18,2021-01-12 0:00,3.776753246753247,-1.5419152276295136,0.8527012987012987,0.0,17.56948051948052,9.026452119309264,82.67389610389611,93.66287284144427,509.65844155844155,459.0886970172684,28.876441515207794,28.958647283320257
38,19,2021-01-19 0:00,6.612077922077923,2.434500261643119,0.7175007215007214,0.0,16.606046176046174,9.745798011512296,87.33883116883116,95.09383045525904,487.8601731601731,458.4867608581895,24.621416804115444,24.692725528321823
38,20,2021-01-26 0:00,4.324545454545455,0.42158555729984293,0.7596363636363634,0.0,16.60207792207792,10.013657770800625,87.70935064935065,94.57747252747252,544.203896103896,473.38147566719,20.357331136922078,20.432367797048666
38,21,2021-02-02 0:00,3.22012987012987,-0.6879120879120878,1.1120779220779222,0.0,19.72012987012987,10.18901098901099,83.55064935064935,93.79230769230769,477.2402597402597,449.19780219780216,23.73072879896103,23.087887949560436
38,22,2021-02-09 0:00,6.97987012987013,1.4502354788069074,0.9876753246753246,0.0,19.445844155844156,10.982967032967034,82.81311688311688,93.38869701726844,433.0389610389611,463.5015698587127,22.520637695675326,20.562722228916794
38,23,2021-02-16 0:00,5.7395021645021655,1.3040293040293043,1.1476623376623376,0.0,18.999025974025972,10.669139194139195,92.13474025974025,96.52994505494505,470.35930735930737,420.9478021978022,27.104456487932904,27.163579944212454
38,24,2021-02-23 0:00,8.421861471861472,4.745512820512821,0.7591341991341992,0.0,18.927164502164505,12.691025641025643,99.45465367965367,99.84697802197802,431.91450216450215,436.85805860805857,23.836600584166664,23.173589806822346
38,25,2021-03-02 0:00,8.065476190476192,3.8488095238095235,1.1829761904761906,0.0,19.75,12.767857142857142,99.21190476190476,99.82261904761903,374.89285714285717,424.63095238095235,22.900000000000002,22.900000000000002
38,26,2021-03-09 0:00,10.42591575091575,4.841774891774891,1.357051282051282,0.0,19.413553113553114,11.609848484848484,99.13452380952383,99.89134199134199,400.88461538461536,448.51515151515144,22.900000000000002,22.900000000000002
38,27,2021-03-16 0:00,10.107783882783883,5.440367965367966,1.4389835164835165,0.0,19.69789377289377,12.093722943722943,98.81538461538462,99.82997835497835,366.99816849816847,410.6331168831169,22.725,22.314285714285717
38,28,2021-03-23 0:00,12.692307692307692,7.312987012987013,1.3475824175824174,0.0,19.3,11.645454545454545,98.78351648351648,99.84285714285716,357.67032967032964,407.66233766233773,23.86829755307693,21.62422513038961
38,29,2021-03-30 0:00,13.313644688644688,9.577380952380953,1.0224999999999997,0.0,18.776556776556777,12.868614718614719,98.99184981684981,99.83701298701298,358.4734432234432,402.38852813852816,30.07086326043956,30.028844557532466
38,30,2021-04-06 0:00,13.754945054945058,7.687012987012986,1.657252747252747,0.0,19.567032967032965,10.903896103896104,99.34615384615384,99.80649350649351,366.07692307692315,398.63636363636357,30.4,30.400000000000002
38,31,2021-04-13 0:00,11.966640502354789,6.023896103896105,1.8072213500784926,0.0,18.719780219780215,9.49064935064935,98.95345368916799,99.84324675324676,353.2527472527472,360.0064935064934,30.4,30.400000000000002
38,32,2021-04-20 0:00,16.799764521193094,10.459090909090909,1.5680533751962324,0.0,20.35565149136578,12.452077922077919,99.24992150706437,99.48064935064936,358.6028257456829,376.5168831168831,30.4,30.400000000000002
38,33,2021-04-27 0:00,14.495839874411304,9.421818181818184,1.6022841444270015,0.0,19.87535321821036,11.597922077922078,98.80345368916798,99.9342857142857,350.13343799058083,351.4688311688312,30.4,30.400000000000002
38,34,2021-05-04 0:00,16.3294610151753,10.702135642135643,1.385995290423862,0.0,21.36514390371533,12.626796536796537,98.9370486656201,99.79987012987013,353.0497121925693,344.71529581529586,30.4,30.400000000000002
38,35,2021-05-11 0:00,18.876028257456827,15.992164502164501,0.9939785452642597,0.0,23.245724751439038,17.694660894660895,99.28566718995289,99.82650793650794,322.867616360832,313.87739947689755,30.4,30.400000000000002
38,36,2021-05-18 0:00,18.421111111111113,13.546666666666667,1.3818888888888887,0.0,23.309920634920633,15.456666666666665,99.31761904761906,99.73574074074075,334.5952380952381,299.5111111111111,30.399999999999988,30.400000000000002
49,1,2020-09-16 0:00,22.012362637362635,19.267099567099567,0.9963278388278389,0.0,16.4092445,16.4092445,78.22946090000003,78.22946090000003,703.3593394,703.3593394,17.275645410000006,17.275645410000006
49,2,2020-09-23 0:00,20.542665667665666,18.040900765900766,1.2697852147852147,0.0,16.4092445,16.4092445,78.22946090000003,78.22946090000003,703.3593394,703.3593394,17.275645410000006,17.275645410000006
49,3,2020-09-30 0:00,20.54069264069264,17.985347985347985,1.2942424242424244,0.0,16.4092445,16.4092445,78.22946090000003,78.22946090000003,703.3593394,703.3593394,17.275645410000006,17.275645410000006
49,4,2020-10-07 0:00,18.995238095238097,17.09404761904762,1.217380952380952,0.0,17.24720957142857,16.31982861904762,75.38834743809527,79.67049029523812,667.7246718666667,704.605624247619,18.03269606571429,17.401743684761907
49,5,2020-10-14 0:00,17.06547619047619,13.635714285714288,1.2053571428571428,0.0,21.104761904761908,14.06309523809524,58.92142857142857,89.78333333333333,488.7738095238096,741.3928571428571,20.673809523809524,16.695238095238093
49,6,2020-10-21 0:00,16.38214285714286,12.67948717948718,1.0809307359307359,0.0,21.442207792207792,13.84981684981685,59.16948051948051,88.98434065934065,501.9112554112554,729.4468864468864,20.235822510822512,16.678571428571427
49,7,2020-10-28 0:00,15.104199134199133,12.4929094714809,0.9231666666666667,0.0,20.394069264069262,12.787742019884876,64.02025974025973,91.32505232862376,548.824458874459,852.1246729461016,18.933593073593073,15.660544217687073
49,8,2020-11-04 0:00,13.996493506493508,9.912166405023546,1.1418311688311689,0.0,21.266493506493507,10.978885400313972,55.40103896103896,89.65518053375196,485.7948051948051,739.7433281004711,19.117272727272727,14.457849293563578
49,9,2020-11-11 0:00,15.947532467532469,11.619544740973312,0.9639480519480521,0.0,21.897532467532464,10.43414442700157,60.40480519480519,91.84379905808477,585.4168831168832,915.3712715855573,19.4374025974026,13.988383045525902
49,10,2020-11-18 0:00,13.691746031746032,11.301088435374151,0.7480476190476191,0.0,20.437142857142856,12.584489795918367,75.86809523809522,93.01544217687074,484.99682539682544,694.3925170068027,18.328730158730163,15.190748299319731
49,11,2020-11-25 0:00,8.344285714285714,5.186734693877552,0.9907142857142858,0.0,20.102857142857143,10.189795918367347,70.01,93.62448979591838,536.342857142857,820.6020408163266,17.34714285714286,13.29591836734694
49,12,2020-12-02 0:00,7.411428571428572,3.7459183673469387,0.993857142857143,0.0,20.681428571428572,9.986734693877551,70.25571428571429,93.5877551020408,597.0857142857142,922.8265306122449,17.075714285714287,13.171428571428569
49,13,2020-12-09 0:00,5.441746031746031,2.6039455782312926,0.9276349206349206,0.0,19.70730158730159,9.707006802721091,71.55111111111111,94.03210884353742,605.1000000000001,885.6251700680272,16.117142857142856,12.725510204081631
49,14,2020-12-16 0:00,2.557662337662338,-0.8983516483516484,1.025246753246753,0.0,20.282727272727275,8.787833594976451,71.8648051948052,94.37135007849294,570.1883116883117,847.9058084772371,16.21077922077922,11.90706436420722
49,15,2020-12-23 0:00,7.8612987012987015,4.2610675039246475,0.8461818181818181,0.0,20.145584415584416,10.397252747252749,77.25467532467532,95.34442700156985,639.0896103896104,958.2613814756672,16.982987012987014,13.318681318681318
49,16,2020-12-30 0:00,-0.038311688311688234,-2.311224489795919,0.9781558441558441,0.0,19.777922077922078,9.225353218210362,74.80467532467533,94.54717425431713,601.2428571428571,909.3806907378337,17.37285714285714,12.446624803767662
49,17,2021-01-06 0:00,-3.197402597402597,-6.2043956043956054,0.9977922077922076,0.0,19.522077922077923,8.65054945054945,74.3103896103896,92.3,608.5194805194805,916.6043956043957,17.15974025974026,11.803296703296706
49,18,2021-01-13 0:00,4.986623376623378,1.5032182103610676,0.9991038961038959,0.0,21.864935064935064,10.45392464678179,73.81844155844156,94.4199372056515,655.1506493506494,999.802982731554,18.078701298701297,13.729277864992152
49,19,2021-01-20 0:00,8.825844155844157,6.980601779173209,0.545089466089466,0.0,18.933116883116885,11.837132391418105,83.83190476190475,95.64239141810572,698.9380952380953,1018.7410256410255,16.527330447330446,14.07378859236002
49,20,2021-01-27 0:00,5.177532467532468,2.3218210361067504,1.0896623376623376,0.0,21.5325974025974,10.98226059654631,70.85051948051948,94.17919937205652,593.0987012987013,907.5117739403452,18.47714285714286,13.960910518053376
49,21,2021-02-03 0:00,5.992207792207792,2.19010989010989,1.2720779220779221,0.0,22.253246753246753,10.887912087912087,64.5935064935065,93.79670329670331,609.1168831168832,924.7802197802199,19.474025974025977,14.554945054945057
49,22,2021-02-10 0:00,9.379220779220779,5.425274725274725,1.1542857142857144,0.0,21.62987012987013,11.8010989010989,64.6805194805195,93.06593406593406,647.1298701298701,956.5714285714286,20.04935064935065,15.145054945054946
49,23,2021-02-17 0:00,8.446753246753248,4.345054945054946,1.4585714285714289,0.0,21.272727272727277,11.573626373626373,54.441558441558435,89.75934065934065,560.5064935064935,819.1648351648352,21.6,14.906593406593405
49,24,2021-02-24 0:00,8.45935064935065,6.408006279434851,0.7000411255411255,0.0,18.926796536796537,11.90351909994767,77.1826406926407,92.72717163788592,568.2365800865801,824.0681580324436,17.94274891774892,14.411080586080585
49,25,2021-03-03 0:00,8.792294372294371,6.209052851909994,1.0316645021645023,0.0,21.435389610389613,12.020486656200944,69.85974025974026,93.67323390894819,550.2924242424242,820.821297749869,20.420194805194804,14.875274725274725
49,26,2021-03-10 0:00,12.581934731934732,9.46117216117216,1.166844821844822,0.0,20.92116217116217,12.361854811854812,61.11187978687979,88.32907925407926,630.8777888777889,847.8137695637696,20.618689643689642,15.810298035298034
49,27,2021-03-17 0:00,11.734249084249084,9.322294372294374,1.1394322344322345,0.0,21.207509157509158,13.336904761904764,62.87014652014653,90.1361471861472,567.0998168498169,806.8874458874458,20.767307692307693,16.42662337662338
49,28,2021-03-24 0:00,16.06446886446886,13.273809523809522,1.378690476190476,0.0,22.744505494505493,14.737770562770562,50.36712454212454,89.3814935064935,565.908424908425,836.1385281385282,22.591666666666665,18.025974025974026
49,29,2021-03-31 0:00,13.454029304029305,10.629004329004328,1.170540293040293,0.0,20.83150183150183,13.529870129870131,65.77509157509158,90.76222943722944,548.808608058608,801.0324675324674,20.245970695970698,16.5219696969697
49,30,2021-04-07 0:00,14.069963369963371,11.231060606060607,1.4327838827838828,0.0,21.58168498168498,13.532359307359306,61.86483516483516,90.07045454545455,488.7783882783883,790.7175324675325,21.049358974358974,16.77608225108225
49,31,2021-04-14 0:00,16.03877551020408,11.866753246753248,1.6792150706436417,0.0,22.92747252747253,14.643636363636363,44.82951334379906,88.94025974025975,515.6122448979592,825.9831168831168,22.353375196232342,18.09324675324675
49,32,2021-04-21 0:00,15.839246467817896,13.297532467532468,1.5930926216640502,0.0,22.09387755102041,14.183116883116881,54.8002354788069,80.70584415584415,550.2527472527473,725.3363636363637,21.654081632653057,17.559220779220777
49,33,2021-04-28 0:00,17.392019884877026,14.327878787878788,1.4569335426478283,0.0,21.14731972789116,14.92381385281385,54.98444427001569,77.97169264069264,490.8525641025641,616.4792207792208,21.289041862899005,17.800813852813853
49,34,2021-05-05 0:00,19.2381684981685,16.39578643578644,1.496688121402407,0.0,22.805688121402405,16.02991341991342,50.195018315018324,69.2075468975469,489.12166405023544,572.8132756132756,22.594945054945054,18.94181818181818
49,35,2021-05-12 0:00,16.731125065410776,15.525108225108227,0.9390162218733649,0.0,21.295112506541077,16.09481962481962,76.17850863422292,90.33096681096681,554.6315541601256,629.615873015873,21.069382522239664,18.17670995670996
49,36,2021-05-19 0:00,20.47142857142857,18.061666666666667,1.0978571428571429,0.0,24.075,16.85833333333333,65.31904761904762,84.42833333333333,548.6428571428571,641.8166666666666,23.366666666666667,20.445
52,1,2020-06-04 0:00,28.434155844155843,20.536813186813188,0.019458831168831143,0.0,30.34883116883117,22.834144427001572,87.85025974025974,97.9419152276295,407.57272727272726,448.4183673469388,26.277792207792206,23.19929356357927
52,2,2020-06-11 0:00,27.21233766233766,21.830141287284146,0.01562389610389607,0.0,31.68207792207792,23.872605965463112,71.0412987012987,93.90824175824176,397.23376623376623,434.26452119309255,28.406103896103897,24.35298273155416
52,3,2020-06-18 0:00,25.345454545454544,19.814285714285713,0.01638571428571423,0.0,29.293506493506495,21.82857142857143,79.84025974025974,95.12197802197802,368.5324675324676,428.10989010989016,27.031168831168827,23.14615384615385
52,4,2020-06-25 0:00,26.27142857142857,21.587912087912088,0.013420779220779186,0.0,30.16103896103896,23.01098901098901,80.82077922077922,93.67582417582416,361.32467532467535,382.38461538461536,28.901298701298707,24.173626373626373
52,5,2020-07-02 0:00,24.936103896103898,20.454788069073782,0.012012727272727244,0.0,28.02883116883117,22.051805337519625,84.27623376623377,94.0521978021978,350.72467532467533,378.98430141287287,26.758181818181818,22.8021978021978
52,6,2020-07-09 0:00,22.882727272727273,20.81985871271586,0.008646623376623344,0.0,26.163246753246757,22.282888540031397,89.4474025974026,95.98618524332811,346.7194805194805,369.62323390894824,25.75233766233766,23.17967032967033
52,7,2020-07-16 0:00,25.733766233766232,22.142857142857142,0.013876623376623331,0.0,29.741558441558443,23.340659340659347,85.5987012987013,95.77802197802198,354.7402597402597,372.8791208791209,28.02857142857143,24.357142857142854
52,8,2020-07-23 0:00,23.79064935064935,21.838697017268448,0.006321428571428542,0.0,27.07298701298702,23.264913657770798,92.53545454545453,97.67880690737834,353.1948051948052,380.16248037676615,25.892597402597403,23.67660910518053
52,9,2020-07-30 0:00,28.145454545454545,24.971428571428568,0.011107792207792158,0.0,31.787012987012986,25.89010989010989,87.08831168831169,96.43076923076923,364.1948051948052,401.021978021978,29.57272727272727,26.26923076923077
52,10,2020-08-06 0:00,26.552857142857146,25.1563579277865,0.006201948051948014,0.0,28.81805194805194,25.884615384615383,93.3690909090909,97.62912087912089,361.0064935064935,376.65463108320256,27.711818181818185,25.923233908948195
52,11,2020-08-13 0:00,32.167142857142856,25.29591836734694,0.021455324675324645,0.0,35.71305194805195,26.354709576138145,82.43155844155845,96.76232339089482,374.0051948051948,434.88461538461536,31.615454545454547,27.322684458398736
52,12,2020-08-20 0:00,30.321024531024534,24.81694924123496,0.01649656565656563,0.0,33.97416546411255,25.88043607189639,83.7391774891775,96.50343799058085,372.5378066378067,429.00978545264263,30.234314574314574,26.84922553636839
52,13,2020-08-27 0:00,27.786118326118327,24.859220303506017,0.010630404040404,0.0,30.642265512265517,25.879806384092095,82.54784992784992,96.93337519623235,355.53333333333336,417.35677655677654,28.96477633477633,26.51686551543694
52,14,2020-09-03 0:00,24.481428571428573,20.359183673469392,0.011602857142857073,0.0,27.832857142857144,21.521428571428572,76.35714285714286,96.64795918367346,348.45714285714286,404.9081632653061,25.279999999999998,22.6234693877551
52,15,2020-09-10 0:00,23.80079365079365,19.921904761904763,0.011064603174603142,0.0,27.16285714285715,21.305374149659862,77.09333333333333,96.56639455782314,348.98253968253965,403.72993197278913,24.6568253968254,22.34265306122449
52,16,2020-09-17 0:00,21.57,15.179591836734696,0.01277571428571427,0.0,24.81142857142857,17.011224489795918,71.61285714285715,96.09795918367347,345.11428571428576,374.02040816326524,22.22142857142857,18.931632653061225
52,17,2020-09-24 0:00,22.60174603174603,14.805374149659864,0.016563650793650745,0.0,27.64634920634921,16.52374149659864,63.30317460317461,95.23081632653063,348.4936507936508,373.2040816326531,23.92031746031746,19.332925170068027
52,18,2020-10-01 0:00,21.406825396825393,15.406122448979591,0.015520476190476144,0.0,26.625873015873015,16.998163265306122,64.64460317460318,92.86877551020409,353.9682539682539,365.1874149659865,22.781269841269843,19.22965986394558
52,19,2020-10-08 0:00,20.377777777777776,14.02190476190476,0.015238095238095188,0.0,28.06349206349206,16.649523809523807,62.41428571428571,94.07523809523809,359.6507936507936,415.70476190476194,24.48253968253968,19.35904761904762
52,20,2020-10-15 0:00,18.331746031746036,8.927619047619048,0.013587301587301526,0.0,26.176190476190477,13.543809523809525,68.15079365079366,94.73809523809526,368.1904761904762,457.31428571428575,23.066666666666666,17.294285714285717
52,21,2020-10-22 0:00,17.48253968253968,10.12095238095238,0.015130158730158657,0.0,27.122222222222224,13.553333333333333,71.2984126984127,95.91428571428574,384.0793650793651,463.3809523809524,23.571428571428573,17.513333333333332
52,22,2020-10-29 0:00,14.32222222222222,6.9920238095238085,0.013179365079365042,0.0,24.068253968253966,11.749940476190474,76.55535714285715,95.77386904761906,479.6398809523809,480.8184523809524,21.346031746031745,15.753154761904762
52,23,2020-11-05 0:00,14.401587301587302,5.766666666666667,0.012726984126984071,0.0,21.93650793650793,11.119047619047622,83.41746031746031,95.36190476190474,484.3492063492063,563.1142857142858,19.638095238095236,14.917142857142858
52,24,2020-11-12 0:00,17.24642857142857,7.214107142857143,0.01083452380952377,0.0,20.697023809523806,12.483511904761906,84.69543650793652,95.62931547619048,379.41666666666663,530.3261904761905,19.06111111111111,15.72610119047619
52,25,2020-11-19 0:00,12.542857142857143,7.68297619047619,0.008950595238095214,0.0,17.96111111111111,11.974583333333332,89.3765873015873,96.07964285714287,373.7718253968254,417.4523809523809,17.565873015873017,14.826071428571426
52,26,2020-11-26 0:00,8.720436507936508,2.980595238095238,0.010573015873015843,0.0,18.548015873015874,10.744583333333333,92.3809523809524,96.975,439.46428571428567,479.9029761904762,17.41626984126984,14.112023809523809
52,27,2020-12-03 0:00,7.647619047619047,1.4196768707482992,0.012380357142857115,0.0,18.15575396825397,10.13988095238095,83.58412698412698,95.04625850340135,538.6924603174604,533.3025510204081,16.337896825396825,13.524175170068029
52,28,2020-12-10 0:00,5.116269841269842,-0.27738095238095273,0.010597817460317413,0.0,17.351190476190478,9.573809523809524,73.30992063492063,91.50124999999998,545.7372448984127,616.8231292438096,16.347222222222225,12.960595238095237
52,29,2020-12-17 0:00,4.182539682539682,-2.678095238095238,0.009863492063492015,0.0,17.455555555555552,9.349523809523811,75.11587301587302,91.24761904761905,535.3277777777777,675.7985714314285,17.97936507936508,13.37142857142857
52,30,2020-12-24 0:00,5.798214285714286,-0.4120238095238097,0.00877837301587297,0.0,18.376190476190477,10.529583333333333,75.8609126984127,94.00369047619049,601.9642857142857,636.9190476190477,19.2515873015873,14.70767857142857
52,31,2020-12-31 0:00,2.3936507936507936,-3.0990476190476186,0.0106349206349206,0.0,18.97142857142857,9.639047619047618,75.5904761904762,92.38571428571429,636.015873015873,655.4285714285714,19.374603174603173,14.147619047619049
52,32,2021-01-07 0:00,-0.5634920634920633,-6.950476190476192,0.011553968253968216,0.0,18.676190476190474,9.199047619047619,75.87142857142858,88.37047619047618,756.2128684761905,959.2103741523808,19.038095238095234,13.380952380952381
52,33,2021-01-14 0:00,5.114285714285714,-1.9123809523809523,0.012052380952380901,0.0,19.995238095238097,10.528571428571428,80.97777777777777,93.02761904761904,628.8455026507936,894.9831745971429,19.800000000000004,15.097142857142856
52,34,2021-01-21 0:00,9.760317460317461,4.77047619047619,0.007476190476190428,0.0,19.084126984126982,12.566666666666666,82.3063492063492,96.12285714285714,842.1170635031747,1059.2583333209525,19.71904761904762,16.281904761904762
52,35,2021-01-28 0:00,4.787301587301586,-0.6866666666666663,0.012655555555555514,0.0,21.309523809523807,11.12857142857143,70.87460317460318,92.02,575.7749433063492,753.75884354,20.84920634920635,16.74095238095238
52,36,2021-02-04 0:00,8.05079365079365,-0.3171428571428571,0.015704761904761857,0.0,21.728571428571424,11.200000000000001,60.844444444444434,92.66,479.3701058206349,829.6017460285714,20.83650793650794,16.95047619047619
52,37,2021-02-11 0:00,8.42063492063492,1.228095238095238,0.0130196825396825,0.0,20.54365079365079,11.725646258503401,67.14174603174602,95.28986394557823,496.2492063492063,708.8802721088435,19.90968253968254,16.50108843537415
52,38,2021-02-18 0:00,11.824126984126982,1.409591836734694,0.015658412698412675,0.0,21.53888888888889,11.299863945578233,71.22571428571428,94.6673469387755,450.47936507936504,637.4765306122448,21.638730158730162,16.751156462585033
52,39,2021-02-25 0:00,9.257619047619047,4.631360544217687,0.010159365079365027,0.0,17.60222222222222,12.184081632653061,74.64984126984127,93.15108843537415,458.1047619090476,767.2017006836734,19.642380952380954,16.16795918367347
52,40,2021-03-04 0:00,11.837142857142856,5.428571428571429,0.014077142857142828,0.0,19.935714285714287,12.59183673469388,64.74714285714285,93.80816326530612,432.4428571428571,696.265306122449,20.891428571428573,16.832653061224487
52,41,2021-03-11 0:00,14.587142857142856,6.906122448979592,0.01513,0.0,19.837142857142855,11.716326530612246,56.625714285714295,90.2357142857143,363.3285714285715,519.0816326530613,19.65285714285714,15.716326530612244
52,42,2021-03-18 0:00,13.405714285714286,6.717346938775512,0.015367142857142843,0.0,19.71142857142857,11.87142857142857,56.93142857142857,87.35918367346937,352.2142857142857,404.265306122449,19.958571428571428,16.120408163265303
52,43,2021-03-25 0:00,17.678571428571427,9.010680272108843,0.015718412698412672,0.0,21.575555555555557,12.250272108843538,55.14222222222222,90.7799319727891,354.2809523809524,405.97755102040816,20.038412698412703,16.070748299319728
52,44,2021-04-01 0:00,16.622857142857143,11.027551020408163,0.01594714285714283,0.0,20.805714285714284,12.613265306122447,60.46714285714286,83.50204081632651,345.9285714285715,340.6734693877552,19.474285714285713,15.961224489795919
52,45,2021-04-08 0:00,15.862857142857143,8.325510204081633,0.01903571428571426,0.0,20.834285714285716,10.51530612244898,58.12285714285715,86.33061224489795,347.4428571428571,330.6326530612245,18.845714285714283,14.756122448979594
52,46,2021-04-15 0:00,18.83857142857143,9.000627943485087,0.01991571428571427,0.0,23.664805194805194,11.865227629513342,91.03168831168831,94.91145996860281,363.2519480519481,410.5549450549451,20.463896103896104,16.324018838304557
52,47,2021-04-22 0:00,20.305714285714284,12.260204081632653,0.017887142857142845,0.0,23.99,13.052040816326528,51.952857142857134,80.95918367346938,357.5142857142858,339.3367346938776,20.527142857142856,16.93979591836735
52,48,2021-04-29 0:00,18.162857142857145,11.916954474097329,0.01784701298701297,0.0,22.309220779220784,13.26177394034537,54.707792207792195,83.99835164835164,349.9051948051948,323.97174254317105,20.044285714285714,16.736891679748823
52,49,2021-05-06 0:00,19.873376623376625,11.901805337519624,0.016460909090909043,0.0,23.139610389610393,13.208084772370485,58.24376623376623,83.85478806907379,351.66363636363633,340.3673469387755,20.36974025974026,16.597566718995292
52,50,2021-05-13 0:00,22.826623376623377,17.734615384615385,0.0137902597402597,0.0,25.444675324675323,18.525745682888537,78.78272727272726,94.57511773940344,361.8727272727273,378.9544740973312,22.810389610389613,20.58492935635793
52,51,2021-05-20 0:00,21.86883116883117,15.565494505494508,0.015546103896103858,0.0,25.25194805194806,16.67032967032967,59.843506493506496,88.33571428571429,359.89610389610385,372.29230769230765,21.892207792207792,19.65087912087912
