id,date,temp_ex_max,temp_ex_min,temp_ex_mean,s_am_max,s_am_min,s_am_mean,temp_int_max,temp_int_min,temp_int_mean,hum_int_max,hum_int_min,hum_int_mean,CO2_max,CO2_min,CO2_mean,st_max,st_min,st_mean
11,2020.9.15 0:00,29.2,9.9,20.001785714285713,3.11,0.01,0.629166666666667,29.7,14.1,21.64702380952381,100.0,26.0,71.60714285714286,841.0,449.0,517.0357142857143,15.83184067,15.83184067,15.831840670000016
11,2020.9.22 0:00,27.8,12.4,19.422619047619055,2.87,0.01,0.7449404761904767,39.5,16.4,22.778345293154764,92.0,8.0,56.9375,1342.0,428.0,514.0535714285714,15.83184067,15.83184067,15.831840670000016
11,2020.9.29 0:00,28.2,5.9,18.129761904761914,2.77,0.01,0.5600595238095238,25.38706697,22.34018476,23.863625866071427,99.0,3.0,62.595238095238095,1234.0,424.0,558.3779761904761,15.83184067,15.83184067,15.831840670000016
11,2020.10.6 0:00,24.5,6.0,16.57678571428571,2.74,0.01,0.643095238095238,22.32193995,19.27505774,20.798498845238086,93.0,13.0,53.648809523809526,1378.0,425.0,530.2946428571429,15.83184067,15.83184067,15.831840670000016
11,2020.10.13 0:00,22.7,1.9,10.822023809505945,2.55,0.03,0.5198809523809524,28.8,10.8,17.56637523363095,88.0,14.0,58.42857142857143,1324.0,427.0,569.0714285714286,15.83184067,15.83184067,15.831840670000016
11,2020.10.20 0:00,23.2,0.0,10.717857142857138,2.53,0.01,0.530952380952381,28.1,10.8,16.247619047619043,97.0,16.0,61.31547619047619,1321.0,408.0,607.4970238095239,15.83184067,15.83184067,15.831840670000016
11,2020.10.27 0:00,22.2,-0.1,11.139285714285714,2.32,0.02,0.49017857142857146,25.8,12.3,17.241666666666664,98.0,17.0,65.07142857142857,1316.0,376.0,611.6458333333334,15.83184067,15.83184067,15.831840670000016
11,2020.11.3 0:00,20.4,-3.5,7.804761904761904,2.38,0.01,0.46946428571428556,26.1,9.1,16.491071428571427,100.0,21.0,66.3452380952381,1399.0,287.0,577.6904761904761,22.5,15.5,15.963873963452397
11,2020.11.10 0:00,20.5,-1.2,8.435714285714283,2.26,0.01,0.45863095238095264,27.5,9.7,16.18154761904762,90.0,19.0,65.32142857142857,1351.0,380.0,605.0208333333334,20.3,12.8,16.453571428571426
11,2020.11.17 0:00,21.3,-0.4,10.729166666666671,2.02,0.02,0.1988690476190477,24.4,11.6,16.547619047619055,100.0,29.0,89.18452380952381,1379.0,315.0,602.8184523809524,22.2,15.8,18.114880952380958
11,2020.11.24 0:00,13.8,-3.0,3.9994047619047612,1.96,0.01,0.3529761904761905,25.0,10.1,15.286904761904761,97.0,23.0,78.38095238095238,1392.0,280.0,686.0446428553571,22.5,15.0,18.013095238095236
11,2020.12.1 0:00,10.7,-6.5,1.6035714285714295,1.95,0.01,0.34267857142857144,25.8,9.4,14.189285714285715,96.0,29.0,78.38690476190476,1389.0,281.0,724.8125,21.4,14.9,17.894047619047626
11,2020.12.8 0:00,11.8,-8.5,1.8184523809523814,1.93,0.01,0.33958333333333335,26.2,8.4,14.147023809523803,99.0,13.0,77.89880952380952,1393.0,235.0,827.6190476214285,20.9,15.0,17.524404761904766
11,2020.12.15 0:00,4.6,-11.0,-3.644642857142858,1.97,0.01,0.38327380952380946,24.2,5.2,12.525595238095233,100.0,33.0,83.44642857142857,1397.0,295.0,858.5946428571428,20.2,15.0,17.539880952380948
11,2020.12.22 0:00,15.2,-6.8,0.9821428571428568,1.76,0.01,0.32785714285714296,27.7,6.4,13.424404761904771,100.0,61.0,92.08333333333333,1398.0,368.0,890.0988095273811,21.4,15.3,17.458928571428583
11,2020.12.29 0:00,7.1,-13.4,-4.187499999999998,1.88,0.01,0.25029761904761905,24.9,8.3,12.030952380952384,100.0,67.0,92.01190476190476,1391.0,633.0,931.0714285720238,19.9,14.8,17.276190476190475
11,2021.1.5 0:00,1.0,-21.3,-8.755952380952383,2.53,0.01,0.3973809523809525,21.2,3.6,10.136904761904761,100.0,66.0,88.60119047619048,1361.0,630.0,984.0330513767857,18.9,11.5,15.940476190476184
11,2021.1.12 0:00,12.5,-8.9,-0.0095238095238099,2.08,0.01,0.36964285714285705,25.9,6.1,11.854166666666657,100.0,63.0,92.55357142857143,1309.0,584.0,865.4580200505952,18.6,11.3,13.52797619047619
11,2021.1.19 0:00,15.5,-11.6,4.2749999999999995,2.0,0.01,0.34934523809523815,28.7,6.3,13.802976190476194,100.0,59.0,92.64880952380952,1355.0,433.0,837.8035714291667,20.5,11.5,14.79047619047619
11,2021.1.26 0:00,12.1,-9.1,1.6523809523809525,2.21,0.01,0.34613095238095243,27.1,6.2,12.088690476190473,100.0,61.0,93.96428571428571,1327.0,418.0,890.0446428583333,19.5,11.2,13.836904761904764
11,2021.2.2 0:00,12.1,-9.7,0.5922619047619045,2.45,0.01,0.5258928571428572,26.6,6.7,13.289285714285716,100.0,59.0,90.7202380952381,1358.0,452.0,835.9702380916666,19.9,11.5,14.474404761904758
11,2021.2.9 0:00,18.8,-8.9,3.7113095238095237,2.55,0.01,0.49440476190476185,28.2,6.3,14.51428571428572,100.0,28.0,90.30952380952381,1378.0,380.0,739.6458333333334,19.6,11.5,14.984523809523813
11,2021.2.16 0:00,21.2,-8.8,1.8690476190476193,2.49,0.01,0.5800000000000001,27.4,5.8,13.541666666666675,100.0,29.0,86.08928571428571,1394.0,333.0,830.7678571428571,19.3,11.5,14.430952380952379
11,2021.2.23 0:00,15.2,-4.7,5.795976190476189,2.67,0.01,0.4466666666666666,26.1,7.8,13.907738095238095,100.0,39.0,90.32142857142857,1383.0,336.0,718.1934523827381,19.4,11.9,14.754761904761908
11,2021.3.2 0:00,19.1,-2.3,6.581404761904764,2.85,0.01,0.5339285714285714,25.6,7.3,14.284523809523805,100.0,30.0,88.75595238095238,1360.0,338.0,638.2708333315476,18.5,11.8,14.810714285714285
11,2021.3.9 0:00,20.2,-1.6,8.583928571428574,2.81,0.01,0.6040476190476194,31.8,7.8,14.049404761904762,100.0,23.0,82.68452380952381,1346.0,391.0,649.8809523809524,18.3,11.9,14.546428571428573
11,2021.3.16 0:00,21.3,-2.3,9.258928571428575,3.18,0.01,0.70375,27.4,8.4,14.32321428571429,100.0,22.0,78.69642857142857,1388.0,313.0,571.3065476208334,18.3,11.7,14.63333333333333
11,2021.3.23 0:00,24.3,-1.1,10.247023809523812,3.13,0.01,0.6138095238095238,28.7,8.8,14.860714285714288,100.0,22.0,82.55952380952381,1392.0,312.0,607.8660714285714,19.7,11.9,15.048809523809522
11,2021.3.30 0:00,25.5,1.6,13.72678571428572,3.35,0.02,0.680119047619048,27.9,6.6,15.966071428571437,100.0,19.0,73.00595238095238,1380.0,372.0,570.3779761904761,19.7,12.4,16.067857142857132
11,2021.4.6 0:00,24.6,0.8,12.621587301607143,3.33,0.01,0.8664285714285711,29.5,7.7,16.082738095238092,100.0,22.0,74.04761904761905,1397.0,269.0,589.1488095238095,19.6,13.1,15.861309523809522
11,2021.4.13 0:00,21.6,0.2,10.2510317460119,3.46,0.02,0.9105357142857141,26.9,7.7,14.625000000000005,100.0,24.0,76.55357142857143,1372.0,388.0,576.4880952380952,18.8,11.6,14.71964285714285
11,2021.4.20 0:00,29.9,3.4,17.858928571428585,3.34,0.01,0.7828571428571431,30.9,6.1,19.354166666666657,100.0,19.0,57.970238095238095,1361.0,427.0,540.8422619047619,20.5,11.7,17.128571428571426
16,2020.9.10 0:00,7.576641128,7.576641128,7.576641127999983,3.06,0.01,0.5484523809523811,17.4664374,17.4664374,17.466437399999943,91.9324569,91.9324569,91.93245690000002,558.974926,558.974926,558.9749259999994,16.66724708,16.66724708,16.66724707999996
16,2020.9.17 0:00,24.9,7.576641128,8.776801986380944,3.11,0.01,0.6805357142857142,30.7,17.4664374,18.135305711904714,96.0,91.9324569,92.16963311071432,558.974926,425.0,550.3936821666664,31.5,16.66724708,17.35271458523806
16,2020.9.24 0:00,27.9,10.1,19.09642857142857,2.87,0.01,0.7219642857142858,33.4,15.6,22.850595238095234,97.2,89.4,94.17321428571427,597.0,411.0,478.25,36.6,14.2,22.51488095238095
16,2020.10.1 0:00,24.6,5.1,18.747344187619046,2.77,0.01,0.6066666666666669,31.5,12.1,23.27859593839286,97.2,90.0,93.41144082636906,637.0,413.0,494.53774509821426,31.3,10.9,22.88395833333334
16,2020.10.8 0:00,19.82294118,16.43382353,18.128382352976196,2.74,0.01,0.569047619047619,25.02470588,23.94411765,24.484411764702383,91.73235294,89.52205882,90.6272058823214,477.9411765,472.0470588,474.9941176470238,25.33,22.825,24.077500000000004
16,2020.10.15 0:00,23.0,4.7,14.140642507023808,2.55,0.01,0.49125,29.4,16.2,22.687587535000013,94.4,57.4,86.58546043416668,645.0,465.0,502.61099439761904,33.1,14.6,21.33407738095238
16,2020.10.22 0:00,22.4,-0.5,9.821428571398812,2.53,0.03,0.5804761904761909,33.1,11.8,20.5970238095238,93.7,66.3,84.51964285714284,1300.0,413.0,602.1309523809524,34.7,10.6,20.170833333333345
16,2020.10.29 0:00,20.0,-2.9,8.300000000000002,2.34,0.02,0.48523809523809547,33.6,13.8,20.41607142857143,95.0,80.0,88.90178571428571,720.0,417.0,556.547619047619,34.3,12.6,19.743452380952377
16,2020.11.5 0:00,20.3,-3.3,7.815178571428573,2.38,0.01,0.477797619047619,28.3,13.1,19.11547619047619,95.7,81.6,90.51488095238095,1338.0,402.0,620.9285714285714,29.3,12.5,18.434226190476192
16,2020.11.12 0:00,21.9,-0.8,10.280059523809527,2.12,0.01,0.34452380952380934,26.5,13.4,18.289880952380944,96.3,84.1,91.43154761904756,1357.0,426.0,630.1160714285714,27.7,11.9,17.469940476190473
16,2020.11.19 0:00,21.0,-2.5,7.280952380952378,2.02,0.02,0.26440476190476186,24.7,11.0,16.264285714285705,96.3,82.1,91.5964285714286,1383.0,353.0,527.3005952380952,25.2,9.7,15.305357142857142
16,2020.11.26 0:00,13.3,-6.0,2.7714285714285714,1.96,0.01,0.3689880952380952,25.0,9.5,15.362499999999995,95.3,83.8,91.18690476190474,1371.0,319.0,607.4821428589286,28.0,8.5,14.614880952380961
16,2020.12.3 0:00,9.6,-7.5,0.5458333333333335,1.95,0.01,0.3342261904761904,26.5,10.9,14.838095238095237,96.4,85.1,91.85565476190474,1396.0,348.0,642.3571428571429,28.7,9.6,14.098214285714283
16,2020.12.10 0:00,11.1,-11.6,-0.39642857142857385,1.93,0.05,0.3329761904761904,26.8,10.1,15.00238095238095,95.9,87.0,91.83988095238098,1344.0,338.0,624.9702380988097,27.6,9.4,14.436011904761907
16,2020.12.17 0:00,8.9,-11.2,-2.250000000000001,1.97,0.01,0.3602380952380952,25.4,9.4,13.745833333333332,97.0,87.7,92.72499999999998,1395.0,327.0,691.2916666666666,28.4,8.7,12.954166666666671
16,2020.12.24 0:00,13.5,-9.0,-0.23452380952380955,1.71,0.01,0.2846428571428574,26.1,9.3,13.59464285714286,96.8,87.7,92.87559523809534,1387.0,337.0,736.5922619071429,28.3,8.1,12.660714285714286
16,2020.12.31 0:00,3.3,-14.8,-5.373214285714286,1.89,0.01,0.3244642857142857,24.9,8.3,12.476190476190476,96.3,86.5,91.85773809523809,1387.0,326.0,578.5535714285714,26.8,7.1,11.508333333333331
16,2021.1.7 0:00,9.6,-20.5,-8.0470238095,2.53,0.01,0.3874404761904762,25.8,8.6,12.64345238092857,95.5,86.9,91.51666666666665,1257.0,380.0,510.7261904761905,28.2,6.7,11.334523809499997
16,2021.1.14 0:00,12.1,-12.6,-1.2857142857142865,2.08,0.01,0.40761904761904766,27.2,9.4,13.574404761904763,96.3,87.9,92.1488095238095,1382.0,331.0,615.577380952381,26.5,7.4,12.39761904761905
16,2021.1.21 0:00,16.1,-2.6,6.066071428571429,2.18,0.01,0.2896428571428572,29.4,10.5,16.719642857142862,96.7,86.0,92.95773809523799,1361.0,207.0,736.6825396910715,27.5,9.2,15.049404761904757
16,2021.1.28 0:00,11.4,-9.9,0.27406462585119074,2.34,0.01,0.43321428571428583,29.2,10.1,17.63830782315476,95.9,85.8,92.59287414964284,1331.0,247.0,680.1022392333333,29.4,8.0,16.725782312916664
16,2021.2.4 0:00,12.1,-9.4,1.6443877551011896,2.45,0.01,0.49434523809523817,26.9,10.4,17.621513605416677,96.2,87.9,92.85772108845238,1330.0,372.0,561.5009353744048,27.06857143,9.3,17.06409863946429
16,2021.2.11 0:00,17.9,-11.8,2.0613095238095256,2.55,0.01,0.47339285714285717,31.3,9.7,15.650000000000007,97.2,87.1,92.36428571428576,1226.0,305.0,566.9107142857143,30.3,8.6,14.848214285714292
16,2021.2.18 0:00,20.8,-10.8,3.0375000000000014,2.49,0.01,0.6370238095238093,28.6,10.2,16.503571428571426,97.3,84.1,92.87380952380954,1379.0,347.0,561.4970238095239,29.7,8.7,15.672023809523804
16,2021.2.25 0:00,15.6,-3.3,6.058928571428571,2.67,0.01,0.4419642857142858,30.6,11.4,17.329166666666666,97.8,86.1,93.17976190476192,1250.0,344.0,546.3214285714286,30.2,9.4,16.376785714285713
16,2021.3.4 0:00,18.6,-2.2,6.745833333333333,2.85,0.01,0.5636904761904762,30.1,10.1,16.88214285714286,98.2,86.1,93.05416666666667,1252.0,354.0,553.2142857142857,30.3,9.1,16.189285714285717
16,2021.3.11 0:00,19.8,-2.2,8.72797619047619,2.96,0.01,0.6491666666666666,24.9,9.8,16.09047619047618,98.0,85.6,92.85476190476194,1381.0,334.0,594.916666664881,25.0,8.9,15.327380952380953
16,2021.3.18 0:00,20.1,-2.6,8.381547619047616,3.18,0.01,0.696547619047619,27.9,7.7,15.74166666666667,96.9,87.4,92.54345238095239,929.0,390.0,486.1309523809524,27.0,6.8,15.119642857142859
16,2021.3.25 0:00,25.0,1.1,11.011904761904761,3.23,0.01,0.6498809523809523,29.3,7.4,16.627976190476186,96.4,84.7,92.55535714285709,612.0,385.0,490.5892857142857,28.7,6.4,15.969047619047624
16,2021.4.1 0:00,24.0,2.4,13.623809523809527,3.35,0.02,0.6827976190476188,28.0,7.7,17.45357142857143,96.4,86.8,92.61011904761907,680.0,412.0,487.5416666666667,26.5,6.8,16.23690476190476
16,2021.4.8 0:00,23.9,-0.3,11.424404761869043,3.46,0.01,0.8858928571428574,28.9,6.1,16.061309523809513,95.9,86.3,91.99583333333331,659.0,381.0,476.63690476190476,27.9,5.1,15.297619047642863
16,2021.4.15 0:00,29.6,-0.6,11.533333333333328,3.41,0.02,0.8817857142857142,31.4,4.8,16.13035714285714,96.5,85.4,92.10238095238094,622.0,383.0,480.73809523809524,31.3,3.8,15.729166666666664
16,2021.4.22 0:00,29.1,7.1,17.34345238095238,3.34,0.01,0.6766666666666666,30.1,10.9,19.560119047619065,96.2,87.7,93.46726190476184,641.0,405.0,491.0595238095238,31.8,10.0,18.79285714285716
16,2021.4.29 0:00,22.2,3.7,13.207142857142864,3.64,0.01,0.7598214285714284,28.6,7.7,17.318452380952383,96.3,86.5,92.58214285714284,608.0,402.0,473.32738095238096,30.1,6.9,16.724999999999994
16,2021.5.6 0:00,29.3,3.7,14.780357142857136,3.52,0.01,0.8314285714285715,32.2,7.6,18.101785714285718,96.4,88.0,92.85892857142854,525.0,400.0,458.63690476190476,35.1,6.5,17.424404761904764
16,2021.5.13 0:00,33.0,12.7,20.15297619047619,3.52,0.01,0.6867857142857142,33.8,14.4,22.343452380952378,96.8,89.3,94.0744047619047,585.0,428.0,483.2083333333333,36.6,13.4,21.348214285714274
16,2021.5.20 0:00,20.4,16.0,17.358823529411765,0.82,0.04,0.24,21.7,17.5,19.394117647058824,95.8,91.5,93.64705882352939,487.0,420.0,457.6470588235294,21.2,16.2,18.31176470588235
20,2020.9.13 0:00,28.1,13.7,21.133928571428562,3.05,0.01,0.5835714285714286,30.2,14.6,22.407142857142848,96.0,59.4,85.17083333333335,595.0,389.0,451.4345238095238,30.2,14.1,22.36130952380952
20,2020.9.20 0:00,27.8,11.2,19.01190476190476,2.92,0.01,0.6822023809523808,30.5,12.4,20.506547619047634,94.5,52.2,79.27738095238094,601.0,379.0,463.7261904761905,29.9,13.1,20.38749999999999
20,2020.9.27 0:00,26.5,10.9,18.734523809523807,2.84,0.01,0.670416666666667,29.6,12.5,20.169047619047618,96.0,55.0,83.33452380952386,607.0,387.0,482.42857142857144,30.3,12.3,20.02559523809524
20,2020.10.4 0:00,24.8,6.9,16.237499999999994,2.77,0.01,0.6625595238095239,27.7,10.1,18.059523809523803,97.4,54.0,83.49523809523805,669.0,384.0,482.4166666666667,27.7,9.6,17.807738095238093
20,2020.10.11 0:00,23.8,4.7,13.200595238095234,2.58,0.01,0.4703571428571428,26.8,7.6,15.652380952380952,97.6,45.9,83.52738095238098,721.0,394.0,522.3214285714286,26.8,7.2,15.432738095238099
20,2020.10.18 0:00,22.5,2.9,11.679166666666656,2.63,0.01,0.5591666666666667,27.9,10.2,15.920238095238092,96.6,42.8,82.01964285714283,768.0,394.0,547.5654761904761,27.9,9.5,15.545238095238092
20,2020.10.25 0:00,21.8,1.0,10.89047619047619,2.39,0.02,0.5696428571428571,27.0,8.9,15.722619047619053,96.5,51.6,82.47678571428571,765.0,400.0,556.1309523809524,27.1,8.2,15.385119047619055
20,2020.11.1 0:00,19.5,-1.3,9.580952380952374,2.35,0.01,0.40244047619047635,25.9,9.1,15.180357142857153,96.6,52.5,86.05833333333337,1097.0,402.0,615.1130952380952,25.6,8.9,15.02202380952381
20,2020.11.8 0:00,19.9,-1.6,8.073809523809526,2.21,0.02,0.5358928571428571,30.4,10.1,15.914880952380956,96.6,54.3,84.5190476190476,928.0,348.0,599.0535714285714,30.4,10.2,15.830952380952366
20,2020.11.15 0:00,23.2,1.2,12.188690476190478,2.03,0.01,0.27422619047619046,26.2,9.6,16.128571428571426,96.6,61.7,89.85833333333336,986.0,385.0,570.625,25.8,10.1,16.11488095238095
20,2020.11.22 0:00,13.0,-1.0,5.716666666666665,2.02,0.01,0.345654761904762,25.0,9.7,14.306547619047628,96.2,61.5,89.20416666666665,1025.0,353.0,597.2738095238095,24.5,9.7,14.167857142857148
20,2020.11.29 0:00,10.0,-4.7,2.0880952380952382,1.91,0.01,0.3936904761904762,24.9,7.1,13.061904761904762,96.7,69.3,89.92202380952384,1032.0,337.0,599.6130952380952,24.6,7.1,13.004761904761908
20,2020.12.6 0:00,11.0,-6.0,3.3898809523809526,1.84,0.01,0.341547619047619,25.4,7.5,13.232738095238094,97.0,74.2,91.20773809523803,1031.0,400.0,626.8630952380952,25.1,7.6,13.260119047619046
20,2020.12.13 0:00,9.6,-8.8,-2.3184523809523805,1.94,0.01,0.3592261904761905,25.4,8.5,12.33452380952381,97.1,78.1,91.8410714285714,1005.0,402.0,598.5535714285714,24.8,8.5,12.326190476190474
20,2020.12.20 0:00,10.0,-7.5,1.0119047619047623,1.76,0.01,0.3234523809523811,26.1,9.2,13.359523809523816,96.7,73.2,90.67083333333335,927.0,422.0,601.7380952380952,25.5,9.1,13.385714285714291
20,2020.12.27 0:00,13.2,-10.5,-1.1375,1.95,0.01,0.3300595238095238,26.4,8.2,12.65892857142857,96.6,76.9,91.96339285714288,914.0,406.0,604.5386904761905,26.3,8.1,12.691071428571428
20,2021.1.3 0:00,3.8,-19.5,-6.960119047619047,2.04,0.01,0.39863095238095236,25.4,8.3,11.567857142857143,96.6,77.2,91.55000000000001,921.0,271.0,539.9077380952381,25.3,8.1,11.5172619047619
20,2021.1.10 0:00,13.1,-17.0,-0.7119047619047613,1.92,0.01,0.3268452380952382,25.4,8.5,13.33690476190477,96.6,76.5,91.58511904761905,925.0,371.0,594.2202380952381,25.4,8.3,13.30238095238095
20,2021.1.17 0:00,13.5,-8.6,2.1202380952380957,2.09,0.01,0.33017857142857154,24.9,9.0,13.838690476190477,97.2,75.3,92.05,939.0,355.0,584.2380952380952,25.0,8.9,13.77261904761905
20,2021.1.24 0:00,13.8,-7.2,2.7476190476190485,2.21,0.01,0.3776190476190477,24.8,9.1,12.856547619047628,97.2,68.1,90.93035714285713,920.0,383.0,573.4464285714286,25.0,8.8,12.872023809523805
20,2021.1.31 0:00,12.3,-7.8,2.271428571428572,2.35,0.01,0.4519047619047618,25.1,8.9,14.330952380952386,96.8,73.3,90.50238095238096,905.0,340.0,559.8869047619048,25.1,8.8,14.306547619047617
20,2021.2.7 0:00,17.3,-7.3,2.854464285714286,2.39,0.01,0.5401190476190477,24.8,8.4,14.600297619047618,96.2,38.2,80.82529761904763,934.0,401.0,569.875,25.7,8.2,14.404166666666676
20,2021.2.14 0:00,16.5,-8.1,1.9422619047619045,2.4,0.01,0.46386904761904757,24.7,8.9,13.816666666666663,94.4,51.9,83.49761904761905,915.0,362.0,551.5833333333334,24.4,8.6,13.579166666666666
20,2021.2.21 0:00,21.8,-4.7,6.694642857142856,2.67,0.01,0.5694642857142858,30.5,8.1,14.996428571428572,94.8,49.4,82.45059523809525,909.0,382.0,559.1904761904761,30.3,6.4,14.831547619047626
20,2021.2.28 0:00,17.0,-2.2,6.377380952380951,2.77,0.01,0.37541666666666673,24.6,8.3,14.491666666666669,95.7,42.6,87.39464285714287,921.0,334.0,546.1130952380952,25.2,7.8,14.432142857142857
20,2021.3.7 0:00,18.0,-1.1,7.357738095238095,2.77,0.02,0.5898214285714285,26.8,7.2,15.638690476190474,95.7,38.5,83.84702380952379,1087.0,394.0,600.0595238095239,27.0,6.9,15.505952380952365
20,2021.3.14 0:00,19.9,-0.7,8.726190476190482,2.96,0.01,0.6573809523809522,25.9,8.6,16.40386904761905,97.0,40.2,86.82589285714288,1017.0,407.0,597.9345238095239,25.2,9.2,16.25089285714287
20,2021.3.21 0:00,21.9,-0.4,8.867857142857146,3.03,0.01,0.7058333333333335,26.8,7.7,14.954166666666671,97.8,37.6,83.3214285714286,1005.0,401.0,581.0357142857143,27.4,7.7,14.677976190476194
20,2021.3.28 0:00,24.8,1.7,13.290476190476195,3.38,0.01,0.6045238095238096,31.2,8.7,16.50654761904762,94.6,34.4,76.37797619047622,749.0,380.0,520.8630952380952,30.9,8.2,16.36964285714286
20,2021.4.4 0:00,20.2,2.0,10.892857142857142,3.3,0.01,0.8665476190476188,27.0,8.6,15.92440476190476,94.8,34.9,76.77916666666668,760.0,382.0,530.2261904761905,27.2,8.6,15.905952380952375
20,2021.4.11 0:00,23.0,0.6,10.495833333333337,3.37,0.02,0.7097619047619047,29.1,8.8,16.02559523809525,96.1,37.9,79.8360119047619,777.0,368.0,534.0059523809524,29.7,8.3,15.978571428571426
20,2021.4.18 0:00,28.1,1.0,15.450000000000005,3.37,0.01,0.8905357142857142,31.5,8.2,18.311309523809534,94.6,43.6,71.38779761904757,755.0,389.0,507.7113095238095,31.4,7.9,18.09642857142857
20,2021.4.25 0:00,25.6,8.0,15.678409090909087,3.27,0.01,0.8814772727272728,30.7,10.3,18.818181818181827,94.5,37.0,74.51590909090912,705.0,390.0,516.0681818181819,31.6,10.3,18.580681818181823
23,2020.9.8 0:00,,,,2.76,0.02,0.4280505952380952,,,,,,,,,,,,
23,2020.9.15 0:00,,,,3.05,0.01,0.5983333333333334,,,,,,,,,,,,
23,2020.9.22 0:00,,,,2.92,0.01,0.6923809523809525,,,,,,,,,,,,
23,2020.9.29 0:00,,,,2.7,0.01,0.5730357142857145,,,,,,,,,,,,
23,2020.10.6 0:00,24.1,10.3,17.13988095238095,2.77,0.02,0.683452380952381,31.7812,17.35368,23.663326011904765,77.37941,46.2964,63.39839029761907,493.2926,274.1868,333.6469273809523,25.22092,15.58842,19.38870803571428
23,2020.10.13 0:00,21.4,7.8,13.425,2.63,0.01,0.5126190476190475,32.24154,16.10015,21.387508809523812,76.41397,44.45288,65.80373839285718,460.2015,272.5676,355.07459940476195,21.91342,13.54092,16.73564988095238
23,2020.10.20 0:00,22.5,5.8,12.705357142857135,2.5,0.01,0.5405952380952382,33.55,7.9,18.067261904761903,100.0,41.8,78.5297619642857,584.0,290.125,402.7005208333333,23.33279,12.5,16.587489046785706
23,2020.10.27 0:00,20.6,4.8,12.876190476190478,2.37,0.01,0.48749999999999993,26.2,6.8,15.461904761904757,100.0,62.7,93.50714285714287,682.0,330.0,466.9583333333333,22.4,13.0,17.568452380952376
23,2020.11.3 0:00,19.3,0.7,9.598214285714281,2.35,0.02,0.4732738095238095,26.7,7.1,14.785119047619048,100.0,62.5,94.96488095238095,661.0,298.0,424.1488095238095,22.0,11.2,16.65773809523808
23,2020.11.10 0:00,19.7,3.5,11.05892857142858,2.19,0.01,0.5029166666666669,26.3,5.4,15.524404761904773,100.0,53.7,86.85595238095236,616.0,321.0,424.3363095238095,22.1,10.2,16.65476190476191
23,2020.11.17 0:00,23.6,2.2,11.6625,2.03,0.01,0.21880952380952384,25.4,9.3,14.6952380952381,100.0,60.8,94.45535714285712,642.0,293.0,414.23214285714283,21.6,12.7,16.470238095238084
23,2020.11.24 0:00,11.8,1.1,5.194642857142857,2.02,0.01,0.36672619047619054,25.0,7.2,12.759523809523804,100.0,51.1,91.52797619047621,562.0,254.0,416.98214285714283,20.5,12.1,14.9547619047619
23,2020.12.1 0:00,9.3,-2.9,3.2541666666666664,1.91,0.01,0.3926190476190474,25.8,8.5,14.181547619047622,100.0,47.9,88.03154761904759,629.0,279.0,440.10714285714283,20.0,12.9,15.661309523809523
23,2020.12.8 0:00,10.7,-5.6,3.18214285714286,1.92,0.01,0.3310119047619049,24.7,7.7,13.142261904761913,100.0,57.7,91.59166666666671,758.0,246.0,429.1547619047619,18.9,11.8,14.549404761904755
23,2020.12.15 0:00,6.4,-7.9,-1.7803571428571427,1.94,0.01,0.3789285714285714,25.0,7.5,12.49107142857143,100.0,64.3,90.99761904761901,883.0,262.0,449.11309523809524,18.8,10.1,13.73035714285713
23,2020.12.22 0:00,13.3,-1.2,4.119047619047617,1.82,0.01,0.3002976190476191,26.2,6.5,12.327380952380947,100.0,60.8,93.62559523809529,768.0,296.0,461.3154761904762,19.2,11.3,13.630952380952387
23,2020.12.29 0:00,6.2,-9.7,-2.1583333333333314,1.95,0.01,0.3360714285714284,26.7,5.5,10.958928571428578,100.0,68.6,92.77321428571429,844.0,251.0,448.0654761904762,18.1,9.1,12.617857142857147
23,2021.1.5 0:00,3.7,-16.0,-6.816071428571432,2.04,0.01,0.39023809523809533,25.2,6.5,10.672023809523813,100.0,72.5,92.16071428571429,1338.0,247.0,579.6607142857143,18.3,8.2,11.70059523809524
23,2021.1.12 0:00,14.1,-7.1,2.0196428571428564,2.05,0.01,0.3667261904761905,27.2,5.7,12.80416666666667,100.0,58.8,92.68452380952374,813.0,272.0,475.79761904761904,19.7,8.2,14.265476190476193
23,2021.1.19 0:00,13.9,-8.3,5.811309523809524,2.09,0.01,0.3464285714285714,27.1,6.7,13.186904761904762,100.0,54.0,92.3952380952381,968.0,271.0,463.57142857142856,20.6,10.6,14.87321428571428
23,2021.1.26 0:00,12.4,-8.0,3.1357142857142875,2.21,0.01,0.34011904761904765,27.4,5.5,12.388095238095232,100.0,54.3,92.07619047619048,658.0,266.0,460.57142857142856,20.5,10.0,14.631547619047621
23,2021.2.2 0:00,10.4,-6.2,1.4434523809523807,2.39,0.01,0.49755952380952384,27.5,5.8,12.835714285714285,100.0,53.5,89.13988095238095,912.0,321.0,451.7291666666667,22.3,11.5,15.67619047619048
23,2021.2.9 0:00,17.0,-5.0,5.307142857142854,2.39,0.01,0.484642857142857,26.1,8.7,14.292857142857141,100.0,37.6,84.8577380952381,765.0,286.0,465.8154761904762,22.1,13.2,16.97678571428571
23,2021.2.16 0:00,22.6,-8.1,4.0803571428571415,2.45,0.01,0.5535714285714286,29.6,7.2,13.574404761904763,100.0,36.2,82.78511904761908,612.0,319.0,440.0297619047619,22.4,12.5,16.160714285714285
23,2021.2.23 0:00,17.0,-1.6,6.904166666666666,2.67,0.01,0.43083333333333346,27.6,8.0,13.88511904761905,100.0,68.8,92.6910714285714,652.0,276.0,440.9940476190476,21.9,13.2,16.31547619047619
23,2021.3.2 0:00,16.2,-0.4,6.717261904761906,2.77,0.01,0.4786904761904763,28.0,7.8,14.804761904761909,100.0,70.7,92.5928571428571,684.0,318.0,453.51785714285717,23.0,13.3,17.27083333333332
23,2021.3.9 0:00,18.9,1.1,9.067261904761901,2.77,0.01,0.6334523809523809,29.0,10.6,16.562500000000004,100.0,44.2,86.37142857142854,695.0,321.0,473.8392857142857,23.6,14.5,18.750595238095237
23,2021.3.16 0:00,19.5,1.5,8.95,2.99,0.01,0.6732738095238092,33.6,7.7,17.01964285714286,97.4,39.3,81.0202380952381,748.0,272.0,463.5416666666667,24.4,14.6,19.189285714285713
23,2021.3.23 0:00,21.4,2.9,11.549404761904762,3.03,0.01,0.6180952380952381,29.2,9.4,16.49107142857143,98.5,39.3,82.52440476190478,679.0,295.0,428.1904761904762,24.0,14.5,18.646428571428572
23,2021.3.30 0:00,24.8,5.2,14.675595238095235,3.38,0.01,0.6627976190476191,29.5,7.0,17.038095238095234,97.2,33.9,78.36666666666667,714.0,289.0,412.7797619047619,23.3,13.3,18.298214285714284
23,2021.4.6 0:00,23.8,4.6,12.80178571428571,3.24,0.04,0.8491071428571428,30.3,7.6,17.025595238095235,98.5,36.2,79.3071428571429,818.0,303.0,452.0952380952381,23.2,14.5,19.063690476190473
23,2021.4.13 0:00,19.3,1.7,9.912500000000003,3.37,0.01,0.7924999999999999,26.3,8.8,16.377976190476197,98.8,39.0,79.5529761904762,778.0,299.0,453.8392857142857,23.2,13.9,18.424999999999994
23,2021.4.20 0:00,28.9,4.3,17.49583333333333,3.28,0.06,0.8921428571428572,31.6,10.4,19.683333333333323,97.6,38.7,82.96428571428572,842.0,315.0,472.0357142857143,26.0,16.3,20.977380952380944
23,2021.4.27 0:00,21.2,10.3,15.115662650602403,3.33,0.01,0.6900000000000001,26.5,10.5,17.35903614457832,98.0,49.8,79.98554216867473,625.0,321.0,402.5542168674699,23.6,15.1,18.88313253012048
24,2020.9.9 0:00,29.0,16.9,21.176785714285714,3.37,0.01,0.5024404761904762,32.8,18.1,23.112500000000008,99.0,32.9,68.5598214285714,583.0,382.0,456.6488095238095,30.5,22.1,24.97559523809523
24,2020.9.16 0:00,26.4,10.5,18.677380952380954,3.07,0.01,0.5119047619047619,37.5,12.2,22.141666666666662,99.0,32.0,55.827083333333334,588.0,355.0,449.23214285714283,32.8,19.0,24.522916666666664
24,2020.9.23 0:00,26.4,8.8,17.887500000000014,3.1,0.01,0.7463690476190477,37.7,10.4,20.64345238095239,99.0,35.1,69.89255952380952,539.0,340.0,434.125,32.2,17.4,23.43214285714285
24,2020.9.30 0:00,26.2,7.9,17.505654761904754,2.97,0.01,0.6361904761904763,36.3,9.1,20.538095238095238,99.0,35.6,67.11414473684522,543.0,333.0,419.5684523809524,29.6,16.1,22.94880952380952
24,2020.10.7 0:00,23.6,6.9,15.612202380952393,2.9,0.01,0.6833928571428569,33.9,9.1,19.000892857142844,67.5,31.4,43.81978383458329,505.0,337.0,403.1875,26.3,16.1,21.100892857142853
24,2020.10.14 0:00,22.9,3.0,11.631930272053575,2.75,0.01,0.5749404761904761,32.4,7.7,17.12772108845238,72.0,30.0,55.050552721071405,600.0,360.0,463.09608843511904,23.8,12.9,18.36624149660715
24,2020.10.21 0:00,21.5,2.2,10.550029434797617,2.69,0.02,0.5388690476190476,30.8,9.9,17.072416274166667,83.2,30.1,59.46139782839283,641.0,372.0,493.97762951428575,22.2,13.4,18.058735609642845
24,2020.10.28 0:00,20.2,0.8,9.58857600738095,2.58,0.02,0.49541666666666645,29.9,9.9,17.21027930404762,85.5,30.2,59.09072802196432,713.0,366.0,512.9619963363095,21.5,14.8,17.92918956041667
24,2020.11.4 0:00,20.9,-4.5,6.9202380952559555,2.53,0.01,0.4705952380952381,30.4,10.9,17.207440476190477,85.8,32.2,59.6645833333333,776.0,358.0,513.6845238095239,20.9,13.3,17.19166666666667
24,2020.11.11 0:00,21.5,-3.2,8.195238095238095,2.3,0.02,0.4958333333333331,29.2,11.2,17.138095238095246,80.5,30.2,59.77351190476192,778.0,397.0,563.4285714285714,20.9,15.1,18.02261904761905
24,2020.11.18 0:00,22.2,-1.9,9.407142857142848,2.17,0.01,0.2641071428571429,28.6,11.1,16.29940476190477,87.9,31.1,70.59345238095243,772.0,375.0,541.3035714285714,21.5,13.8,17.520833333333332
24,2020.11.25 0:00,13.6,-6.2,3.0636904761904753,2.1,0.01,0.39178571428571435,27.8,8.3,13.819047619047618,76.9,30.1,63.56994047619051,708.0,361.0,511.3690476190476,19.0,11.9,15.14404761904762
24,2020.12.2 0:00,10.2,-6.7,0.4184523809523809,2.19,0.01,0.42803571428571424,25.7,8.1,13.08273809523809,80.3,31.2,64.5077380952381,688.0,376.0,531.422619047619,18.3,11.9,14.75416666666666
24,2020.12.9 0:00,10.4,-9.6,-0.24702380952380987,2.11,0.01,0.38458333333333333,25.6,8.1,12.567261904761901,79.6,30.2,66.32261904761906,740.0,381.0,561.8511904761905,18.1,11.6,14.452380952380949
24,2020.12.16 0:00,5.3,-11.8,-3.544642857142857,2.13,0.01,0.4024404761904762,26.6,7.7,11.985119047619056,77.2,30.3,65.48511904761907,782.0,340.0,576.5,18.0,11.1,13.86607142857142
24,2020.12.23 0:00,8.3,-7.3,0.030357142857142923,1.92,0.01,0.3114285714285715,27.8,8.0,12.05357142857143,81.7,35.9,72.10059523809524,812.0,436.0,635.702380952381,18.2,11.4,13.841071428571425
24,2020.12.30 0:00,5.0,-12.1,-4.276785714285714,2.2,0.01,0.38261904761904764,27.7,7.6,11.543452380952377,78.6,33.9,69.06488095238092,842.0,361.0,648.5297619047619,18.0,10.5,13.604761904761904
24,2021.1.6 0:00,1.9,-20.0,-9.484523809523807,2.51,0.01,0.41208333333333336,27.7,7.5,11.341666666666672,78.9,33.2,65.77202380952379,823.0,398.0,652.1369047619048,18.7,9.5,13.050000000000002
24,2021.1.13 0:00,14.9,-10.8,-0.9398809523809523,2.25,0.01,0.40095238095238106,29.6,7.6,12.98809523809524,83.8,30.7,68.40000000000002,879.0,445.0,692.125,19.2,10.6,14.58392857142857
24,2021.1.20 0:00,14.2,-11.5,4.4074404761904775,2.22,0.01,0.3227976190476191,31.2,7.8,13.611607142857137,84.8,30.0,74.35773809523808,968.0,515.0,740.485119047619,20.8,11.3,15.256250000000001
24,2021.1.27 0:00,11.3,-10.1,0.1276785714285714,2.89,0.01,0.4588095238095238,31.1,7.9,12.737202380952377,85.0,30.5,68.95386904761901,892.0,493.0,681.9434523809524,18.8,11.2,14.447916666666659
24,2021.2.3 0:00,11.9,-9.1,-0.3750000000000001,2.58,0.01,0.5733928571428573,34.6,7.8,13.692857142857136,81.3,30.2,65.73005952380949,820.0,440.0,633.3154761904761,20.4,11.2,15.006547619047616
24,2021.2.10 0:00,19.9,-8.2,3.061309523809523,2.58,0.01,0.4822023809523809,28.0,7.8,13.02023809523809,82.9,30.6,66.28035714285718,851.0,476.0,653.5178571428571,19.0,11.4,14.775595238095237
24,2021.2.17 0:00,22.7,-8.9,1.6238095238095243,2.72,0.01,0.5929761904761904,29.1,6.5,13.199404761904765,79.5,30.0,64.08660714285713,819.0,390.0,609.6547619047619,20.2,10.6,14.617857142857138
24,2021.2.24 0:00,16.5,-4.1,5.465476190476192,2.76,0.01,0.36273809523809525,36.3,7.7,13.279761904761907,86.9,30.9,69.53511904761906,865.0,444.0,647.0,20.4,11.7,15.251785714285708
24,2021.3.3 0:00,18.9,-4.4,6.277976190476188,2.98,0.02,0.6141666666666667,27.6,7.9,14.948809523809524,86.0,30.2,64.59583333333335,883.0,493.0,664.9821428571429,21.2,12.0,16.53958333333335
24,2021.3.10 0:00,19.0,-1.4,8.846874999999992,3.14,0.02,0.6865476190476192,30.2,8.6,15.74598214285715,84.6,30.2,63.291517857142836,838.0,482.0,624.0260416666666,21.9,13.6,17.10305059523809
24,2021.3.17 0:00,20.5,-3.0,8.406994047619042,3.28,0.01,0.7448809523809521,28.8,8.8,15.682688492083335,80.0,30.1,59.15669642857146,791.0,432.0,573.2686011904761,22.2,13.2,16.98504464285714
24,2021.3.24 0:00,25.0,-1.6,10.985714285714282,3.25,0.01,0.6882738095238091,33.2,6.2,15.420436507916666,88.4,30.6,60.79999999999997,690.0,407.0,528.8005952380952,22.8,13.3,16.70089285714285
24,2021.3.31 0:00,24.4,0.9,13.204642857142847,3.46,0.01,0.6587500000000002,34.4,5.6,16.889285714285716,85.8,30.3,60.137040043273785,690.0,415.0,496.7348484845238,22.8,13.2,17.65363095238094
24,2021.4.7 0:00,22.4,-0.1,11.321249999999996,3.51,0.01,0.8487500000000006,30.2,5.1,15.932440476190482,86.7,30.9,57.85998376624999,700.0,399.0,502.52110389642854,23.4,3.6,17.25946428571429
24,2021.4.14 0:00,26.7,-1.6,9.866071428571427,3.64,0.03,0.9899404761904764,33.1,3.2,14.494047619047612,82.2,30.5,55.89613095238097,664.0,408.0,496.5654761904762,22.5,11.8,16.436904761904756
24,2021.4.21 0:00,28.9,7.2,17.000595238095244,3.51,0.01,0.8163095238095239,32.8,7.6,17.541666666666664,80.1,30.2,49.9627976190476,604.0,409.0,470.1904761904762,24.4,14.8,19.03452380952381
24,2021.4.28 0:00,22.9,9.9,15.829166666666667,3.47,0.01,0.6419444444444443,27.3,10.0,17.075000000000003,82.4,31.1,51.957638888888894,502.0,385.0,425.3888888888889,22.5,14.9,18.581944444444446
25,2020.9.18 0:00,,,,2.92,0.01,0.6680357142857145,,,,,,,,,,,,
25,2020.9.25 0:00,,,,2.84,0.01,0.7127380952380953,,,,,,,,,,,,
25,2020.10.2 0:00,22.55069853,9.146911765,15.64065359423611,2.77,0.01,0.6057142857142859,26.1186994,11.98861771,17.84661165083333,97.39922601,70.0589004,85.23275539763891,617.5426471,401.5764706,460.2180964125,23.76908622,14.13658622,18.168218164305557
25,2020.10.9 0:00,23.28055147,7.474889706,14.875887166851193,2.68,0.01,0.5669642857142855,26.06817144,11.51103773,17.153121020059526,101.1419118,71.72334559,88.80631032482145,570.4382353,396.8176471,461.24093575654746,22.94721122,12.54283622,16.76815615994048
25,2020.10.16 0:00,22.4375,4.225,11.865739889410715,2.63,0.01,0.4807142857142856,27.8875,10.275,15.532066263690483,104.35,67.1125,91.08183351452382,640.0,401.6691177,499.6804096666667,21.88096122,11.39346122,15.098836963928559
25,2020.10.23 0:00,21.4,1.6375,10.270424107035712,2.5,0.05,0.5986904761904761,26.2875,9.9375,15.589806547499991,100.8,60.01964286,84.26569940470235,717.0416666,402.0,517.968377977381,21.69346122,11.10596122,15.057672529047617
25,2020.10.30 0:00,19.3375,-2.6375,8.260342261904759,2.35,0.01,0.4862500000000002,24.8625,8.9125,14.66075148809523,104.8625,62.45357143,87.32265624999995,777.125,381.875,521.1755952380952,19.99346122,9.598531971,13.785592422208337
25,2020.11.6 0:00,20.1375,-1.2375,7.959784226172623,2.21,0.02,0.4775000000000001,25.2125,9.2125,14.636197916666665,103.95,63.34313187,88.47220982160714,782.375,381.625,538.4066220238095,20.41785377,10.45402725,14.107271448511908
25,2020.11.13 0:00,23.8,1.44e-14,12.95323660714286,2.01,0.01,0.3273214285714285,27.1,9.6875,16.69657738095237,99.5875,50.3,90.0343005952381,754.0,401.0,536.8206845238095,21.6,11.02665094,16.987980121428567
25,2020.11.20 0:00,13.8,-1.2,6.707738095238092,2.03,0.01,0.3308333333333334,25.3,7.4,14.034523809523805,99.5,60.2,87.51666666666664,1147.0,360.0,502.29761904761904,20.1,11.7,14.785714285714278
25,2020.11.27 0:00,9.5,-3.7,3.332142857142858,1.96,0.01,0.36928571428571433,26.3,7.0,13.333333333333329,94.5,67.6,86.71904761904759,1080.0,325.0,544.0119047619048,20.1,11.7,14.283333333333339
25,2020.12.4 0:00,10.4,-5.8,2.463690476190475,1.84,0.01,0.3651785714285714,27.8,6.9,13.30238095238095,98.2,68.5,87.12142857142857,1178.0,304.0,580.4047619047619,21.2,11.2,14.16428571428572
25,2020.12.11 0:00,10.9,-8.4,-0.03333333333333336,1.92,0.01,0.3575595238095239,25.8,6.7,12.257738095238093,95.7,67.3,86.64821428571425,1243.0,241.0,554.6785714285714,20.3,10.5,13.28928571428572
25,2020.12.18 0:00,10.7,-7.0,0.8988095238095236,1.94,0.01,0.3252380952380952,26.8,6.8,12.304166666666665,98.1,69.7,87.96249999999998,1346.0,382.0,642.2202380952381,20.5,10.7,13.396428571428574
25,2020.12.25 0:00,13.2,-10.0,0.03392857142857175,1.95,0.01,0.3070238095238096,28.9,6.5,11.780357142857142,98.1,71.0,90.34583333333337,1287.0,409.0,717.6428571428571,21.5,9.5,12.791071428571431
25,2021.1.1 0:00,3.7,-15.5,-3.4041666666666646,1.97,0.01,0.3752380952380952,25.8,6.6,11.551785714285714,97.9,69.1,86.40892857142862,1242.0,374.0,658.6904761904761,19.9,9.9,12.44821428571429
25,2021.1.8 0:00,10.5,-20.2,-5.195535714285713,2.04,0.01,0.38999999999999996,27.3,6.3,12.018452380952379,100.0,69.1,84.4607142857143,1230.0,371.0,659.6160714285714,22.1,8.6,12.766369047619042
25,2021.1.15 0:00,13.9,-8.0,0.7547619047619042,2.09,0.01,0.36166666666666664,28.0,6.6,13.052380952380956,96.1,64.1,86.48869047619044,1049.0,363.0,629.7380952380952,22.1,10.7,14.158333333333339
25,2021.1.22 0:00,13.5,-4.8,5.661904761904761,2.2,0.01,0.2963095238095238,29.3,6.7,13.352678571428564,99.4,56.5,89.4244047619048,1167.0,375.0,654.9077380952381,21.9,11.4,14.333630952380954
25,2021.1.29 0:00,12.8,-8.2,1.0053571428571422,2.35,0.01,0.4814880952380953,26.5,6.8,13.538095238095242,97.1,57.9,83.43333333333337,1017.0,368.0,560.25,21.1,10.6,14.377976190476184
25,2021.2.5 0:00,11.8,-7.6,2.0482142857142858,2.39,0.01,0.47303571428571434,28.3,5.8,13.877976190476193,100.0,58.5,84.7190476190476,1127.0,407.0,622.577380952381,21.8,11.4,14.847619047619052
25,2021.2.12 0:00,16.9,-7.3,1.8613095238095245,2.4,0.01,0.45982142857142855,28.5,6.6,13.280952380952382,98.8,68.6,90.49464285714284,1030.0,377.0,594.6130952380952,21.3,10.5,14.232142857142863
25,2021.2.19 0:00,22.7,-4.8,6.044642857142862,2.49,0.01,0.5493452380952379,27.5,5.9,13.775595238095239,97.1,70.2,88.72261904761906,904.0,414.0,543.6130952380952,21.1,11.7,14.87202380952382
25,2021.2.26 0:00,17.4,-2.4,7.473809523809522,2.67,0.01,0.4135714285714286,27.9,6.5,13.439880952380953,99.5,70.2,91.78869047619048,969.0,369.0,528.3928571428571,19.1,10.9,14.071428571428577
25,2021.3.5 0:00,17.8,-0.9,6.966666666666664,2.77,0.02,0.6113690476190476,27.8,6.7,14.94702380952382,98.8,40.6,83.24642857142858,868.0,425.0,545.1904761904761,22.7,12.0,16.374404761904763
25,2021.3.12 0:00,19.8,-1.0,8.006547619047616,2.96,0.01,0.6839880952380953,27.4,6.2,14.931547619047619,95.5,37.7,76.25357142857143,845.0,397.0,512.2380952380952,23.6,11.5,16.74404761904762
25,2021.3.19 0:00,19.4,-0.4,8.754166666666668,3.03,0.01,0.6922619047619045,28.6,5.8,14.285119047619045,94.8,37.2,76.16785714285716,808.0,387.0,515.8630952380952,23.2,11.3,15.98214285714286
25,2021.3.26 0:00,24.2,2.2,11.802380952380949,3.38,0.01,0.6145238095238095,28.2,6.7,14.873809523809522,98.0,28.8,75.71011904761903,740.0,412.0,495.39285714285717,22.6,11.9,15.744047619047619
25,2021.4.2 0:00,26.1,3.5,12.639285714285709,3.3,0.01,0.7050595238095239,28.0,5.2,14.973511904761898,97.3,34.0,73.2035714285715,715.0,393.0,475.7797619047619,22.0,10.2,15.87559523809523
25,2021.4.9 0:00,23.6,0.7,10.799404761904762,3.37,0.02,0.8308928571428572,27.9,5.5,14.077380952380949,100.0,57.1,92.33988095238091,738.0,418.0,489.63690476190476,23.4,9.8,15.46785714285714
25,2021.4.16 0:00,28.1,2.8,13.045238095238092,3.37,0.01,0.8052976190476192,29.9,5.4,15.19047619047619,100.0,34.0,70.73750000000003,691.0,407.0,481.92857142857144,23.6,9.6,15.874404761904762
25,2021.4.23 0:00,28.4,9.0,16.95446428571428,3.33,0.01,0.8498809523809528,30.6,8.3,17.801488095238113,95.8,36.6,67.53809523809525,536.0,416.0,459.5863095238095,23.8,13.5,18.12380952380953
25,2021.4.30 0:00,14.8,11.9,13.416666666666666,2.93,0.14,0.5924999999999999,19.1,12.1,14.58333333333333,89.0,61.6,78.41666666666667,459.0,427.0,442.9166666666667,17.8,15.3,16.1
26,2020-09-09 0:00,30.0,17.1,21.58988095238095,3.37,0.01,0.5024404761904762,38.8,18.2,24.667261904761897,91.0,31.9,68.27619047619051,549.0,385.0,441.36309523809524,33.1,22.6,25.911904761904765
26,2020-09-16 0:00,27.2,10.6,18.48095238095238,3.07,0.01,0.5438095238095237,34.3,13.5,21.826785714285716,89.2,30.6,64.9675595238095,567.0,376.0,456.0654761904762,29.1,18.6,23.873809523809523
26,2020-09-23 0:00,29.5,9.3,18.13035714285713,3.1,0.01,0.7497619047619049,35.6,12.8,21.483928571428574,88.3,30.3,61.39047619047616,582.0,376.0,458.39285714285717,29.8,18.3,23.19345238095238
26,2020-09-30 0:00,26.8,6.3,17.501190476190484,2.97,0.01,0.6363095238095239,35.1,9.1,20.626190476190473,85.0,30.0,61.409523809523805,619.0,376.0,453.5357142857143,27.8,15.9,22.377976190476176
26,2020-10-07 0:00,25.7,5.5,15.560119047619047,2.9,0.01,0.6926785714285713,33.0,9.2,18.908333333333328,99.0,30.7,64.2550595238095,769.0,390.0,518.9583333333334,26.5,16.1,20.81190476190476
26,2020-10-14 0:00,23.6,2.6,11.159523809523806,2.75,0.01,0.5749404761904761,29.7,6.5,15.866071428571434,99.5,30.1,70.5735119047619,670.0,366.0,526.8928571428571,23.3,12.9,17.7125
26,2020-10-21 0:00,22.3,1.9,10.279166666666667,2.69,0.02,0.5388690476190476,28.1,10.6,16.564285714285717,97.8,32.1,65.91755952380953,762.0,405.0,566.6785714285714,22.0,15.1,18.13273809523809
26,2020-10-28 0:00,21.5,-0.3,9.283928571428568,2.58,0.02,0.49541666666666645,29.3,10.7,16.329166666666662,96.3,30.5,62.0904761904762,799.0,384.0,560.797619047619,22.3,14.7,17.995238095238097
26,2020-11-04 0:00,21.2,-4.7,6.514285714285715,2.53,0.01,0.5319642857142858,27.2,9.0,15.330357142857146,97.1,30.6,63.68065476190478,783.0,405.0,577.702380952381,21.1,13.3,16.96369047619048
26,2020-11-11 0:00,22.6,-3.4,7.966071428571431,2.3,0.02,0.4958333333333331,29.9,9.7,15.969642857142864,97.4,32.5,66.58184523809527,778.0,405.0,588.7916666666666,20.6,14.0,17.37083333333334
26,2020-11-18 0:00,22.9,-2.2,9.318452380952385,2.17,0.01,0.2641071428571429,26.3,7.8,15.801190476190484,99.5,30.9,84.05863095238097,745.0,323.0,526.6011904761905,21.7,13.7,17.37976190476191
26,2020-11-25 0:00,13.7,-6.6,2.8714285714285714,2.1,0.01,0.39178571428571435,24.8,7.5,13.927976190476189,99.1,30.3,74.86517857142856,731.0,380.0,561.5535714285714,19.4,12.2,15.629761904761898
26,2020-12-02 0:00,10.9,-7.3,0.35297619047619055,2.19,0.01,0.42803571428571424,24.7,7.2,12.925,98.3,36.2,71.4369047619047,952.0,375.0,579.2083333333334,19.2,11.6,14.702380952380947
26,2020-12-09 0:00,10.4,-9.2,-0.30892857142857066,2.11,0.01,0.38458333333333333,24.6,6.5,12.359523809523807,99.9,32.7,73.20357142857142,777.0,340.0,566.547619047619,19.3,11.0,14.182738095238102
26,2020-12-16 0:00,6.6,-11.3,-3.7142857142857144,2.13,0.01,0.4024404761904762,25.8,6.2,11.154761904761902,97.1,31.1,71.09880952380948,780.0,368.0,600.6190476190476,17.1,9.7,12.815476190476184
26,2020-12-23 0:00,8.8,-7.8,-0.13869047619047617,1.92,0.01,0.3114285714285715,24.3,7.7,12.055952380952382,99.9,37.7,85.67189625851188,820.0,346.0,648.7261904761905,18.2,10.7,13.774999999999997
26,2020-12-30 0:00,5.1,-12.7,-4.268452380952382,2.2,0.01,0.38261904761904764,27.7,5.1,10.218154761904762,100.0,35.1,82.23405612244048,881.0,368.0,672.6547619047619,17.2,7.4,12.051785714285712
26,2021-01-06 0:00,2.5,-20.9,-9.536309523809525,2.51,0.01,0.41208333333333336,25.4,5.7,9.837499999999993,99.3,47.5,81.97738095238094,999.0,413.0,726.3571428571429,17.2,9.1,11.569047619047616
26,2021-01-13 0:00,14.9,-11.1,-1.04047619047619,2.25,0.01,0.40095238095238106,26.4,6.1,11.096428571428579,98.5,33.0,74.7714285714286,909.0,468.0,722.1428571428571,18.8,9.5,13.050000000000006
26,2021-01-20 0:00,14.7,-11.2,4.32261904761905,2.22,0.01,0.3227976190476191,25.4,5.6,12.53988095238095,99.5,30.0,81.39255952380957,933.0,453.0,710.2083333333334,19.4,9.8,14.268452380952377
26,2021-01-27 0:00,12.3,-10.7,0.05059523809523814,2.89,0.01,0.4588095238095238,27.1,5.2,11.46666666666666,99.5,30.0,71.99017857142856,798.0,420.0,639.6428571428571,19.0,9.6,13.22202380952381
26,2021-02-03 0:00,12.5,-8.7,-0.3595238095238096,2.58,0.01,0.5733928571428573,26.4,5.8,12.698809523809514,95.1,30.2,65.41964285714282,826.0,407.0,629.5892857142857,21.1,10.8,14.834523809523814
26,2021-02-10 0:00,19.6,-8.2,2.9363095238095256,2.58,0.01,0.4822023809523809,24.5,6.2,12.639880952380953,96.7,30.7,65.75982142857141,837.0,465.0,644.9107142857143,20.1,11.2,14.742857142857142
26,2021-02-17 0:00,22.8,-8.8,1.4428571428571433,2.72,0.01,0.5929761904761904,29.3,5.0,12.626785714285715,92.5,31.7,64.3839285714286,851.0,354.0,657.5119047619048,22.9,9.0,14.968452380952385
26,2021-02-24 0:00,16.1,-4.7,5.327380952380953,2.76,0.01,0.36273809523809525,25.2,6.0,12.602976190476184,99.1,30.1,74.20625,851.0,462.0,637.1190476190476,20.0,11.2,14.49642857142857
26,2021-03-03 0:00,20.3,-4.5,6.430357142857143,2.98,0.02,0.6141666666666667,31.1,6.0,13.80833333333334,96.7,30.7,68.8357142857143,839.0,474.0,643.6011904761905,21.3,11.7,16.04345238095238
26,2021-03-10 0:00,19.8,-2.3,8.573214285714288,3.14,0.02,0.6865476190476192,26.4,7.2,15.009523809523811,99.5,32.1,66.0404761904762,809.0,403.0,602.4166666666666,22.9,12.6,17.48214285714286
26,2021-03-17 0:00,22.1,-3.2,8.153571428571436,3.28,0.01,0.746190476190476,27.5,6.2,14.711309523809515,96.2,32.8,62.35535714285712,787.0,408.0,559.8988095238095,24.5,12.7,17.520238095238092
26,2021-03-24 0:00,25.5,-2.1,10.890476190476186,3.25,0.01,0.6882738095238091,33.0,6.8,15.450595238095245,99.6,31.4,64.72380952380952,736.0,461.0,579.0357142857143,25.8,12.4,17.669047619047625
26,2021-03-31 0:00,25.3,0.3,13.407142857142853,3.46,0.01,0.6587500000000002,33.2,6.5,17.50535714285715,99.5,31.1,71.17500000000001,812.0,387.0,592.0297619047619,26.4,13.6,19.630952380952383
26,2021-04-07 0:00,23.7,-0.3,11.516666666666666,3.51,0.01,0.8487500000000006,32.5,5.4,16.53541666666666,99.5,31.3,66.83750000000002,832.0,438.0,588.547619047619,27.7,12.6,19.177976190476198
26,2021-04-14 0:00,27.9,-2.2,10.073214285714286,3.64,0.03,0.9899404761904764,34.5,5.6,16.688690476190477,91.8,31.1,58.36845238095237,817.0,446.0,590.7261904761905,29.1,14.1,19.380357142857147
26,2021-04-21 0:00,29.0,6.9,17.300000000000004,3.51,0.01,0.8163095238095239,36.0,10.8,20.83869047619047,90.6,30.6,62.83541666666664,915.0,312.0,562.8869047619048,29.2,18.0,22.9077380952381
26,2021-04-28 0:00,23.6,9.5,15.993055555555562,3.72,0.01,1.0206944444444446,30.0,12.7,19.979166666666675,91.4,31.0,60.33472222222221,743.0,344.0,509.02777777777777,26.1,18.0,22.227777777777778
31,2020-09-15 0:00,26.0,9.5,18.10357142857144,3.13,0.01,0.6036309523809521,29.5,12.0,21.037500000000005,100.0,45.6,95.78571428571426,540.0,428.0,474.1488095238095,29.9,13.2,21.379761904761903
31,2020-09-22 0:00,26.3,11.1,17.18154761904763,3.13,0.01,0.7335119047619048,33.5,13.5,20.366666666666667,98.4,40.7,80.37559523809526,580.0,431.0,488.9107142857143,32.0,13.3,20.79107142857143
31,2020-09-29 0:00,25.6,6.8,16.904166666666665,3.05,0.01,0.6975,30.5,10.1,19.92916666666667,97.2,37.9,80.02291666666665,602.0,430.0,483.48511904761904,30.3,10.5,20.07619047619047
31,2020-10-06 0:00,23.6,4.9,14.297619047619051,3.0,0.02,0.800952380952381,31.2,8.4,18.385714285714293,95.7,31.8,75.06607142857143,643.0,432.0,499.75,36.5,9.8,19.76309523809523
31,2020-10-13 0:00,20.6,3.2,10.790773809523811,2.82,0.01,0.6081547619047618,29.3,8.1,16.010714285714293,93.7,28.4,76.9005952380952,629.0,408.0,500.32142857142856,29.8,8.8,15.886607142857159
31,2020-10-20 0:00,22.0,0.3,10.278869047619047,2.76,0.01,0.5780357142857142,31.0,8.1,16.260714285714293,96.8,35.2,78.06815476190475,635.0,399.0,494.3452380952381,29.5,9.8,15.952380952380953
31,2020-10-27 0:00,20.6,0.2,9.659523809523808,2.54,0.01,0.4972619047619048,30.5,7.5,15.779761904761905,95.4,38.6,77.7764880952381,646.0,410.0,506.70238095238096,28.7,8.9,15.857440476190469
31,2020-11-03 0:00,19.5,-3.7,6.915476190476193,2.61,0.01,0.5289285714285713,30.0,5.8,14.645238095238096,95.4,35.7,76.15714285714286,673.0,346.0,506.5238095238095,30.3,3.6,13.532142857142855
31,2020-11-10 0:00,22.0,-3.1,7.54047619047619,2.45,0.02,0.5913690476190475,31.0,6.9,14.916071428571431,95.4,38.4,76.43214285714288,726.0,360.0,534.0892857142857,30.2,1.4,13.601785714285707
31,2020-11-17 0:00,21.3,-1.3,11.138690476190476,2.21,0.01,0.28470238095238093,34.1,5.9,15.589880952380955,98.7,49.6,84.46607142857147,638.0,280.0,459.23809523809524,28.0,6.4,15.699404761904768
31,2020-11-24 0:00,12.7,-3.6,4.132142857142855,2.25,0.01,0.45428571428571407,27.4,5.7,12.964880952380948,96.0,52.7,83.55119047619048,677.0,282.0,484.3452380952381,29.8,4.9,12.095833333333335
31,2020-12-01 0:00,9.9,-6.8,0.7607142857142856,2.14,0.01,0.44636904761904767,28.5,5.4,13.385714285714284,96.7,56.5,81.34166666666668,639.0,282.0,504.4047619047619,32.0,3.9,11.5422619047619
31,2020-12-08 0:00,10.6,-7.6,1.1648809523809518,2.05,0.01,0.3832142857142856,26.4,5.4,12.555357142857144,96.8,56.4,83.4232142857143,714.0,413.0,573.1428571428571,30.7,2.2,11.072023809523808
31,2020-12-15 0:00,5.9,-9.1,-3.1374999999999975,2.2,0.01,0.46232142857142894,27.6,5.3,11.84940476190477,94.1,62.8,82.36279761904761,715.0,421.0,607.6130952380952,30.6,1.2,9.379166666666666
31,2020-12-22 0:00,12.0,-7.7,0.9101190476190476,2.18,0.01,0.36934523809523817,30.4,5.5,12.651190476190479,97.3,65.4,86.66309523809524,768.0,424.0,607.077380952381,30.7,1.1,10.542261904761908
31,2020-12-29 0:00,8.4,-14.3,-3.152976190476189,2.15,0.01,0.41232142857142856,29.9,5.8,12.301785714285716,96.7,62.9,87.33154761904764,819.0,414.0,622.625,28.3,0.7,9.631547619047613
31,2021-01-05 0:00,2.0,-19.1,-7.282142857142854,2.21,0.01,0.4067857142857142,28.0,4.9,11.147619047619047,94.4,64.5,85.0738095238095,828.0,422.0,650.3869047619048,29.7,0.1,7.86845238095238
31,2021-01-12 0:00,14.1,-9.3,-0.11488095238095232,2.44,0.01,0.4826190476190476,27.9,5.7,13.12440476190477,96.3,61.5,85.0297619047619,881.0,441.0,635.8928571428571,31.0,0.5,10.878571428571425
31,2021-01-19 0:00,13.0,-9.3,4.057142857142857,2.33,0.01,0.39309523809523805,29.9,6.3,13.850595238095238,97.9,48.0,86.77976190476193,835.0,452.0,644.7559523809524,27.2,2.4,11.884523809523811
31,2021-01-26 0:00,10.9,-7.9,1.6205357142857146,2.44,0.01,0.38726190476190486,29.9,6.0,13.195238095238102,97.0,49.2,85.43660714285713,827.0,427.0,627.2410714285714,26.5,2.7,11.121428571428568
31,2021-02-02 0:00,11.8,-8.0,0.17559523809523797,2.63,0.03,0.5969047619047618,29.6,5.9,14.085714285714275,96.2,50.3,81.78154761904764,853.0,439.0,609.1785714285714,27.7,2.7,11.601785714285716
31,2021-02-09 0:00,18.1,-7.9,3.1857142857142855,2.65,0.01,0.5186309523809525,29.4,5.6,13.629166666666668,96.0,23.8,79.03511904761902,810.0,438.0,606.7321428571429,28.8,4.1,12.143452380952377
31,2021-02-16 0:00,20.8,-7.2,1.505952380952381,2.79,0.01,0.6579761904761903,29.2,6.4,14.397619047619045,92.7,38.3,79.64523809523813,791.0,428.0,579.5892857142857,30.4,5.5,12.433928571428567
31,2021-02-23 0:00,14.8,-5.7,4.816071428571428,2.51,0.01,0.3635714285714286,28.7,6.1,14.295238095238089,97.3,49.0,85.07023809523814,822.0,406.0,567.2440476190476,29.2,5.3,12.341666666666667
31,2021-03-02 0:00,16.8,-3.6,5.6732142857142875,3.02,0.02,0.6145238095238094,28.9,6.6,15.46785714285714,97.0,46.1,82.27380952380955,734.0,424.0,544.4642857142857,30.3,5.4,14.086309523809518
31,2021-03-09 0:00,17.0,-3.0,7.012499999999999,3.04,0.01,0.6967857142857143,29.4,6.7,15.451785714285709,95.7,34.2,79.15952380952379,806.0,399.0,550.9583333333334,30.0,6.6,14.143452380952382
31,2021-03-16 0:00,18.6,-3.0,7.458333333333338,3.25,0.01,0.7426785714285713,29.8,6.3,15.791666666666664,96.8,42.4,78.78452380952379,877.0,400.0,541.1547619047619,28.2,5.0,14.497023809523805
31,2021-03-23 0:00,21.8,-2.0,9.275595238095232,3.28,0.01,0.7489880952380954,28.7,6.2,16.15178571428572,98.8,37.0,80.75297619047619,854.0,378.0,543.0714285714286,29.0,5.4,15.119642857142864
31,2021-03-30 0:00,21.3,1.1,11.755952380952376,3.5,0.01,0.5861309523809523,27.3,7.1,16.802976190476183,100.0,36.4,82.67321428571424,743.0,383.0,496.51785714285717,26.8,7.6,16.523214285714282
31,2021-04-06 0:00,19.9,-1.1,10.09880952380952,3.53,0.01,0.8924999999999998,28.4,6.9,16.190476190476193,97.0,28.1,75.87380952380954,822.0,383.0,528.9404761904761,26.4,5.5,15.178571428571434
31,2021-04-13 0:00,18.4,-2.7,8.382738095238096,3.68,0.03,0.9988095238095236,28.7,5.9,15.724404761904761,97.4,34.5,78.06249999999999,802.0,378.0,511.2857142857143,26.3,4.6,14.377976190476184
31,2021-04-20 0:00,24.7,-0.2,14.584523809523809,3.59,0.01,0.9369642857142857,30.2,6.3,18.044940476190487,96.5,33.0,72.45029761904759,801.0,396.0,503.9166666666667,27.4,5.1,17.500297619047615
31,2021-04-27 0:00,21.7,2.5,12.120833333333334,3.73,0.01,0.9386904761904766,30.7,7.6,17.382738095238093,96.9,40.9,79.7005952380952,692.0,373.0,474.1190476190476,27.7,9.8,17.1952380952381
31,2021-05-04 0:00,22.4,1.5,13.4967261904762,3.67,0.01,0.8469047619047616,31.1,7.5,18.182440476190465,100.0,46.3,84.45208333333333,729.0,347.0,471.9791666666667,28.7,10.0,17.995833333333334
31,2021-05-11 0:00,28.0,9.5,18.05714285714286,3.59,0.01,0.6133333333333334,31.0,11.3,21.202380952380956,99.7,56.1,84.19642857142856,623.0,375.0,466.7857142857143,28.5,13.5,20.813095238095237
31,2021-05-18 0:00,26.7,11.8,16.947916666666668,3.44,0.01,0.9954166666666665,29.5,13.7,20.36041666666667,97.9,46.4,79.67916666666666,525.0,431.0,462.7083333333333,27.7,14.1,20.16875
34,2020-09-16 0:00,25.1,10.6,18.49404761904762,3.13,0.01,0.5804166666666668,30.2,11.6,19.963095238095235,100.0,86.1,98.49285714285713,502.0,271.0,311.63690476190476,30.5,11.5,20.082738095238074
34,2020-09-23 0:00,26.9,10.6,18.324999999999996,3.13,0.01,0.7547619047619047,33.2,11.5,20.069642857142856,100.0,83.1,98.52738095238092,614.0,252.0,323.1488095238095,33.8,11.6,20.226190476190467
34,2020-09-30 0:00,25.6,7.1,17.43660714285715,3.0,0.01,0.7095238095238096,32.0,12.5,20.075892857142854,100.0,88.0,98.49702380952382,378.0,278.0,323.4940476190476,32.6,11.0,20.05714285714286
34,2020-10-07 0:00,23.8,5.8,15.216666666666667,2.94,0.01,0.7648809523809523,30.9,10.4,18.504761904761885,100.0,87.2,98.46607142857142,385.0,281.0,326.2440476190476,30.4,10.7,18.42619047619047
34,2020-10-14 0:00,22.8,4.1,11.763095238095234,2.82,0.01,0.624940476190476,30.9,9.3,16.958928571428572,100.0,82.9,98.40178571428565,529.0,261.0,364.4404761904762,31.5,9.3,17.202976190476196
34,2020-10-21 0:00,21.3,2.2,11.287500000000001,2.76,0.01,0.5608928571428572,28.1,9.9,16.199404761904763,100.0,84.8,98.19999999999993,579.0,245.0,359.0654761904762,28.4,10.0,16.363095238095227
34,2020-10-28 0:00,20.1,0.8,10.271130952380954,2.54,0.01,0.5013095238095239,27.8,7.5,15.107142857142858,100.0,87.5,98.23392857142852,606.0,213.0,366.04761904761904,28.5,7.6,15.353273809523806
34,2020-11-04 0:00,20.5,-2.6,7.97559523809524,2.61,0.01,0.5276190476190477,28.2,7.1,14.379761904761898,100.0,86.7,98.18273809523805,508.0,212.0,353.69642857142856,28.0,7.5,14.445238095238091
34,2020-11-11 0:00,23.2,-1.4,10.028571428571427,2.4,0.01,0.5280357142857142,29.2,6.4,14.941666666666668,100.0,89.6,98.33750000000002,517.0,246.0,355.6547619047619,29.2,6.8,15.044642857142858
34,2020-11-18 0:00,22.7,0.2,10.933928571428572,2.25,0.01,0.3310714285714286,26.0,6.1,14.638095238095245,100.0,87.1,98.04107142857137,404.0,205.0,285.75,25.7,6.3,14.75059523809524
34,2020-11-25 0:00,13.0,-5.0,4.647619047619049,2.18,0.01,0.45720238095238097,25.5,7.7,13.104761904761904,100.0,88.3,98.1398809523809,503.0,204.0,322.625,24.9,8.0,13.06071428571429
34,2020-12-02 0:00,10.5,-5.7,1.8767857142857134,2.1,0.01,0.4378571428571428,28.2,8.0,13.351785714285707,100.0,92.6,98.00476190476186,484.0,204.0,331.98809523809524,27.3,7.9,13.274999999999993
34,2020-12-09 0:00,11.7,-7.5,1.4815476190476193,2.09,0.01,0.3901785714285713,27.5,7.6,12.461309523809524,100.0,89.5,98.04047619047618,474.0,201.0,318.1279761904762,26.8,7.4,12.475595238095242
34,2020-12-16 0:00,7.3,-8.0,-1.6386904761904755,2.2,0.01,0.43107142857142866,25.8,7.7,12.016666666666666,100.0,91.8,98.1875,452.0,201.0,303.4315476190476,24.8,7.2,11.794642857142858
34,2020-12-23 0:00,13.3,-5.7,2.4142857142857146,2.18,0.01,0.36738095238095253,26.1,7.7,12.43988095238095,100.0,91.4,98.00595238095246,1361.0,200.0,417.4345238095238,26.0,6.9,12.31190476190476
34,2020-12-30 0:00,7.0,-12.4,-2.396428571428572,2.15,0.01,0.4058333333333334,28.3,7.2,12.420833333333333,100.0,89.9,97.99107142857147,466.0,245.0,352.5,27.5,7.3,12.320238095238096
34,2021-01-06 0:00,3.5,-17.7,-6.727083333333331,2.21,0.01,0.44357142857142856,27.2,5.5,11.938392857142853,100.0,93.7,98.17559523809528,474.0,218.0,353.7291666666667,26.4,6.2,11.829464285714275
34,2021-01-13 0:00,15.6,-7.2,1.1476190476190469,2.44,0.01,0.4966071428571428,29.2,5.8,12.869642857142857,100.0,93.6,98.12470238095234,504.0,259.0,358.2738095238095,29.0,6.1,13.267261904761906
34,2021-01-20 0:00,14.5,-8.5,6.35357142857143,2.23,0.01,0.32690476190476203,28.2,8.7,13.192857142857147,100.0,91.1,98.09821428571429,546.0,289.0,388.4047619047619,29.0,8.8,13.580952380952372
34,2021-01-27 0:00,12.5,-7.5,1.8529761904761906,2.56,0.01,0.46434523809523814,27.1,8.1,13.330357142857142,100.0,91.6,98.02023809523813,484.0,231.0,351.625,27.1,7.6,13.323809523809526
34,2021-02-03 0:00,12.7,-7.3,1.3541666666666663,2.65,0.01,0.6027380952380952,29.6,8.4,14.053571428571423,100.0,92.0,98.12738095238099,514.0,271.0,364.75,29.4,8.5,14.19940476190476
34,2021-02-10 0:00,19.2,-6.8,4.341071428571429,2.72,0.01,0.509404761904762,25.7,8.2,13.761904761904765,100.0,92.5,98.17738095238097,558.0,254.0,401.8392857142857,27.8,8.5,13.903571428571432
34,2021-02-17 0:00,21.7,-6.1,2.978571428571429,2.79,0.01,0.6551190476190476,28.2,8.5,14.28154761904762,100.0,91.2,98.10892857142856,573.0,248.0,379.29761904761904,29.0,8.5,14.466666666666667
34,2021-02-24 0:00,16.6,-4.7,6.357738095238096,2.91,0.01,0.3773809523809523,25.6,7.8,13.83095238095238,100.0,93.3,98.16964285714282,552.0,257.0,400.2440476190476,27.1,8.2,14.406547619047624
34,2021-03-03 0:00,17.9,-2.8,7.236309523809531,3.02,0.02,0.6178571428571429,28.2,9.1,15.004166666666663,100.0,88.6,98.29404761904756,878.0,258.0,395.2857142857143,27.9,9.3,15.4827380952381
34,2021-03-10 0:00,18.8,-1.6,8.705952380952382,3.04,0.01,0.7036309523809526,29.2,7.8,15.316071428571423,100.0,88.6,98.2380952380952,565.0,259.0,368.4404761904762,30.5,8.6,15.987500000000011
34,2021-03-17 0:00,19.8,-2.1,8.079166666666667,3.25,0.01,0.7631547619047622,28.7,6.8,15.05357142857143,100.0,84.6,98.20297619047612,930.0,252.0,379.30357142857144,29.1,6.9,15.858928571428574
34,2021-03-24 0:00,22.6,-0.3,11.145238095238097,3.28,0.01,0.7414285714285712,30.5,7.4,15.629761904761898,100.0,90.4,98.31964285714282,1199.0,245.0,358.5595238095238,32.0,7.7,16.18154761904762
34,2021-03-31 0:00,22.6,2.3,12.994642857142862,3.53,0.01,0.5933928571428573,30.1,7.1,16.18630952380952,100.0,90.3,98.40357142857142,855.0,249.0,326.2202380952381,31.0,7.6,16.63750000000001
34,2021-04-07 0:00,20.8,0.1,11.337500000000006,3.52,0.01,0.8679761904761902,30.4,7.4,15.998809523809522,100.0,88.1,98.38869047619045,784.0,250.0,341.75892857142856,31.7,8.2,16.776190476190486
34,2021-04-14 0:00,24.8,-1.1,9.901190476190479,3.68,0.01,1.0525595238095238,30.9,6.6,15.396428571428569,100.0,84.1,98.25416666666669,680.0,246.0,345.98214285714283,29.9,5.9,15.774404761904764
34,2021-04-21 0:00,25.0,6.0,16.061904761904767,3.52,0.01,0.8594642857142853,31.1,7.7,17.649404761904762,100.0,89.7,98.48571428571437,355.0,259.0,295.1488095238095,32.5,7.4,18.324404761904777
34,2021-04-28 0:00,23.1,3.5,13.635714285732144,3.73,0.01,0.8716071428571434,31.5,7.0,16.917261904761897,100.0,90.3,98.39226190476194,844.0,224.0,288.04761904761904,33.4,7.3,17.67083333333333
34,2021-05-05 0:00,23.6,2.1,14.99821428571429,3.67,0.01,0.883988095238095,31.9,3.9,17.14285714285714,100.0,88.4,98.40416666666673,403.0,251.0,288.5416666666667,34.1,3.9,17.566071428571426
34,2021-05-12 0:00,29.2,11.0,19.44702380952381,3.59,0.01,0.6826190476190478,32.7,11.0,21.101785714285718,100.0,89.9,98.56547619047623,380.0,251.0,294.8333333333333,34.5,11.1,21.400595238095242
34,2021-05-19 0:00,28.2,12.5,17.062500000000004,3.44,0.01,0.7047222222222221,34.2,12.6,18.948611111111113,100.0,87.5,98.47777777777777,682.0,244.0,292.02777777777777,36.6,12.7,19.13333333333334
38,2020-09-15 0:00,25.6,10.0,19.176190476190502,3.1,0.01,0.5814285714285715,38.4,10.8,22.408333333333296,100.0,82.1,99.19166666666665,446.0,312.0,364.3333333333333,33.1,21.5,25.705380952380985
38,2020-09-22 0:00,25.5,11.8,17.71250000000001,3.01,0.01,0.6911904761904764,38.9,13.0,21.55297619047619,100.0,71.2,98.00833333333334,438.0,349.0,385.0416666666667,32.96545455,24.64581818,28.805636363630953
38,2020-09-29 0:00,26.4,10.1,17.11666666666667,3.01,0.01,0.6542261904761906,38.4,11.3,20.985119047619044,100.0,70.0,98.16964285714286,452.0,340.0,384.8809523809524,37.2,33.01527273,36.14136363636896
38,2020-10-06 0:00,23.6,6.8,15.326785714285725,2.89,0.01,0.738154761904762,33.0,11.1,18.74702380952381,100.0,81.0,98.70357142857145,462.0,339.0,386.95238095238096,37.2,30.4,34.50238095238093
38,2020-10-13 0:00,21.4,4.5,12.908333333333335,2.67,0.01,0.5509523809523807,35.8,11.1,18.49523809523809,100.0,87.3,98.71845238095239,448.0,345.0,384.1845238095238,30.5,30.5,30.5
38,2020-10-20 0:00,21.4,4.7,11.538690476190482,2.66,0.06,0.5274404761904762,36.3,12.0,18.977380952380962,100.0,29.8,79.7690476190476,573.0,348.0,423.3809523809524,30.5,30.5,30.5
38,2020-10-27 0:00,19.9,3.1,11.300595238095243,2.44,0.03,0.4523809523809524,29.3,12.5,18.60892857142856,95.2,25.0,74.4779761904762,629.0,353.0,449.8095238095238,30.5,20.0,27.786163522202383
38,2020-11-03 0:00,20.0,-1.4,8.546428571428574,2.36,0.01,0.48297619047619034,31.0,11.2,18.058928571428563,92.7,27.6,74.03452380952376,669.0,311.0,450.0,30.67792453,26.29811321,28.48801886791667
38,2020-11-10 0:00,19.2,-0.2,8.821428571428575,2.25,0.03,0.5322619047619048,28.7,10.7,17.973214285714292,97.7,30.8,74.98809523809523,647.0,333.0,458.2261904761905,35.08396226,30.70415094,32.89405660369049
38,2020-11-17 0:00,20.8,0.1,12.05892857142857,2.04,0.005,0.2317559523809524,26.7,10.8,17.885119047619046,98.2,51.5,89.13690476190479,540.0,321.0,417.8333333333333,39.8,35.11018868,37.232951482380976
38,2020-11-24 0:00,12.9,-2.3,5.967261904761905,2.05,0.01,0.3660119047619048,27.1,8.9,15.408333333333333,97.7,37.7,80.83988095238094,623.0,333.0,426.8690476190476,39.88571429,37.5,38.994090136071456
38,2020-12-01 0:00,10.1,-4.9,2.966071428571427,1.97,0.01,0.375,27.6,7.8,14.025595238095248,95.4,40.9,84.59583333333332,564.0,306.0,415.5892857142857,39.9,34.0,38.91245748297621
38,2020-12-08 0:00,11.4,-5.4,2.3821428571428567,1.92,0.01,0.30404761904761896,27.2,5.6,12.889880952380944,95.9,67.2,88.397619047619,533.0,309.0,427.0952380952381,39.9,37.9,39.12797619047621
38,2020-12-15 0:00,6.0,-8.3,-1.7666666666666662,1.96,0.01,0.3686904761904764,27.0,4.3,11.679166666666664,94.5,71.3,88.07976190476188,565.0,325.0,406.1488095238095,39.9,36.8,38.319345238095295
38,2020-12-22 0:00,13.0,-5.4,2.3827380952380954,1.91,0.01,0.32535714285714273,26.8,5.3,12.90714285714285,96.4,71.3,89.93928571428569,543.0,315.0,428.3154761904762,39.8,36.4,37.718749999999986
38,2020-12-29 0:00,12.0,-8.4,-1.2214285714285709,1.78,0.01,0.3267261904761904,26.6,5.8,11.048809523809528,96.0,75.1,91.19107142857139,532.0,279.0,395.6607142857143,39.9,35.0,37.165476190476184
38,2021-01-05 0:00,2.7,-15.4,-5.403571428571427,2.28,0.01,0.3501785714285714,25.4,2.8,9.735119047619047,97.0,74.4,91.23273809523815,599.0,277.0,410.42261904761904,39.9,31.06738056,34.02260973166666
38,2021-01-12 0:00,13.6,-7.1,0.7374999999999995,1.87,0.01,0.36553571428571424,26.9,6.0,12.690476190476184,97.5,57.4,88.9869047619048,1159.0,307.0,480.7440476190476,31.04200988,26.80510708,28.923558484047618
38,2021-01-19 0:00,11.9,-8.4,4.316071428571426,2.09,0.01,0.3257738095238095,28.1,4.8,12.854166666666666,98.8,70.8,91.582738095238,1183.0,321.0,471.95238095238096,26.77973641,22.54283361,24.66128500839286
38,2021-01-26 0:00,10.5,-7.3,2.1970238095238095,2.18,0.01,0.34488095238095245,27.2,6.4,13.007142857142858,97.8,68.5,91.45535714285708,1048.0,320.0,504.85714285714283,22.51746293,18.28056013,20.399011532261902
38,2021-02-02 0:00,12.6,-6.2,1.103273809523809,2.35,0.02,0.5097023809523806,30.5,6.9,14.557440476190472,97.0,70.1,89.09821428571433,1046.0,320.0,462.05059523809524,27.7,11.5,23.38252333886898
38,2021-02-09 0:00,16.3,-6.4,3.9833333333333343,2.5,0.01,0.44833333333333314,31.3,2.4,14.839285714285714,97.6,66.1,88.57916666666668,1000.0,331.0,449.88690476190476,27.7,10.0,21.4469576719643
38,2021-02-16 0:00,18.6,-6.0,3.49642857142857,2.65,0.01,0.5667261904761905,32.9,6.7,14.778571428571432,100.0,72.4,94.38988095238092,979.0,296.0,444.9345238095238,36.9,20.3,27.13399470898809
38,2021-02-23 0:00,15.1,-2.6,6.541666666666665,2.74,0.01,0.37708333333333344,28.8,8.5,15.782738095238106,100.0,87.7,99.65357142857144,1021.0,285.0,435.3452380952381,37.6,16.1,23.508928571428612
38,2021-03-02 0:00,16.7,-3.8,5.957142857142858,3.21,0.01,0.5914880952380954,31.0,8.6,16.258928571428573,100.0,86.5,99.51726190476191,510.0,305.0,399.76190476190476,22.9,22.9,22.900000000000063
38,2021-03-09 0:00,16.7,0.1,7.664880952380953,3.04,0.01,0.6866071428571432,28.3,5.4,15.559523809523816,100.0,83.1,99.51130952380949,700.0,333.0,424.3392857142857,22.9,22.9,22.900000000000063
38,2021-03-16 0:00,15.6,-0.2,7.8303571428571415,3.29,0.01,0.7371428571428571,28.2,9.1,15.97738095238095,100.0,84.9,99.31071428571431,523.0,307.0,388.45238095238096,23.8,10.6,22.519642857142912
38,2021-03-23 0:00,20.4,-0.1,10.226785714285713,3.25,0.01,0.7299404761904762,30.2,7.6,15.791666666666671,100.0,85.3,99.26904761904756,506.0,247.0,380.5833333333333,35.7,10.6,22.83976435934524
38,2021-03-30 0:00,19.8,2.1,11.598809523809523,3.43,0.01,0.5529166666666671,29.9,7.7,16.05654761904762,100.0,86.1,99.37916666666668,481.0,281.0,378.9345238095238,30.4,27.90927835,30.051604688273777
38,2021-04-06 0:00,21.0,1.8,10.973809523809525,3.48,0.01,0.8976785714285714,27.9,7.2,15.596428571428573,100.0,90.1,99.55714285714282,474.0,278.0,381.0,30.4,30.4,30.399999999999977
38,2021-04-13 0:00,19.1,-1.1,9.25,3.61,0.01,0.9870833333333338,28.2,4.0,14.524404761904774,100.0,79.2,99.35476190476187,424.0,265.0,356.5297619047619,30.4,30.4,30.399999999999977
38,2021-04-20 0:00,22.5,1.8,14.017261904761895,3.49,0.01,0.8905357142857142,28.6,6.5,16.90833333333334,100.0,89.8,99.35892857142859,413.0,333.0,366.625,30.4,30.4,30.399999999999977
38,2021-04-27 0:00,21.4,3.3,12.328571428571427,3.65,0.01,0.9157142857142854,30.5,7.8,16.344047619047622,100.0,86.3,99.28690476190472,392.0,293.0,350.70238095238096,30.4,30.4,30.399999999999977
38,2021-05-04 0:00,23.4,2.5,14.086309523809527,3.59,0.01,0.8322619047619049,34.9,6.2,17.8672619047619,100.0,88.4,99.28690476190475,395.0,204.0,349.32142857142856,30.4,30.4,30.399999999999977
38,2021-05-11 0:00,25.4,11.1,17.75535714285714,3.65,0.01,0.6030952380952381,32.3,13.2,21.05476190476191,100.0,91.0,99.49880952380951,420.0,202.0,319.42559523809524,30.4,30.4,30.399999999999977
38,2021-05-18 0:00,25.7,10.3,16.56805555555555,3.61,0.01,0.8523611111111109,34.7,12.8,20.31041666666667,100.0,89.6,99.46875000000001,390.0,221.0,321.3263888888889,30.4,30.4,30.400000000000034
49,2020-09-16 0:00,26.9,14.1,20.72321428571429,2.92,0.01,0.5262500000000001,16.4092445,16.4092445,16.40924450000007,78.2294609,78.2294609,78.22946090000003,703.3593394,703.3593394,703.3593394000015,17.27564541,17.27564541,17.275645409999957
49,2020-09-23 0:00,23.2,13.9,19.288095238095245,2.83,0.01,0.6333928571428571,16.4092445,16.4092445,16.40924450000007,78.2294609,78.2294609,78.22946090000003,703.3593394,703.3593394,703.3593394000015,17.27564541,17.27564541,17.275645409999957
49,2020-09-30 0:00,26.8,11.9,19.25,2.73,0.01,0.643095238095238,16.4092445,16.4092445,16.40924450000007,78.2294609,78.2294609,78.22946090000003,703.3593394,703.3593394,703.3593394000015,17.27564541,17.27564541,17.275645409999957
49,2020-10-07 0:00,22.5,13.0,18.04464285714286,2.82,0.01,0.6086904761904761,29.1,13.2,16.783519095238148,90.5,34.3,77.5294188666667,819.0,350.0,686.1651480571437,27.6,15.8,17.717219875238065
49,2020-10-14 0:00,21.0,10.2,15.350595238095247,2.58,0.02,0.6026785714285712,27.5,10.0,17.58392857142857,95.8,34.8,74.35238095238093,948.0,372.0,615.0833333333334,26.3,13.1,18.684523809523814
49,2020-10-21 0:00,22.2,6.1,14.50178571428572,2.54,0.01,0.5341666666666667,28.3,9.6,17.586309523809526,96.1,24.2,74.26249999999997,995.0,347.0,618.7559523809524,24.6,12.9,18.435119047619054
49,2020-10-28 0:00,21.9,5.3,13.7154761904762,2.35,0.01,0.4335714285714286,28.9,7.2,16.357738095238105,96.4,30.2,78.48035714285714,1051.0,380.0,711.6428571428571,23.8,11.1,17.199999999999996
49,2020-11-04 0:00,22.9,3.4,11.705952380952391,2.37,0.01,0.49773809523809526,29.2,6.1,15.478571428571424,95.6,22.8,74.73333333333332,954.0,366.0,629.3214285714286,24.1,10.0,16.50238095238096
49,2020-11-11 0:00,20.3,5.3,13.542857142857144,2.12,0.01,0.4250595238095238,30.0,5.6,15.510119047619051,96.1,28.8,77.98452380952374,1239.0,438.0,770.1607142857143,23.8,9.2,16.39880952380951
49,2020-11-18 0:00,24.9,3.3,12.275595238095239,2.04,0.02,0.30607142857142855,30.4,6.9,15.796428571428569,96.5,36.0,85.99702380952381,1134.0,325.0,610.2857142857143,25.1,10.5,16.472023809523805
49,2020-11-25 0:00,14.5,0.3,6.502380952380954,1.98,0.02,0.41279761904761925,31.1,6.8,14.320238095238096,97.2,33.8,83.78511904761906,1105.0,356.0,702.1607142857143,23.2,9.8,14.983928571428573
49,2020-12-02 0:00,11.6,-0.2,5.273214285714285,1.91,0.05,0.41410714285714284,30.9,8.2,14.442857142857143,96.1,45.2,83.86607142857144,1176.0,381.0,787.1011904761905,21.8,10.4,14.798214285714282
49,2020-12-09 0:00,12.8,-7.0,3.7660714285714283,2.01,0.02,0.3820238095238095,32.2,6.5,13.821428571428577,96.9,39.7,84.75892857142857,1163.0,421.0,770.6369047619048,20.7,9.2,14.122023809523805
49,2020-12-16 0:00,9.2,-5.8,0.5696428571428569,1.98,0.01,0.43160714285714274,32.9,7.0,13.625000000000005,97.4,38.0,84.90059523809522,1053.0,381.0,730.3869047619048,22.4,9.3,13.71845238095238
49,2020-12-23 0:00,15.0,-1.6,5.782738095238095,1.91,0.01,0.35684523809523816,34.2,8.2,14.514880952380953,98.1,48.0,87.71964285714289,1224.0,399.0,823.0178571428571,23.1,10.7,14.867857142857138
49,2020-12-30 0:00,6.1,-10.0,-1.3184523809523792,2.02,0.01,0.4304761904761903,31.7,7.7,13.869047619047619,97.6,42.9,85.83869047619048,1133.0,388.0,773.375,25.7,9.8,14.626785714285708
49,2021-01-06 0:00,4.9,-12.6,-4.826190476190477,2.09,0.01,0.4573214285714288,33.0,7.5,13.633333333333335,96.2,42.4,84.0547619047619,1095.0,418.0,775.3988095238095,23.8,9.7,14.258333333333335
49,2021-01-13 0:00,16.6,-6.0,3.0755952380952425,2.17,0.01,0.45303571428571426,34.2,8.9,15.636309523809526,96.9,39.6,85.04642857142855,1187.0,447.0,843.9345238095239,24.7,10.5,15.704761904761895
49,2021-01-20 0:00,14.4,-4.2,7.820833333333334,2.04,0.01,0.23815476190476198,34.9,9.0,14.886904761904775,98.3,41.3,90.49226190476189,1234.0,438.0,884.952380952381,22.3,11.1,15.138095238095229
49,2021-01-27 0:00,12.0,-7.3,3.617261904761905,2.42,0.03,0.49553571428571447,36.0,8.9,15.779166666666661,97.6,35.2,83.55833333333334,1227.0,411.0,765.702380952381,23.9,11.5,16.01488095238095
49,2021-02-03 0:00,15.1,-4.5,3.932738095238096,2.45,0.05,0.5830357142857142,32.5,8.5,16.09702380952381,95.9,33.6,80.41190476190471,1185.0,402.0,780.1011904761905,23.9,11.5,16.80952380952381
49,2021-02-10 0:00,16.7,-2.6,7.237500000000001,2.46,0.04,0.5290476190476189,30.7,9.2,16.305952380952377,95.8,27.3,80.05595238095239,1268.0,455.0,814.7440476190476,28.1,12.0,17.39285714285715
49,2021-02-17 0:00,24.8,-8.2,6.225,2.66,0.06,0.6685119047619048,30.6,8.5,16.019047619047633,95.4,29.3,73.57202380952384,1010.0,419.0,700.6130952380952,30.3,11.0,17.974404761904754
49,2021-02-24 0:00,13.9,1.3,7.348214285714282,2.56,0.01,0.31690476190476186,31.4,9.6,15.10714285714286,96.6,41.3,85.70416666666672,1031.0,321.0,707.125,26.9,11.2,16.017857142857146
49,2021-03-03 0:00,15.6,0.1,7.46130952380952,2.96,0.01,0.4885119047619048,33.9,9.8,16.457142857142856,96.7,32.9,82.37976190476196,1055.0,399.0,695.0416666666666,33.5,11.5,17.498809523809523
49,2021-03-10 0:00,20.9,3.0,11.145833333333334,2.98,0.01,0.6216071428571429,31.6,8.2,16.907738095238088,95.8,21.7,73.79821428571431,1058.0,504.0,733.4940476190476,30.2,11.9,18.380357142857143
49,2021-03-17 0:00,19.3,3.7,10.611904761904757,3.18,0.02,0.6099404761904763,30.8,9.9,17.531547619047622,96.2,21.2,75.48154761904762,1153.0,414.0,679.7678571428571,31.7,13.0,18.75
49,2021-03-24 0:00,20.2,8.1,14.774404761904751,3.2,0.01,0.7429166666666668,33.2,9.3,19.043452380952388,95.1,23.1,68.37202380952382,1058.0,454.0,691.0178571428571,32.0,13.2,20.486904761904754
49,2021-03-31 0:00,19.0,5.8,12.146428571428574,3.21,0.02,0.6293452380952379,29.2,9.2,17.438095238095226,95.9,29.3,77.3577380952381,1194.0,373.0,667.2142857142857,29.2,12.3,18.525
49,2021-04-07 0:00,20.7,3.8,12.75952380952381,3.38,0.04,0.7733928571428573,28.5,7.1,17.842857142857138,95.5,31.2,74.82976190476191,1107.0,364.0,629.1904761904761,28.1,10.5,19.072619047619053
49,2021-04-14 0:00,24.8,7.2,14.151190476190473,3.46,0.01,0.9201190476190472,33.5,9.6,19.177976190476194,93.4,19.3,64.77499999999998,1099.0,413.0,655.8988095238095,29.7,13.6,20.426190476190477
49,2021-04-21 0:00,22.7,7.3,14.719642857142864,3.46,0.01,0.8825595238095234,33.8,7.3,18.582142857142863,91.5,24.7,66.31428571428572,1068.0,394.0,628.5714285714286,29.0,11.8,19.832738095238103
49,2021-04-28 0:00,25.0,9.4,16.086309523809526,3.51,0.01,0.8161904761904762,30.6,9.4,18.434523809523814,91.7,24.4,65.0190476190476,946.0,391.0,546.4940476190476,30.8,13.1,19.76845238095238
49,2021-05-05 0:00,26.7,11.2,18.083333333333336,3.61,0.01,0.8792857142857142,34.0,9.3,20.011309523809512,93.7,21.7,58.01666666666667,724.0,374.0,523.7678571428571,32.7,13.7,21.096428571428575
49,2021-05-12 0:00,21.8,12.1,16.277380952380952,3.44,0.01,0.5745833333333336,31.0,12.1,19.267261904761913,94.7,44.8,81.70476190476187,740.0,432.0,584.2916666666666,29.1,14.9,19.947619047619042
49,2021-05-19 0:00,27.3,16.4,20.002777777777776,3.49,0.01,0.7994444444444445,39.5,14.6,22.227777777777774,94.9,25.8,69.78055555555552,680.0,385.0,573.0833333333334,34.3,16.8,22.863888888888894
52,2020-06-04 0:00,32.8,15.8,24.107142857142858,0.0351,0.0003,0.008801190476190473,35.8,18.7,26.22678571428573,100.0,64.9,93.42202380952375,693.0,363.0,429.8809523809524,29.3,21.1,24.58333333333332
52,2020-06-11 0:00,32.1,16.9,24.27321428571428,0.036699999999999997,0.0002,0.007082142857142857,39.5,19.4,27.40386904761906,98.4,34.4,83.52797619047621,583.0,354.0,417.17261904761904,31.5,21.4,26.1845238095238
52,2020-06-18 0:00,31.4,16.3,22.349404761904754,0.0374,0.0001,0.007510119047619048,35.8,18.5,25.25,98.7,46.1,88.11785714285716,603.0,333.0,400.80357142857144,32.0,20.4,24.926785714285707
52,2020-06-25 0:00,32.8,19.4,23.73452380952382,0.0351,0.0001,0.006151190476190475,39.3,20.2,26.288095238095224,98.3,68.7,87.78392857142859,428.0,334.0,372.73214285714283,35.7,21.8,26.340476190476195
52,2020-07-02 0:00,30.8,16.9,22.496428571428577,0.0336,0.0002,0.0054773809523809515,37.1,18.0,24.76845238095237,97.9,74.5,89.60833333333335,420.0,328.0,366.23809523809524,30.8,20.2,24.598214285714285
52,2020-07-09 0:00,30.5,18.1,21.76607142857144,0.0297,0.0001,0.0039398809523809525,35.9,19.6,24.049404761904764,98.4,75.2,93.00833333333333,427.0,316.0,359.25,31.7,20.8,24.35357142857142
52,2020-07-16 0:00,30.3,18.5,23.788690476190467,0.0355,0.0001,0.006360119047619048,38.4,20.1,26.274404761904766,98.3,69.5,91.1125,423.0,328.0,364.5654761904762,35.3,21.0,26.03988095238095
52,2020-07-23 0:00,28.6,20.1,22.716666666666665,0.022400000000000003,0.0001,0.0028345238095238098,36.9,20.9,24.981547619047607,99.2,75.3,95.36130952380942,421.0,315.0,368.1666666666667,30.4,21.4,24.66845238095238
52,2020-07-30 0:00,32.1,21.7,26.426190476190474,0.0302,0.0002,0.005091071428571426,39.3,22.4,28.59285714285715,99.1,75.7,92.14880952380955,491.0,338.0,384.14285714285717,33.7,23.4,27.783333333333324
52,2020-08-06 0:00,30.4,22.8,25.794642857142847,0.028999999999999998,0.0001,0.002831547619047619,37.0,23.9,27.222023809523815,99.2,78.8,95.68571428571423,450.0,340.0,369.625,31.2,24.3,26.739285714285707
52,2020-08-13 0:00,35.9,22.8,28.26666666666667,0.0342,0.0001,0.009274999999999997,39.5,23.7,30.40386904761904,99.2,74.1,90.55892857142858,539.0,356.0,408.3154761904762,35.5,25.3,29.18333333333334
52,2020-08-20 0:00,35.6,21.5,27.08809523809524,0.034300000000000004,0.0001,0.006835714285714285,39.3,22.4,29.233333333333327,98.7,74.0,91.2029761904762,530.0,349.0,405.38392857142856,34.1,24.4,28.25059523809524
52,2020-08-27 0:00,33.2,22.4,26.083928571428558,0.0276,0.0001,0.004489880952380953,38.3,22.8,27.872023809523803,99.2,58.4,90.94107142857138,556.0,336.0,391.4047619047619,32.6,24.0,27.53988095238093
52,2020-09-03 0:00,29.0,16.0,22.076785714285723,0.0323,0.0001,0.004834523809523809,36.0,17.3,24.15119047619048,99.5,52.1,88.19345238095237,507.0,316.0,381.38690476190476,30.2,19.7,23.730357142857137
52,2020-09-10 0:00,28.3,17.8,21.521428571428576,0.0323,0.0001,0.004586309523809523,35.2,18.9,23.72321428571428,99.6,53.3,88.52083333333337,495.0,331.0,381.1547619047619,29.8,20.5,23.30059523809523
52,2020-09-17 0:00,26.6,10.3,17.842261904761912,0.0304,0.0001,0.005323214285714284,31.4,11.2,20.261309523809512,99.4,44.1,85.89583333333333,455.0,316.0,361.9761904761905,27.2,15.5,20.302380952380958
52,2020-09-24 0:00,25.1,9.3,17.88630952380952,0.0301,0.0001,0.0065214285714285695,35.1,10.6,20.911309523809514,99.0,49.1,82.67619047619048,464.0,317.0,363.5952380952381,28.6,15.5,21.144642857142863
52,2020-10-01 0:00,26.0,8.0,17.777976190476178,0.028999999999999998,0.0001,0.006128571428571428,35.6,9.8,20.799404761904754,100.0,44.4,81.6827380952381,467.0,293.0,360.50892857142856,27.2,14.5,20.632738095238096
52,2020-10-08 0:00,24.3,6.1,16.405357142857138,0.0282,0.0007000000000000001,0.005714285714285713,35.1,10.7,20.9297619047619,100.0,45.9,82.20238095238089,529.0,305.0,394.6845238095238,29.4,13.9,21.28035714285715
52,2020-10-15 0:00,22.0,4.0,12.454166666666666,0.027999999999999997,0.0001,0.005095238095238094,34.6,8.5,18.280952380952378,99.0,42.6,84.76785714285715,553.0,305.0,423.89285714285717,29.0,13.0,19.458928571428572
52,2020-10-22 0:00,22.3,3.8,12.881547619047616,0.0268,0.0003,0.0056738095238095245,32.8,8.4,18.64166666666668,99.1,44.4,86.68333333333328,797.0,329.0,433.64285714285717,29.2,11.9,19.785119047619045
52,2020-10-29 0:00,19.0,-0.6,9.72261904761905,0.025699999999999997,0.0003,0.004923214285714284,30.8,6.4,16.334523809523812,98.95,50.3,88.58839285714286,1303.0,315.0,477.4434523809524,27.7,10.6,17.841666666666658
52,2020-11-05 0:00,22.4,-2.9,9.004761904761907,0.0235,0.0001,0.004772619047619046,28.0,6.8,15.175595238095244,99.1,72.1,90.88273809523807,1223.0,299.0,533.577380952381,24.4,9.5,16.687499999999996
52,2020-11-12 0:00,21.7,-1.1,10.947619047619046,0.022400000000000003,0.0001,0.004036309523809523,24.8,7.9,15.532142857142858,100.0,76.3,91.57827380952384,948.0,321.0,473.82142857142856,22.4,12.2,16.963988095238108
52,2020-11-19 0:00,22.3,0.6,9.429166666666665,0.0213,0.0001,0.0032470238095238095,24.4,7.0,14.149404761904767,100.0,78.5,93.6255952380952,785.0,294.0,401.4583333333333,22.5,11.7,15.830357142857146
52,2020-11-26 0:00,13.5,-3.5,5.082142857142858,0.020499999999999997,0.0001,0.003877380952380953,25.6,7.5,13.617857142857144,100.0,77.3,95.27440476190479,1209.0,277.0,465.0654761904762,21.5,11.4,15.33333333333334
52,2020-12-03 0:00,11.9,-6.0,3.528869047619049,0.020499999999999997,0.0001,0.004063690476190476,26.4,6.2,12.811904761904762,100.0,40.4,91.3235119047619,1242.0,287.0,519.3095238095239,19.5,10.4,14.535714285714283
52,2020-12-10 0:00,12.7,-7.2,1.65,0.0206,0.0001,0.0038690476190476183,23.8,6.6,12.395238095238096,96.1,47.8,84.89940476190475,1377.0,301.0,589.889880947619,20.2,10.1,14.201190476190474
52,2020-12-17 0:00,8.8,-7.4,-0.10535714285714294,0.021,0.0001,0.0036988095238095235,22.1,7.3,12.389285714285714,98.8,52.1,85.19821428571433,1387.0,316.0,623.1220238113095,20.5,11.1,15.099404761904774
52,2020-12-24 0:00,13.1,-6.7,1.8672619047619057,0.019799999999999998,0.0001,0.0032494047619047615,23.7,7.7,13.42797619047619,99.0,47.0,87.31130952380947,1340.0,284.0,624.25,22.7,11.8,16.388690476190472
52,2020-12-31 0:00,7.8,-7.8,-1.0392857142857148,0.0208,0.0001,0.003988095238095238,26.8,7.5,13.138690476190474,99.0,58.7,86.08750000000002,1393.0,305.0,648.1488095238095,23.3,11.3,16.107738095238094
52,2021-01-07 0:00,12.2,-13.9,-4.555357142857139,0.0223,0.0002,0.004332738095238096,26.7,7.2,12.752976190476193,97.0,54.4,83.68333333333338,1387.0,392.0,883.0863095238095,23.7,10.2,15.502380952380948
52,2021-01-14 0:00,16.3,-9.6,0.7226190476190492,0.023,0.0004,0.0045196428571428575,26.7,7.9,14.078571428571427,96.3,50.0,88.50892857142858,1373.0,347.0,795.1815476172619,23.8,11.1,16.860714285714288
52,2021-01-21 0:00,13.8,-5.9,6.6416666666666675,0.023399999999999997,0.0001,0.0028035714285714283,26.4,8.1,15.01071428571429,99.5,41.4,90.94166666666666,1396.0,343.0,977.8303571392856,25.0,12.9,17.570833333333326
52,2021-01-28 0:00,11.9,-8.4,1.3660714285714282,0.025099999999999997,0.0005,0.004745833333333333,26.6,8.0,14.946428571428571,97.4,44.6,84.09047619047614,1371.0,344.0,687.014880952381,24.7,12.9,18.281547619047615
52,2021-02-04 0:00,15.7,-5.9,2.8208333333333337,0.026000000000000002,0.0013,0.005889285714285714,26.3,8.0,15.148214285714303,98.4,38.1,80.72916666666663,1323.0,343.0,698.2648809505952,24.7,13.2,18.407738095238095
52,2021-02-11 0:00,19.9,-5.3,4.022023809523811,0.026600000000000002,0.0001,0.005042857142857143,30.2,8.7,15.162500000000007,98.9,34.3,84.41547619047617,1387.0,323.0,627.2827380952381,23.8,13.2,17.827976190476186
52,2021-02-18 0:00,24.0,-7.5,5.657142857142858,0.0276,0.0001,0.006426785714285714,30.7,8.1,15.489285714285716,100.0,31.8,85.0267857142857,1368.0,321.0,561.3452380952381,26.0,13.6,18.754761904761917
52,2021-02-25 0:00,15.3,-3.4,6.509523809523809,0.0305,0.0001,0.004195833333333331,26.5,7.9,14.414285714285716,99.0,42.6,85.47976190476186,1382.0,300.0,642.0119047654762,24.0,12.8,17.59821428571428
52,2021-03-04 0:00,18.7,-1.0,8.098809523809523,0.0298,0.0001,0.005865476190476191,26.0,9.2,15.651785714285712,99.0,38.8,81.6994047619047,1260.0,306.0,586.3392857142857,25.1,13.3,18.523809523809533
52,2021-03-11 0:00,20.6,0.5,10.106547619047612,0.0318,0.0001,0.0063041666666666645,25.9,6.5,15.099999999999998,99.1,34.1,76.23154761904759,1249.0,294.0,454.1845238095238,24.1,11.9,17.356547619047625
52,2021-03-18 0:00,19.2,-1.2,9.504166666666666,0.0319,0.0003,0.0064029761904761924,25.9,6.3,15.13809523809524,95.3,36.1,74.68095238095238,606.0,268.0,382.57738095238096,25.3,12.3,17.71964285714286
52,2021-03-25 0:00,23.8,1.6,12.597023809523813,0.0339,0.0007000000000000001,0.006523214285714287,28.3,6.0,16.114880952380954,98.5,34.6,75.97261904761906,560.0,306.0,384.76190476190476,26.1,11.7,17.72083333333333
52,2021-04-01 0:00,22.2,1.2,13.358928571428569,0.0348,0.0001,0.006644642857142858,28.6,4.2,16.026785714285715,99.0,35.8,73.90416666666667,418.0,281.0,342.86309523809524,24.4,10.2,17.424999999999986
52,2021-04-08 0:00,21.3,2.4,11.466071428571427,0.0369,0.0002,0.00793154761904762,26.9,4.1,14.814880952380964,99.0,33.5,74.57738095238095,419.0,273.0,337.63690476190476,24.4,10.3,16.460119047619035
52,2021-04-15 0:00,26.4,0.7,13.173214285714293,0.0371,0.0001,0.008400595238095235,32.8,5.0,16.861309523809524,100.0,36.2,93.08869047619048,541.0,322.0,390.8392857142857,26.4,10.4,18.074404761904766
52,2021-04-22 0:00,24.7,5.2,15.612499999999995,0.0351,0.0003,0.007452976190476193,31.1,6.3,17.609523809523814,97.5,38.5,68.8732142857143,423.0,283.0,346.9107142857143,25.1,11.9,18.434523809523803
52,2021-04-29 0:00,23.5,4.0,14.5827380952381,0.0371,0.0001,0.007657738095238097,29.8,5.3,17.132142857142863,98.4,32.3,71.38869047619048,388.0,286.0,335.20238095238096,25.6,11.4,18.16904761904762
52,2021-05-06 0:00,25.3,2.7,15.529761904761905,0.0368,0.0001,0.007499404761904762,30.0,4.3,17.719047619047615,95.7,37.0,72.2309523809524,453.0,270.0,345.5059523809524,24.8,10.7,18.310119047619054
52,2021-05-13 0:00,30.4,11.0,20.058928571428563,0.0368,0.0001,0.006288690476190475,34.6,11.6,21.676785714285717,100.0,36.1,87.35238095238094,446.0,321.0,371.48809523809524,28.1,16.4,21.6029761904762
52,2021-05-20 0:00,29.1,10.3,18.554487179487182,0.0371,0.0001,0.006747435897435898,35.2,11.7,20.60576923076923,99.0,40.5,76.275,479.0,323.0,367.2307692307692,27.6,15.5,20.958974358974356
