도,시군,품목,작기,농가명,조사일자,덩굴구분,개체번호,초장,마디수,평균절간장,줄기굵기,엽장,엽폭,엽수,암꽃수,착과수
경기,안성,오이,1,001,2020-02-20,,1,12.9,3,4.3,4.00,7.0,8.0,3,0,0
경기,안성,오이,1,001,2020-02-20,,2,10.4,3,3.5,5.20,7.4,9.0,3,0,0
경기,안성,오이,1,001,2020-02-20,,3,12.0,3,4.0,4.20,9.5,11.4,3,0,0
경기,안성,오이,1,001,2020-02-20,,4,12.0,4,3.0,5.40,9.5,12.4,4,0,0
경기,안성,오이,1,001,2020-02-27,,1,15.8,4,4.0,4.90,9.8,12.5,4,0,0
경기,안성,오이,1,001,2020-02-27,,2,14.0,4,3.5,6.30,11.2,14.8,4,0,0
경기,안성,오이,1,001,2020-02-27,,3,21.9,5,4.4,6.30,12.5,16.5,5,0,0
경기,안성,오이,1,001,2020-02-27,,4,17.6,5,3.5,6.60,12.5,16.2,5,0,0
경기,안성,오이,1,001,2020-03-05,,1,23.0,5,4.6,6.30,12.0,17.0,5,0,0
경기,안성,오이,1,001,2020-03-05,,2,22.4,5,4.5,7.30,14.0,18.0,5,0,0
경기,안성,오이,1,001,2020-03-05,,3,36.1,7,5.2,6.70,16.0,21.5,7,0,0
경기,안성,오이,1,001,2020-03-05,,4,27.5,6,4.6,6.60,13.8,20.5,6,0,0
경기,안성,오이,1,001,2020-03-12,,1,33.6,7,4.8,7.40,13.4,20.5,6,0,0
경기,안성,오이,1,001,2020-03-12,,2,34.3,7,4.9,8.00,16.0,22.0,6,0,0
경기,안성,오이,1,001,2020-03-12,,3,56.0,9,6.2,8.00,17.5,27.0,7,0,0
경기,안성,오이,1,001,2020-03-12,,4,40.2,8,5.0,8.00,16.4,24.2,6,0,0
경기,안성,오이,1,001,2020-03-19,,1,45.2,9,5.0,7.80,14.6,23.0,8,0,0
경기,안성,오이,1,001,2020-03-19,,2,53.6,10,5.4,9.40,17.6,27.5,9,0,0
경기,안성,오이,1,001,2020-03-19,,3,81.2,11,7.4,8.90,20.6,31.9,9,1,1
경기,안성,오이,1,001,2020-03-19,,4,56.6,10,5.7,9.00,19.0,29.0,8,0,0
경기,안성,오이,1,001,2020-04-09,,1,146.5,17,7.7,8.90,19.0,30.3,14,2,0
경기,안성,오이,1,001,2020-04-09,,2,164.5,19,8.7,10.40,24.0,36.0,13,2,0
경기,안성,오이,1,001,2020-04-09,,3,225.6,22,10.3,9.60,26.4,38.2,16,1,0
경기,안성,오이,1,001,2020-04-09,,4,160.7,19,8.5,9.60,19.8,32.0,12,1,0
경기,안성,오이,1,001,2020-04-16,,1,189.3,21,8.2,8.70,21.3,33.5,16,2,3
경기,안성,오이,1,001,2020-04-16,,2,213.5,23,9.3,10.20,24.7,35.0,15,1,0
경기,안성,오이,1,001,2020-04-16,,3,279.1,26,10.7,8.90,22.0,34.0,14,1,1
경기,안성,오이,1,001,2020-04-16,,4,203.6,23,8.9,8.40,22.2,32.8,15,0,2
경기,안성,오이,1,001,2020-04-23,,1,230.2,24,8.9,8.60,19.5,27.0,15,1,5
경기,안성,오이,1,001,2020-04-23,,2,262.2,28,9.4,9.40,21.2,30.0,17,1,7
경기,안성,오이,1,001,2020-04-23,,3,326.3,29,11.3,9.30,22.0,31.2,15,1,9
경기,안성,오이,1,001,2020-04-23,,4,240.9,26,9.3,7.60,21.0,31.0,15,2,5
경기,안성,오이,1,001,2020-04-29,,1,260.3,27,9.0,8.90,19.5,29.0,18,1,6
경기,안성,오이,1,001,2020-04-29,,2,295.7,31,9.5,9.60,20.0,29.8,19,2,8
경기,안성,오이,1,001,2020-04-29,,3,367.6,32,11.5,8.30,21.0,31.0,14,2,8
경기,안성,오이,1,001,2020-04-29,,4,275.0,29,9.5,8.60,20.4,30.6,18,2,6
경기,안성,오이,1,001,2020-05-08,,1,311.7,32,9.2,8.40,16.8,26.6,17,0,7
경기,안성,오이,1,001,2020-05-08,,2,356.3,37,9.6,7.80,17.0,26.0,22,2,5
경기,안성,오이,1,001,2020-05-08,,3,432.0,37,11.7,7.90,20.0,31.0,14,1,8
경기,안성,오이,1,001,2020-05-08,,4,337.2,33,10.2,7.10,18.8,28.4,16,0,7
경기,안성,오이,1,001,2020-05-14,,1,341.5,35,9.2,7.50,16.5,24.6,20,3,7
경기,안성,오이,1,001,2020-05-14,,2,382.3,40,9.6,7.70,15.4,22.0,25,2,6
경기,안성,오이,1,001,2020-05-14,,3,466.6,40,11.7,8.00,13.2,21.0,17,1,8
경기,안성,오이,1,001,2020-05-14,,4,372.0,36,10.3,7.60,19.4,30.0,19,1,8
경기,안성,오이,1,001,2020-05-21,,1,376.2,38,9.4,6.30,16.0,24.0,23,1,6
경기,안성,오이,1,001,2020-05-21,,2,394.0,41,9.6,6.90,13.5,21.2,10,0,6
경기,안성,오이,1,001,2020-05-21,,3,503.4,43,11.7,7.30,13.5,22.5,12,1,8
경기,안성,오이,1,001,2020-05-21,,4,415.4,40,10.4,7.20,19.6,29.2,16,1,9
경기,안성,오이,1,001,2020-05-28,,1,390.8,39,9.5,6.80,17.2,25.6,22,1,4
경기,안성,오이,1,001,2020-05-28,,2,,,,,,,,,
경기,안성,오이,1,001,2020-05-28,,3,509.8,43,11.9,8.10,7.2,16.0,9,1,5
경기,안성,오이,1,001,2020-05-28,,4,427.2,40,10.7,8.40,20.2,29.2,16,1,7
경기,안성,오이,1,001,2020-06-04,,1,390.8,39,9.5,7.00,17.0,26.5,12,0,7
경기,안성,오이,1,001,2020-06-04,,2,,,,,,,,,
경기,안성,오이,1,001,2020-06-04,,3,510.3,43,11.9,8.10,16.5,26.0,9,0,3
경기,안성,오이,1,001,2020-06-04,,4,427.2,40,10.7,8.90,19.4,30.0,13,0,4
경기,안성,오이,2,001,2020-06-18,,1,18.1,3,6.0,4.00,8.4,7.1,3,0,0
경기,안성,오이,2,001,2020-06-18,,2,17.0,4,4.2,5.80,14.0,15.5,4,0,0
경기,안성,오이,2,001,2020-06-18,,3,21.3,5,4.3,5.90,14.6,17.0,5,0,0
경기,안성,오이,2,001,2020-06-18,,4,16.7,3,5.6,5.10,9.2,12.5,3,0,0
경기,안성,오이,2,001,2020-06-25,,1,39.5,8,4.9,7.60,13.5,17.0,6,0,0
경기,안성,오이,2,001,2020-06-25,,2,65.2,11,5.9,7.90,18.5,22.2,9,0,0
경기,안성,오이,2,001,2020-06-25,,3,68.0,11,6.2,8.00,15.0,17.7,9,0,0
경기,안성,오이,2,001,2020-06-25,,4,43.9,9,4.9,7.70,13.4,17.0,8,0,0
경기,안성,오이,2,001,2020-07-02,,1,97.5,14,7.0,7.60,15.6,20.0,12,0,0
경기,안성,오이,2,001,2020-07-02,,2,131.9,18,7.3,7.50,18.0,23.6,16,0,0
경기,안성,오이,2,001,2020-07-02,,3,135.1,18,7.5,8.30,17.0,23.6,16,0,0
경기,안성,오이,2,001,2020-07-02,,4,107.8,16,6.7,7.20,18.2,26.3,15,0,0
경기,안성,오이,2,001,2020-07-09,,1,174.1,20,8.7,8.60,21.6,27.3,18,1,1
경기,안성,오이,2,001,2020-07-09,,2,167.1,20,8.4,8.90,21.0,25.3,18,2,4
경기,안성,오이,2,001,2020-07-09,,3,175.0,21,8.3,9.50,21.4,25.0,19,1,4
경기,안성,오이,2,001,2020-07-09,,4,169.4,20,8.5,8.10,24.5,31.0,19,2,2
경기,안성,오이,2,001,2020-07-16,,1,176.0,20,8.8,8.60,22.4,28.5,18,1,3
경기,안성,오이,2,001,2020-07-16,,2,167.4,20,8.4,9.60,22.0,25.6,17,0,4
경기,안성,오이,2,001,2020-07-16,,3,175.0,21,8.3,9.50,22.0,25.6,19,0,3
경기,안성,오이,2,001,2020-07-16,,4,169.5,20,8.5,8.80,25.0,31.8,16,0,4
경기,안성,오이,2,001,2020-07-23,,1,177.7,20,8.9,8.60,22.5,29.4,14,0,2
경기,안성,오이,2,001,2020-07-23,,2,167.4,20,8.4,9.60,22.0,28.0,17,0,0
경기,안성,오이,2,001,2020-07-23,,3,175.0,21,8.3,10.00,22.0,26.0,15,0,2
경기,안성,오이,2,001,2020-07-23,,4,169.5,20,8.5,9.00,25.5,29.4,14,0,2
경기,안성,오이,2,001,2020-07-30,,1,177.7,20,8.9,8.50,20.8,29.3,10,0,0
경기,안성,오이,2,001,2020-07-30,,2,167.4,20,8.4,9.90,22.0,28.0,16,0,0
경기,안성,오이,2,001,2020-07-30,,3,175.0,21,8.3,10.00,22.0,26.0,10,0,0
경기,안성,오이,2,001,2020-07-30,,4,169.5,20,8.5,9.30,25.5,29.4,12,0,1
경기,안성,오이,3,001,2020-09-17,,1,16.5,5,3.3,6.70,12.8,16.0,5,0,0
경기,안성,오이,3,001,2020-09-17,,2,22.2,6,3.7,7.50,14.0,18.5,6,0,0
경기,안성,오이,3,001,2020-09-17,,3,25.8,6,4.3,7.30,13.5,17.0,6,0,0
경기,안성,오이,3,001,2020-09-17,,4,28.3,6,4.7,7.10,14.2,17.3,6,0,0
경기,안성,오이,3,001,2020-09-23,,1,43.5,9,4.8,7.10,14.5,19.0,9,0,0
경기,안성,오이,3,001,2020-09-23,,2,53.0,9,5.9,6.70,16.6,21.5,9,0,0
경기,안성,오이,3,001,2020-09-23,,3,56.2,9,6.2,6.20,17.0,23.0,9,0,0
경기,안성,오이,3,001,2020-09-23,,4,64.2,10,6.4,7.40,19.5,26.2,10,0,0
경기,안성,오이,3,001,2020-10-08,,1,179.5,18,10.0,6.80,24.5,32.3,18,1,5
경기,안성,오이,3,001,2020-10-08,,2,175.7,18,9.8,8.40,24.5,34.3,18,1,5
경기,안성,오이,3,001,2020-10-08,,3,184.1,18,10.2,8.80,26.6,35.5,18,2,6
경기,안성,오이,3,001,2020-10-08,,4,202.8,19,10.7,8.10,27.1,34.6,18,1,7
경기,안성,오이,3,001,2020-10-15,,1,181.1,18,10.1,6.80,25.0,33.3,16,1,10
경기,안성,오이,3,001,2020-10-15,,2,178.7,18,9.9,8.40,24.8,34.0,15,1,11
경기,안성,오이,3,001,2020-10-15,,3,185.6,18,10.3,8.80,26.3,35.0,16,1,8
경기,안성,오이,3,001,2020-10-15,,4,203.3,19,10.7,8.20,26.3,37.5,17,1,10
경기,안성,오이,3,001,2020-10-22,,1,184.6,18,10.3,7.80,2.5,33.5,16,0,7
경기,안성,오이,3,001,2020-10-22,,2,186.0,18,10.3,8.30,26.4,34.6,15,0,9
경기,안성,오이,3,001,2020-10-22,,3,186.8,18,10.4,8.80,27.0,35.8,16,0,6
경기,안성,오이,3,001,2020-10-22,,4,205.7,19,10.8,9.10,26.2,35.5,17,0,8
경기,안성,오이,3,001,2020-10-29,,1,184.6,18,10.3,7.80,25.3,34.8,16,0,4
경기,안성,오이,3,001,2020-10-29,,2,186.0,18,10.3,8.30,26.4,34.8,14,0,7
경기,안성,오이,3,001,2020-10-29,,3,186.8,18,10.4,8.80,26.6,35.5,15,0,2
경기,안성,오이,3,001,2020-10-29,,4,205.7,19,10.8,9.10,28.0,37.7,16,0,3
경기,안성,오이,3,001,2020-11-05,,1,184.6,18,10.3,7.80,25.4,34.0,16,0,3
경기,안성,오이,3,001,2020-11-05,,2,186.0,18,10.3,8.30,25.2,34.4,14,0,2
경기,안성,오이,3,001,2020-11-05,,3,186.8,18,10.4,8.80,26.5,33.2,14,0,2
경기,안성,오이,3,001,2020-11-05,,4,205.7,19,10.8,9.10,28.2,37.0,16,0,2
경기,안성,오이,3,001,2020-11-12,,1,184.6,18,10.3,7.80,25.9,35.1,14,0,0
경기,안성,오이,3,001,2020-11-12,,2,186.0,18,10.3,8.30,23.7,34.2,13,0,0
경기,안성,오이,3,001,2020-11-12,,3,186.8,18,10.4,8.80,15.1,38.0,14,0,0
경기,안성,오이,3,001,2020-11-12,,4,205.7,19,10.8,9.10,28.0,37.5,8,0,0
경기,안성,오이,1,002,2021-03-18,,1,397.6,40,9.9,7.20,14.0,19.5,17,2,4
경기,안성,오이,1,002,2021-03-18,,2,409.2,40,10.2,7.30,14.8,20.2,25,0,4
경기,안성,오이,1,002,2021-03-18,,3,378.2,36,10.5,6.60,12.0,17.7,22,1,6
경기,안성,오이,1,002,2021-03-18,,4,481.5,44,10.9,6.50,12.5,20.7,29,0,7
경기,안성,오이,1,002,2021-03-25,,1,422.9,42,10.1,7.40,12.0,18.0,12,0,6
경기,안성,오이,1,002,2021-03-25,,2,435.7,43,10.1,6.40,13.8,18.8,20,1,6
경기,안성,오이,1,002,2021-03-25,,3,400.1,38,10.5,7.90,13.7,18.3,19,1,9
경기,안성,오이,1,002,2021-03-25,,4,507.9,47,10.8,5.60,14.6,22.5,15,0,8
경기,안성,오이,1,002,2021-04-01,,1,453.0,45,10.1,7.70,13.2,23.2,11,0,4
경기,안성,오이,1,002,2021-04-01,,2,462.0,46,10.0,8.90,11.5,16.5,22,1,4
경기,안성,오이,1,002,2021-04-01,,3,435.5,41,10.6,6.60,11.0,22.0,13,0,8
경기,안성,오이,1,002,2021-04-01,,4,545.0,50,10.9,6.60,14.6,26.0,17,1,8
경기,안성,오이,1,002,2021-04-08,,1,492.7,48,10.3,8.90,13.0,23.7,13,1,6
경기,안성,오이,1,002,2021-04-08,,2,496.6,48,10.3,8.90,10.0,18.5,13,2,6
경기,안성,오이,1,002,2021-04-08,,3,471.9,44,10.7,9.20,14.2,23.3,12,1,8
경기,안성,오이,1,002,2021-04-08,,4,585.9,54,10.8,1.02,14.0,22.6,20,1,8
경기,안성,오이,1,002,2021-04-14,,1,525.9,51,10.3,8.50,15.5,25.5,15,2,9
경기,안성,오이,1,002,2021-04-14,,2,527.3,51,10.3,8.20,14.0,22.0,14,1,9
경기,안성,오이,1,002,2021-04-14,,3,505.8,48,10.5,8.60,15.0,24.2,20,2,7
경기,안성,오이,1,002,2021-04-14,,4,621.4,57,10.9,2.65,15.5,25.0,23,0,8
경기,안성,오이,1,002,2021-04-22,,1,568.7,56,10.2,9.30,15.5,24.0,20,4,6
경기,안성,오이,1,002,2021-04-22,,2,572.2,55,10.4,8.20,13.0,20.5,17,3,6
경기,안성,오이,1,002,2021-04-22,,3,554.5,52,10.7,7.80,16.0,24.5,19,5,9
경기,안성,오이,1,002,2021-04-22,,4,661.6,60,11.0,8.30,16.0,22.2,22,3,7
경기,안성,오이,1,002,2021-04-29,,1,615.5,60,10.3,8.40,17.8,22.5,22,4,9
경기,안성,오이,1,002,2021-04-29,,2,625.0,59,10.6,7.10,16.5,24.0,22,3,9
경기,안성,오이,1,002,2021-04-29,,3,597.6,56,10.7,7.60,17.0,24.0,23,5,5
경기,안성,오이,1,002,2021-04-29,,4,729.8,65,11.2,5.60,18.0,23.5,27,2,10
경기,안성,오이,1,002,2021-05-07,,1,660.2,63,10.5,10.20,8.0,25.0,25,3,8
경기,안성,오이,1,002,2021-05-07,,2,681.6,64,10.6,8.90,17.0,24.0,3,0,8
경기,안성,오이,1,002,2021-05-07,,3,658.0,60,11.0,8.60,17.0,24.0,27,3,10
경기,안성,오이,1,002,2021-05-07,,4,761.0,67,11.4,7.20,17.5,25.0,26,3,9
경기,안성,오이,1,002,2021-05-13,,1,702.9,67,10.5,10.30,18.4,25.8,29,2,9
경기,안성,오이,1,002,2021-05-13,,2,719.1,69,10.4,7.50,20.0,25.3,23,3,9
경기,안성,오이,1,002,2021-05-13,,3,699.4,64,10.9,7.80,19.0,27.2,31,4,12
경기,안성,오이,1,002,2021-05-13,,4,804.7,71,11.3,7.90,17.3,26.6,30,2,11
경기,안성,오이,1,002,2021-05-20,,1,743.8,71,10.5,7.92,19.0,26.8,23,4,8
경기,안성,오이,1,002,2021-05-20,,2,734.0,70,10.5,8.52,19.0,28.4,19,3,8
경기,안성,오이,1,002,2021-05-20,,3,752.3,68,11.1,10.10,21.0,27.0,29,3,11
경기,안성,오이,1,002,2021-05-20,,4,855.7,74,11.6,7.96,20.5,27.6,27,3,9
경기,안성,오이,1,002,2021-05-26,,1,780.2,74,10.5,6.90,16.0,26.7,21,3,7
경기,안성,오이,1,002,2021-05-26,,2,770.4,72,10.7,8.10,16.0,19.5,11,3,7
경기,안성,오이,1,002,2021-05-26,,3,789.0,72,11.0,9.25,21.0,31.0,24,3,10
경기,안성,오이,1,002,2021-05-26,,4,895.9,77,11.6,7.14,21.0,28.5,22,2,9
경기,안성,오이,1,002,2021-06-03,,1,848.1,80,10.6,7.96,18.1,23.4,23,5,10
경기,안성,오이,1,002,2021-06-03,,2,822.8,76,10.8,8.69,16.1,21.1,17,3,10
경기,안성,오이,1,002,2021-06-03,,3,851.1,76,11.2,8.32,20.1,28.2,19,3,14
경기,안성,오이,1,002,2021-06-03,,4,956.3,81,11.8,6.99,20.7,28.1,19,3,11
경기,안성,오이,1,002,2021-06-10,,1,919.6,85,10.8,7.84,17.1,25.0,21,6,10
경기,안성,오이,1,002,2021-06-10,,2,868.4,81,10.7,8.69,16.1,21.0,17,5,10
경기,안성,오이,1,002,2021-06-10,,3,908.4,82,11.1,7.82,20.8,27.5,20,4,13
경기,안성,오이,1,002,2021-06-10,,4,1015.7,87,11.7,6.52,19.2,29.8,21,4,11
경기,안성,오이,1,002,2021-06-24,,1,1035.6,94,11.0,8.20,19.0,26.0,25,0,14
경기,안성,오이,1,002,2021-06-24,,2,998.5,91,11.0,7.78,15.7,23.0,21,1,14
경기,안성,오이,1,002,2021-06-24,,3,1031.0,93,11.1,8.42,20.0,28.4,29,2,14
경기,안성,오이,1,002,2021-06-24,,4,1133.5,97,11.7,8.03,18.4,29.2,29,1,14
경기,안성,오이,1,002,2021-07-01,,1,1046.2,94,11.1,8.66,19.3,26.2,23,0,11
경기,안성,오이,1,002,2021-07-01,,2,983.1,89,11.0,7.33,16.4,22.9,16,0,11
경기,안성,오이,1,002,2021-07-01,,3,1043.8,93,11.2,8.42,20.0,28.4,25,2,10
경기,안성,오이,1,002,2021-07-01,,4,1151.0,97,11.9,7.66,22.2,26.8,28,1,10
경기,안성,오이,1,006,2021-03-17,,1,673.6,58,11.6,6.20,19.0,26.2,19,3,6
경기,안성,오이,1,006,2021-03-17,,2,880.0,69,12.8,8.00,25.0,33.8,26,4,3
경기,안성,오이,1,006,2021-03-17,,3,536.0,43,12.5,6.80,19.9,26.0,19,2,5
경기,안성,오이,1,006,2021-03-17,,4,725.3,61,11.9,7.80,23.8,30.0,19,2,5
경기,안성,오이,1,006,2021-03-25,,1,703.3,60,11.7,6.90,20.7,27.1,19,2,9
경기,안성,오이,1,006,2021-03-25,,2,930.5,73,12.7,8.20,24.2,32.6,22,3,10
경기,안성,오이,1,006,2021-03-25,,3,585.0,47,12.4,7.00,21.9,28.6,18,2,13
경기,안성,오이,1,006,2021-03-25,,4,761.2,64,11.9,7.80,23.5,30.5,17,3,7
경기,안성,오이,1,006,2021-04-01,,1,732.8,62,11.8,5.90,14.0,21.2,17,2,6
경기,안성,오이,1,006,2021-04-01,,2,978.2,76,12.9,7.80,23.2,33.7,20,3,8
경기,안성,오이,1,006,2021-04-01,,3,601.0,48,12.5,6.20,18.9,23.5,16,3,7
경기,안성,오이,1,006,2021-04-01,,4,793.4,66,12.0,7.60,21.8,28.3,18,3,7
경기,안성,오이,1,006,2021-04-08,,1,758.2,64,11.8,6.30,17.0,23.8,15,2,6
경기,안성,오이,1,006,2021-04-08,,2,1025.0,79,13.0,8.20,23.5,34.6,20,4,8
경기,안성,오이,1,006,2021-04-08,,3,643.0,51,12.6,6.50,19.4,25.2,16,2,7
경기,안성,오이,1,006,2021-04-08,,4,826.1,68,12.1,7.00,18.3,27.7,17,2,7
경기,안성,오이,1,006,2021-04-14,,1,772.9,66,11.7,5.40,16.7,23.7,16,3,5
경기,안성,오이,1,006,2021-04-14,,2,1057.0,81,13.0,9.10,25.0,35.2,17,2,7
경기,안성,오이,1,006,2021-04-14,,3,671.0,54,12.4,7.50,21.4,28.2,16,2,5
경기,안성,오이,1,006,2021-04-14,,4,861.0,70,12.3,8.40,24.5,35.2,13,3,6
경기,안성,오이,1,006,2021-04-22,,1,799.4,69,11.6,6.70,16.0,23.3,8,3,6
경기,안성,오이,1,006,2021-04-22,,2,1088.0,85,12.8,8.10,20.5,26.7,14,5,9
경기,안성,오이,1,006,2021-04-22,,3,698.6,57,12.3,6.90,21.1,26.7,15,5,6
경기,안성,오이,1,006,2021-04-22,,4,894.8,74,12.1,8.00,23.3,33.5,15,3,7
경기,안성,오이,1,006,2021-04-29,,1,833.0,72,11.6,6.90,16.0,23.7,10,2,6
경기,안성,오이,1,006,2021-04-29,,2,1130.7,89,12.7,8.00,19.2,26.5,16,3,7
경기,안성,오이,1,006,2021-04-29,,3,741.0,61,12.1,6.90,19.5,25.6,15,3,8
경기,안성,오이,1,006,2021-04-29,,4,919.8,77,11.9,6.80,19.3,28.3,13,3,8
경기,안성,오이,1,006,2021-05-07,,1,874.9,76,11.5,6.70,15.7,21.0,11,3,2
경기,안성,오이,1,006,2021-05-07,,2,1172.0,93,12.6,7.87,18.3,26.8,18,3,4
경기,안성,오이,1,006,2021-05-07,,3,783.9,64,12.2,6.94,19.4,27.8,15,3,6
경기,안성,오이,1,006,2021-05-07,,4,945.7,80,11.8,6.81,20.3,28.8,15,2,7
경기,안성,오이,1,006,2021-05-13,,1,909.7,79,11.5,7.45,21.7,27.7,14,3,3
경기,안성,오이,1,006,2021-05-13,,2,1203.9,96,12.5,7.17,19.5,27.9,21,5,4
경기,안성,오이,1,006,2021-05-13,,3,817.1,67,12.2,7.34,17.4,22.7,18,4,4
경기,안성,오이,1,006,2021-05-13,,4,966.3,84,11.5,7.90,15.0,28.7,19,5,6
경기,안성,오이,1,006,2021-05-20,,1,960.3,83,11.6,7.01,20.8,27.7,15,2,6
경기,안성,오이,1,006,2021-05-20,,2,1246.0,100,12.5,8.79,16.6,26.2,23,2,9
경기,안성,오이,1,006,2021-05-20,,3,869.2,71,12.2,7.27,17.4,22.7,16,2,8
경기,안성,오이,1,006,2021-05-20,,4,994.7,88,11.3,7.38,15.0,28.7,21,3,10
경기,안성,오이,1,006,2021-05-26,,1,989.6,85,11.6,8.37,20.2,27.2,16,4,5
경기,안성,오이,1,006,2021-05-26,,2,1285.7,103,12.5,8.18,18.0,28.5,21,4,6
경기,안성,오이,1,006,2021-05-26,,3,907.8,74,12.3,6.60,18.6,25.5,18,4,8
경기,안성,오이,1,006,2021-05-26,,4,1025.7,91,11.3,7.68,16.5,26.3,19,3,7
경기,안성,오이,1,006,2021-06-03,,1,1042.7,90,11.6,8.09,19.0,27.4,20,5,6
경기,안성,오이,1,006,2021-06-03,,2,1341.1,107,12.5,7.25,19.0,25.3,22,4,8
경기,안성,오이,1,006,2021-06-03,,3,960.8,78,12.3,7.84,18.2,25.6,18,5,9
경기,안성,오이,1,006,2021-06-03,,4,1069.6,95,11.3,7.35,16.6,21.0,22,3,9
경기,안성,오이,1,006,2021-06-10,,1,1089.9,94,11.6,8.38,17.6,24.3,22,5,9
경기,안성,오이,1,006,2021-06-10,,2,1394.3,111,12.6,7.97,16.5,24.0,23,5,7
경기,안성,오이,1,006,2021-06-10,,3,1015.7,82,12.4,7.63,19.2,24.0,20,4,7
경기,안성,오이,1,006,2021-06-10,,4,1051.1,92,11.4,7.49,13.4,23.2,18,0,7
경기,안성,오이,1,006,2021-06-24,,1,1168.9,99,11.8,7.95,20.0,30.8,21,1,11
경기,안성,오이,1,006,2021-06-24,,2,1459.2,115,12.7,8.90,20.1,28.2,26,0,10
경기,안성,오이,1,006,2021-06-24,,3,1071.4,86,12.5,7.99,20.0,26.7,20,0,14
경기,안성,오이,1,006,2021-06-24,,4,1051.3,92,11.4,7.87,18.5,26.5,15,0,3
경기,안성,오이,1,006,2021-07-01,,1,1156.1,98,11.8,7.80,19.2,27.3,16,0,3
경기,안성,오이,1,006,2021-07-01,,2,1458.7,115,12.7,8.92,20.9,27.6,17,0,4
경기,안성,오이,1,006,2021-07-01,,3,1071.4,86,12.5,8.45,20.8,28.2,18,0,4
경기,안성,오이,1,006,2021-07-01,,4,1051.3,92,11.4,7.90,12.3,29.7,12,0,0
경기,안성,오이,2,008,2020-11-12,,1,37.7,7,5.4,7.90,19.5,28.2,7,0,0
경기,안성,오이,2,008,2020-11-12,,2,29.2,5,5.8,8.30,21.2,25.1,5,0,0
경기,안성,오이,2,008,2020-11-12,,3,44.6,6,7.4,6.90,21.3,29.5,6,1,0
경기,안성,오이,2,008,2020-11-12,,4,47.4,7,6.8,8.70,20.7,28.0,7,2,0
경기,안성,오이,2,008,2020-11-19,,1,72.1,10,7.2,9.60,22.3,34.6,10,0,0
경기,안성,오이,2,008,2020-11-19,,2,49.8,6,8.3,7.10,23.0,32.1,6,0,0
경기,안성,오이,2,008,2020-11-19,,3,77.2,10,7.7,10.20,24.0,32.8,10,0,0
경기,안성,오이,2,008,2020-11-19,,4,84.1,11,7.6,7.90,25.2,36.1,11,0,0
경기,안성,오이,2,008,2020-11-26,,1,93.0,12,7.8,9.60,22.7,24.9,12,3,0
경기,안성,오이,2,008,2020-11-26,,2,68.0,8,8.5,7.80,24.1,34.6,8,3,0
경기,안성,오이,2,008,2020-11-26,,3,96.8,12,8.1,10.20,24.9,35.1,12,3,0
경기,안성,오이,2,008,2020-11-26,,4,108.2,13,8.3,8.70,26.3,38.6,13,2,0
경기,안성,오이,2,008,2020-12-03,,1,124.7,15,8.3,9.80,23.4,34.8,15,1,4
경기,안성,오이,2,008,2020-12-03,,2,94.2,11,8.6,8.20,24.9,35.3,11,2,3
경기,안성,오이,2,008,2020-12-03,,3,118.2,14,8.4,8.70,24.3,37.0,14,2,4
경기,안성,오이,2,008,2020-12-03,,4,144.4,17,8.5,9.90,24.3,37.2,17,2,3
경기,안성,오이,2,008,2020-12-10,,1,158.8,19,8.4,10.00,27.5,35.7,17,4,5
경기,안성,오이,2,008,2020-12-10,,2,118.4,14,8.5,9.40,25.5,32.7,14,1,5
경기,안성,오이,2,008,2020-12-10,,3,146.0,17,8.6,10.30,27.3,35.5,17,2,6
경기,안성,오이,2,008,2020-12-10,,4,181.9,21,8.7,11.00,25.5,37.0,21,2,6
경기,안성,오이,2,008,2020-12-17,,1,183.2,21,8.7,8.90,27.5,39.1,18,2,7
경기,안성,오이,2,008,2020-12-17,,2,139.2,16,8.7,9.00,27.7,38.0,16,2,5
경기,안성,오이,2,008,2020-12-17,,3,161.5,19,8.5,10.20,27.8,35.1,17,1,7
경기,안성,오이,2,008,2020-12-17,,4,197.5,23,8.6,9.90,25.7,35.0,21,2,6
경기,안성,오이,2,008,2020-12-24,,1,204.7,23,8.9,9.70,24.8,33.1,20,2,8
경기,안성,오이,2,008,2020-12-24,,2,155.7,18,8.7,10.00,24.8,34.0,16,2,6
경기,안성,오이,2,008,2020-12-24,,3,165.7,20,8.3,11.40,24.1,34.5,18,3,6
경기,안성,오이,2,008,2020-12-24,,4,228.4,25,9.1,11.60,24.0,31.3,23,2,6
경기,안성,오이,2,008,2020-12-30,,1,226.2,25,9.0,10.00,23.0,29.9,21,3,9
경기,안성,오이,2,008,2020-12-30,,2,172.9,20,8.6,10.30,23.2,30.0,18,3,5
경기,안성,오이,2,008,2020-12-30,,3,180.6,22,8.2,10.60,22.2,28.7,20,3,4
경기,안성,오이,2,008,2020-12-30,,4,253.0,27,9.4,11.50,22.8,29.3,24,3,6
경기,안성,오이,2,008,2021-01-14,,1,285.6,31,9.2,10.30,23.0,30.0,27,1,13
경기,안성,오이,2,008,2021-01-14,,2,218.6,25,8.7,9.40,19.2,24.0,24,0,10
경기,안성,오이,2,008,2021-01-14,,3,224.2,27,8.3,10.90,23.5,30.3,22,1,8
경기,안성,오이,2,008,2021-01-14,,4,324.4,34,9.5,10.10,23.0,31.0,29,1,11
경기,안성,오이,2,008,2021-01-21,,1,317.9,34,9.3,9.50,14.2,13.4,27,2,14
경기,안성,오이,2,008,2021-01-21,,2,239.0,27,8.9,8.40,22.7,27.1,22,0,10
경기,안성,오이,2,008,2021-01-21,,3,253.9,30,8.5,8.80,20.6,25.9,24,0,9
경기,안성,오이,2,008,2021-01-21,,4,356.9,37,9.6,8.80,23.3,33.4,26,1,15
경기,안성,오이,2,008,2021-01-28,,1,345.4,37,9.3,8.70,22.5,30.0,21,1,14
경기,안성,오이,2,008,2021-01-28,,2,259.0,30,8.6,7.30,18.9,26.0,23,1,8
경기,안성,오이,2,008,2021-01-28,,3,268.3,32,8.4,7.90,19.4,28.1,21,0,8
경기,안성,오이,2,008,2021-01-28,,4,374.5,39,9.6,8.20,21.2,28.6,23,0,6
경기,안성,오이,2,008,2021-02-05,,1,364.6,39,9.3,7.30,19.0,29.5,19,1,8
경기,안성,오이,2,008,2021-02-05,,2,281.8,33,8.5,7.50,19.0,23.9,25,1,6
경기,안성,오이,2,008,2021-02-05,,3,290.8,35,8.3,6.60,17.1,23.0,22,1,4
경기,안성,오이,2,008,2021-02-05,,4,413.5,43,9.6,7.90,19.0,30.0,25,1,11
경기,안성,오이,2,008,2021-02-10,,1,401.2,42,9.6,7.60,23.0,30.0,20,1,10
경기,안성,오이,2,008,2021-02-10,,2,293.5,34,8.6,7.50,19.0,25.9,26,1,5
경기,안성,오이,2,008,2021-02-10,,3,305.3,37,8.3,8.60,18.9,24.6,24,1,6
경기,안성,오이,2,008,2021-02-10,,4,431.6,45,9.6,9.10,20.9,30.0,22,1,6
경기,안성,오이,2,008,2021-02-18,,1,435.9,45,9.7,7.30,22.0,30.5,20,2,9
경기,안성,오이,2,008,2021-02-18,,2,316.6,37,8.6,7.20,17.5,22.6,22,1,8
경기,안성,오이,2,008,2021-02-18,,3,320.8,39,8.2,7.30,16.6,23.4,21,1,5
경기,안성,오이,2,008,2021-02-18,,4,465.9,48,9.7,7.20,21.0,30.0,22,1,6
경기,안성,오이,2,008,2021-02-25,,1,467.6,47,9.9,7.60,22.6,33.0,18,1,6
경기,안성,오이,2,008,2021-02-25,,2,331.8,39,8.5,7.30,16.9,25.0,23,2,6
경기,안성,오이,2,008,2021-02-25,,3,337.8,41,8.2,7.70,18.9,24.3,21,1,5
경기,안성,오이,2,008,2021-02-25,,4,495.9,51,9.7,7.50,17.9,30.6,24,1,9
경기,안성,오이,2,008,2021-03-04,,1,492.3,49,10.0,8.20,23.4,33.0,19,1,7
경기,안성,오이,2,008,2021-03-04,,2,348.0,41,8.5,7.90,15.6,25.5,24,0,6
경기,안성,오이,2,008,2021-03-04,,3,352.1,43,8.2,7.70,16.0,21.5,22,0,5
경기,안성,오이,2,008,2021-03-04,,4,522.4,53,9.9,7.50,20.0,30.9,23,0,6
경기,안성,오이,2,008,2021-03-10,,1,513.5,51,10.1,8.10,22.0,31.0,20,0,8
경기,안성,오이,2,008,2021-03-10,,2,360.9,42,8.6,8.00,15.6,24.0,22,0,6
경기,안성,오이,2,008,2021-03-10,,3,365.2,44,8.3,7.00,15.5,21.5,22,0,5
경기,안성,오이,2,008,2021-03-10,,4,545.6,55,9.9,7.60,18.0,29.0,22,1,6
경기,안성,오이,2,008,2021-03-18,,1,551.9,54,10.2,9.40,24.0,34.2,18,0,7
경기,안성,오이,2,008,2021-03-18,,2,384.7,44,8.7,7.00,17.0,24.7,20,0,5
경기,안성,오이,2,008,2021-03-18,,3,388.4,46,8.4,7.80,17.0,25.5,20,0,5
경기,안성,오이,2,008,2021-03-18,,4,572.2,58,9.9,9.50,22.0,28.0,21,1,3
경기,안성,오이,2,008,2021-03-25,,1,575.7,56,10.3,7.40,24.0,34.2,20,1,8
경기,안성,오이,2,008,2021-03-25,,2,403.2,46,8.8,9.20,14.2,21.3,19,0,5
경기,안성,오이,2,008,2021-03-25,,3,397.7,48,8.3,7.70,17.2,22.2,19,0,3
경기,안성,오이,2,008,2021-03-25,,4,588.5,58,10.1,9.70,21.1,29.0,19,1,4
경기,안성,오이,2,008,2021-04-01,,1,611.5,60,10.2,8.50,19.0,30.0,19,1,6
경기,안성,오이,2,008,2021-04-01,,2,421.0,47,9.0,7.30,17.5,22.7,15,0,5
경기,안성,오이,2,008,2021-04-01,,3,415.2,49,8.5,7.60,16.0,24.0,19,0,3
경기,안성,오이,2,008,2021-04-01,,4,628.1,63,10.0,8.80,22.3,32.0,19,0,4
경기,안성,오이,2,008,2021-04-08,,1,636.8,62,10.3,8.90,21.0,26.5,16,1,7
경기,안성,오이,2,008,2021-04-08,,2,438.5,50,8.8,7.60,19.0,24.0,11,1,6
경기,안성,오이,2,008,2021-04-08,,3,432.4,51,8.5,7.20,13.0,20.0,13,0,4
경기,안성,오이,2,008,2021-04-08,,4,658.6,66,10.0,8.80,22.3,32.0,22,1,4
경기,안성,오이,2,008,2021-04-14,,1,664.6,65,10.2,8.40,20.0,25.0,16,1,7
경기,안성,오이,2,008,2021-04-14,,2,458.7,52,8.8,8.10,18.7,22.5,10,1,5
경기,안성,오이,2,008,2021-04-14,,3,449.6,53,8.5,9.10,17.5,28.0,10,1,6
경기,안성,오이,2,008,2021-04-14,,4,684.6,69,9.9,10.30,19.0,27.7,19,2,4
경기,안성,오이,2,008,2021-04-22,,1,698.6,68,10.3,7.80,20.0,24.0,15,4,8
경기,안성,오이,2,008,2021-04-22,,2,497.6,56,8.9,7.60,20.0,23.0,11,5,4
경기,안성,오이,2,008,2021-04-22,,3,489.3,58,8.4,8.50,16.0,25.5,12,5,4
경기,안성,오이,2,008,2021-04-22,,4,724.5,73,9.9,9.80,19.0,27.0,23,5,4
경기,안성,오이,2,008,2021-04-29,,1,716.1,69,10.4,7.30,19.5,27.0,12,3,7
경기,안성,오이,2,008,2021-04-29,,2,503.5,56,9.0,8.90,21.0,28.5,8,2,6
경기,안성,오이,2,008,2021-04-29,,3,524.3,61,8.6,7.60,22.5,26.0,12,3,5
경기,안성,오이,2,008,2021-04-29,,4,757.6,76,10.0,9.60,21.0,29.5,24,4,4
경기,안성,오이,2,008,2021-05-07,,1,,,,,,,,,
경기,안성,오이,2,008,2021-05-07,,2,,,,,,,,,
경기,안성,오이,2,008,2021-05-07,,3,563.7,66,8.5,9.47,23.0,17.0,20,0,5
경기,안성,오이,2,008,2021-05-07,,4,794.6,79,10.1,9.07,22.0,32.0,22,4,1
경기,안성,오이,2,008,2021-05-13,,3,593.8,68,8.7,8.84,24.0,32.0,19,4,5
경기,안성,오이,2,008,2021-05-13,,4,826.8,82,10.1,8.13,24.0,32.5,24,3,3
경기,안성,오이,2,008,2021-05-20,,3,638.7,73,8.7,7.65,23.0,31.0,24,2,13
경기,안성,오이,2,008,2021-05-20,,4,869.2,87,10.0,9.73,22.0,31.0,30,3,10
경기,안성,오이,2,008,2021-05-26,,3,665.7,75,8.9,8.45,22.0,30.0,26,2,8
경기,안성,오이,2,008,2021-05-26,,4,887.3,88,10.1,8.02,21.0,29.0,29,2,6
경기,안성,오이,2,008,2021-06-03,,3,697.2,77,9.1,8.45,22.0,30.0,23,2,7
경기,안성,오이,2,008,2021-06-03,,4,917.8,90,10.2,8.09,22.5,30.0,24,1,1
경기,안성,오이,2,008,2021-06-10,,3,698.7,77,9.1,8.41,23.0,29.0,22,0,8
경기,안성,오이,2,008,2021-06-10,,4,919.2,90,10.2,8.23,22.5,30.0,18,1,4
경기,안성,오이,1,009,2021-03-23,,1,475.9,49,9.7,7.30,17.3,23.0,17,0,5
경기,안성,오이,1,009,2021-03-23,,2,513.1,51,10.1,7.70,17.4,25.2,24,1,4
경기,안성,오이,1,009,2021-03-23,,3,556.1,55,10.1,7.50,13.5,18.5,24,0,6
경기,안성,오이,1,009,2021-03-23,,4,566.0,56,10.1,7.40,16.0,21.0,26,0,5
경기,안성,오이,1,009,2021-03-30,,1,499.5,51,9.8,9.30,18.2,23.3,19,0,7
경기,안성,오이,1,009,2021-03-30,,2,545.7,54,10.1,6.70,18.0,23.0,22,1,7
경기,안성,오이,1,009,2021-03-30,,3,585.0,57,10.3,7.70,17.5,26.0,16,0,8
경기,안성,오이,1,009,2021-03-30,,4,600.6,59,10.2,8.10,16.0,22.7,20,0,8
경기,안성,오이,1,009,2021-04-06,,1,526.5,54,9.8,7.70,16.5,27.3,21,0,6
경기,안성,오이,1,009,2021-04-06,,2,585.4,58,10.1,7.50,11.0,16.5,20,0,8
경기,안성,오이,1,009,2021-04-06,,3,611.1,61,10.0,7.80,14.9,24.0,19,1,7
경기,안성,오이,1,009,2021-04-06,,4,622.4,63,9.9,8.00,14.2,24.0,22,0,8
경기,안성,오이,1,009,2021-04-12,,1,552.8,58,9.5,7.50,17.2,25.0,23,2,6
경기,안성,오이,1,009,2021-04-12,,2,620.5,62,10.0,8.60,18.0,22.8,23,2,6
경기,안성,오이,1,009,2021-04-12,,3,652.4,64,10.2,7.80,17.5,25.5,20,2,6
경기,안성,오이,1,009,2021-04-12,,4,655.3,66,9.9,7.40,17.0,25.0,18,1,4
경기,안성,오이,1,009,2021-04-27,,1,610.1,66,9.2,9.20,21.0,26.8,25,3,8
경기,안성,오이,1,009,2021-04-27,,2,701.6,70,10.0,8.90,17.3,22.5,25,3,9
경기,안성,오이,1,009,2021-04-27,,3,,1,,,,,,,
경기,안성,오이,1,009,2021-04-27,,4,,1,,,,,,,
경기,안성,오이,1,009,2021-05-04,,1,639.4,69,9.3,7.10,17.0,20.5,28,4,12
경기,안성,오이,1,009,2021-05-04,,2,732.5,73,10.0,9.40,19.0,26.3,28,8,5
경기,안성,오이,1,009,2021-05-04,,3,,1,,,,,,,
경기,안성,오이,1,009,2021-05-04,,4,,1,,,,,,,
경기,안성,오이,1,009,2021-05-11,,1,659.6,72,9.2,6.63,18.0,25.5,23,4,12
경기,안성,오이,1,009,2021-05-11,,2,760.5,76,10.0,7.69,16.0,25.0,25,4,4
경기,안성,오이,1,009,2021-05-11,,3,,1,,,,,,,
경기,안성,오이,1,009,2021-05-11,,4,,1,,,,,,,
경기,안성,오이,1,009,2021-05-17,,1,691.3,76,9.1,6.36,18.0,25.5,27,4,8
경기,안성,오이,1,009,2021-05-17,,2,790.6,79,10.0,8.90,18.0,25.0,28,3,4
경기,안성,오이,1,009,2021-05-17,,3,,1,,,,,,,
경기,안성,오이,1,009,2021-05-17,,4,,1,,,,,,,
경기,안성,오이,1,009,2021-05-24,,1,706.3,78,9.1,5.49,17.2,25.5,26,5,7
경기,안성,오이,1,009,2021-05-24,,2,816.0,83,9.8,7.98,19.6,22.0,23,4,10
경기,안성,오이,1,009,2021-05-24,,3,,1,,,,,,,
경기,안성,오이,1,009,2021-05-24,,4,,1,,,,,,,
경기,안성,오이,1,009,2021-06-01,,1,728.1,82,8.9,7.31,17.5,23.0,25,3,7
경기,안성,오이,1,009,2021-06-01,,2,843.4,86,9.8,8.90,17.5,23.0,26,3,10
경기,안성,오이,1,009,2021-06-01,,3,,,,,,,,,
경기,안성,오이,1,009,2021-06-01,,4,,,,,,,,,
경기,안성,오이,1,009,2021-06-08,,1,735.3,83,8.9,9.52,14.5,23.5,20,3,8
경기,안성,오이,1,009,2021-06-08,,2,867.6,90,9.6,8.90,17.5,23.0,29,6,11
경기,안성,오이,1,009,2021-06-08,,3,,1,,,,,,,
경기,안성,오이,1,009,2021-06-08,,4,,1,,,,,,,
경기,안성,오이,1,009,2021-06-15,,1,741.6,86,8.6,8.11,15.8,22.5,22,0,9
경기,안성,오이,1,009,2021-06-15,,2,876.0,91,9.6,6.38,16.8,22.5,26,0,8
경기,안성,오이,1,009,2021-06-15,,3,,1,,,,,,,
경기,안성,오이,1,009,2021-06-15,,4,,1,,,,,,,
경기,오산,오이,1,004,2019-12-16,,1,31.3,5,6.3,6.30,12.2,15.8,5,0,0
경기,오산,오이,1,004,2019-12-16,,2,17.9,5,3.6,6.40,9.0,13.6,5,0,0
경기,오산,오이,1,004,2019-12-16,,3,17.4,5,3.5,5.20,10.2,13.8,5,0,0
경기,오산,오이,1,004,2019-12-16,,4,31.9,5,6.4,5.30,11.2,14.3,5,0,0
경기,오산,오이,1,004,2019-12-23,,1,53.1,7,7.6,5.80,15.2,19.4,7,0,0
경기,오산,오이,1,004,2019-12-23,,2,32.5,7,4.6,5.50,13.2,18.2,7,0,0
경기,오산,오이,1,004,2019-12-23,,3,28.2,6,4.7,6.40,12.4,17.3,6,0,0
경기,오산,오이,1,004,2019-12-23,,4,54.5,7,6.8,5.50,14.2,17.8,8,0,0
경기,오산,오이,1,004,2020-01-21,,1,171.3,18,9.5,7.20,20.0,29.0,16,1,2
경기,오산,오이,1,004,2020-01-21,,2,113.9,16,6.7,7.10,17.7,28.2,15,1,2
경기,오산,오이,1,004,2020-01-21,,3,104.6,15,7.0,6.40,17.0,27.7,13,0,1
경기,오산,오이,1,004,2020-01-21,,4,162.0,18,9.0,7.20,19.5,29.8,16,2,3
경기,오산,오이,1,004,2020-01-28,,1,208.9,20,10.4,8.40,19.4,33.4,18,1,5
경기,오산,오이,1,004,2020-01-28,,2,151.6,19,8.0,8.70,18.5,31.2,17,2,4
경기,오산,오이,1,004,2020-01-28,,3,140.1,18,7.8,8.30,19.8,32.0,16,1,2
경기,오산,오이,1,004,2020-01-28,,4,195.8,20,9.3,9.40,20.1,31.9,19,2,5
경기,오산,오이,1,004,2020-02-04,,1,255.7,24,10.7,8.40,21.1,32.2,20,0,9
경기,오산,오이,1,004,2020-02-04,,2,188.2,21,8.2,9.80,21.3,34.0,20,1,7
경기,오산,오이,1,004,2020-02-04,,3,182.1,21,8.3,8.10,21.0,32.9,20,1,0
경기,오산,오이,1,004,2020-02-04,,4,241.0,24,9.6,8.10,22.7,29.4,22,1,9
경기,오산,오이,1,004,2020-02-11,,1,298.3,27,11.0,8.30,21.3,32.2,20,0,2
경기,오산,오이,1,004,2020-02-11,,2,237.2,25,8.8,8.30,19.6,33.0,21,1,10
경기,오산,오이,1,004,2020-02-11,,3,228.1,24,9.1,8.80,21.0,31.5,17,2,7
경기,오산,오이,1,004,2020-02-11,,4,279.5,26,10.4,8.40,21.2,39.0,20,1,11
경기,오산,오이,1,004,2020-02-18,,1,336.6,30,11.2,7.20,19.8,28.5,21,2,11
경기,오산,오이,1,004,2020-02-18,,2,222.2,23,8.9,8.60,20.2,32.5,15,1,12
경기,오산,오이,1,004,2020-02-18,,3,266.6,27,9.5,9.30,23.0,34.5,17,0,10
경기,오산,오이,1,004,2020-02-18,,4,319.5,29,10.7,7.20,20.0,28.8,19,1,12
경기,오산,오이,1,004,2020-02-25,,1,375.4,33,11.4,6.60,18.6,28.0,15,1,10
경기,오산,오이,1,004,2020-02-25,,2,222.2,23,8.9,8.70,20.5,33.0,13,1,11
경기,오산,오이,1,004,2020-02-25,,3,306.1,30,9.9,7.90,21.6,31.5,15,0,11
경기,오산,오이,1,004,2020-02-25,,4,366.5,33,10.8,7.20,18.8,28.2,14,2,10
경기,오산,오이,1,004,2020-03-03,,1,408.0,35,11.7,7.90,17.5,27.0,15,1,12
경기,오산,오이,1,004,2020-03-03,,2,222.7,23,8.9,8.90,21.0,30.0,10,0,5
경기,오산,오이,1,004,2020-03-03,,3,343.2,33,10.1,7.90,20.0,26.0,17,2,12
경기,오산,오이,1,004,2020-03-03,,4,394.9,35,11.0,6.30,18.8,27.5,16,2,9
경기,오산,오이,1,004,2020-03-10,,1,449.2,38,11.8,6.80,18.2,28.0,12,1,11
경기,오산,오이,1,004,2020-03-10,,2,222.7,23,8.9,8.90,21.0,30.0,5,0,1
경기,오산,오이,1,004,2020-03-10,,3,374.5,36,10.1,7.50,16.8,24.0,15,2,10
경기,오산,오이,1,004,2020-03-10,,4,426.1,37,11.2,6.50,18.3,28.0,14,1,10
경기,오산,오이,1,004,2020-03-17,,1,482.3,40,12.1,6.80,18.3,26.0,14,1,10
경기,오산,오이,1,004,2020-03-17,,2,222.7,23,8.9,8.30,21.5,27.3,5,0,0
경기,오산,오이,1,004,2020-03-17,,3,396.9,38,10.2,7.80,17.3,26.5,17,1,10
경기,오산,오이,1,004,2020-03-17,,4,450.9,39,11.3,6.70,19.7,29.2,16,1,8
경기,오산,오이,1,004,2020-04-07,,1,570.0,47,12.1,7.20,17.8,28.0,14,0,8
경기,오산,오이,1,004,2020-04-07,,2,,,,,,,,,
경기,오산,오이,1,004,2020-04-07,,3,487.3,46,10.4,6.40,15.5,22.8,17,1,16
경기,오산,오이,1,004,2020-04-07,,4,516.3,43,11.5,7.00,20.8,43.1,14,1,9
경기,오산,오이,1,004,2020-04-13,,1,596.4,49,12.2,6.50,16.6,29.0,12,0,5
경기,오산,오이,1,004,2020-04-13,,2,,,,,,,,,
경기,오산,오이,1,004,2020-04-13,,3,517.3,48,10.6,8.20,14.6,21.5,13,0,8
경기,오산,오이,1,004,2020-04-13,,4,527.4,44,11.2,6.70,20.5,29.3,8,0,6
경기,오산,오이,1,004,2020-04-21,,1,637.6,52,12.3,7.20,16.5,24.3,12,1,5
경기,오산,오이,1,004,2020-04-21,,2,,,,,,,,,
경기,오산,오이,1,004,2020-04-21,,3,543.3,50,10.7,6.60,16.0,25.0,14,0,6
경기,오산,오이,1,004,2020-04-21,,4,546.2,46,11.1,6.50,14.3,20.7,10,0,5
경기,오산,오이,1,004,2020-04-27,,1,650.5,52,12.5,7.30,17.6,26.5,12,1,5
경기,오산,오이,1,004,2020-04-27,,2,,,,,,,,,
경기,오산,오이,1,004,2020-04-27,,3,540.7,49,10.8,7.00,15.6,25.5,13,1,1
경기,오산,오이,1,004,2020-04-27,,4,571.6,48,11.2,7.60,15.5,22.2,12,0,4
경기,오산,오이,2,011,2020-11-17,,1,47.6,3,,,12.8,15.7,,,
경기,오산,오이,2,011,2020-11-17,,2,14.6,3,,,15.7,20.6,,,
경기,오산,오이,2,011,2020-11-17,,3,18.8,3,,,14.2,17.8,,,
경기,오산,오이,2,011,2020-11-17,,4,17.5,3,,,14.3,18.5,,,
경기,오산,오이,2,011,2020-11-24,,1,6.0,6,5.4,12.00,14.0,6.0,,,
경기,오산,오이,2,011,2020-11-24,,2,7.0,7,6.3,14.70,17.0,7.0,,,
경기,오산,오이,2,011,2020-11-24,,3,6.0,7,6.8,12.50,15.6,6.0,,,
경기,오산,오이,2,011,2020-11-24,,4,32.5,3,4.6,,,,7,,
경기,오산,오이,2,011,2020-12-01,,1,56.8,8,7.1,6.20,17.3,21.9,0,2,
경기,오산,오이,2,011,2020-12-01,,2,75.1,9,8.3,8.10,20.3,27.4,0,1,
경기,오산,오이,2,011,2020-12-01,,3,70.8,9,7.9,8.70,18.5,23.5,0,0,
경기,오산,오이,2,011,2020-12-01,,4,73.0,9,8.1,6.70,17.8,25.9,0,0,
경기,오산,오이,2,011,2020-12-08,,1,105.2,12,8.8,7.00,19.6,27.6,0,1,2
경기,오산,오이,2,011,2020-12-08,,2,118.4,12,9.9,8.70,21.3,30.8,0,2,1
경기,오산,오이,2,011,2020-12-08,,3,120.9,13,9.3,9.20,,,0,2,0
경기,오산,오이,2,011,2020-12-08,,4,109.1,11,9.9,6.80,21.1,29.6,0,2,0
경기,오산,오이,2,011,2020-12-15,,1,143.9,14,10.3,6.70,20.6,25.2,0,3,3
경기,오산,오이,2,011,2020-12-15,,2,163.4,15,10.9,6.70,22.9,28.4,0,3,3
경기,오산,오이,2,011,2020-12-15,,3,162.1,16,10.1,6.80,23.1,27.7,0,2,1
경기,오산,오이,2,011,2020-12-15,,4,151.8,15,10.1,7.90,22.4,31.6,0,2,2
경기,오산,오이,2,011,2020-12-22,,1,179.3,17,10.5,11.70,23.2,31.4,0,2,6
경기,오산,오이,2,011,2020-12-22,,2,198.9,18,11.1,10.20,24.8,32.7,0,2,7
경기,오산,오이,2,011,2020-12-22,,3,210.8,20,10.5,10.60,25.4,34.2,0,3,4
경기,오산,오이,2,011,2020-12-22,,4,189.4,17,11.1,8.80,24.4,30.6,0,3,4
경기,오산,오이,2,011,2020-12-29,,1,216.9,20,10.8,8.70,23.5,31.4,0,3,6
경기,오산,오이,2,011,2020-12-29,,2,225.6,20,11.3,10.20,22.7,31.0,0,3,8
경기,오산,오이,2,011,2020-12-29,,3,254.1,23,11.0,9.70,21.5,29.0,0,3,7
경기,오산,오이,2,011,2020-12-29,,4,216.7,19,11.4,8.30,25.4,31.0,0,3,7
경기,오산,오이,2,011,2021-01-05,,1,249.4,23,10.8,9.40,23.8,32.3,23,3,8
경기,오산,오이,2,011,2021-01-05,,2,257.3,23,11.2,9.30,21.5,30.9,23,1,10
경기,오산,오이,2,011,2021-01-05,,3,292.0,26,11.2,9.90,21.2,35.7,26,2,11
경기,오산,오이,2,011,2021-01-05,,4,266.4,23,11.6,11.80,24.0,32.7,21,2,0
경기,오산,오이,2,011,2021-01-12,,1,281.6,25,11.3,9.00,19.8,26.0,16,2,6
경기,오산,오이,2,011,2021-01-12,,2,287.0,25,11.5,10.80,20.3,27.3,16,3,8
경기,오산,오이,2,011,2021-01-12,,3,319.9,28,11.4,10.30,22.0,29.5,18,2,10
경기,오산,오이,2,011,2021-01-12,,4,303.7,26,11.7,8.40,22.0,29.2,17,1,10
경기,오산,오이,2,011,2021-01-19,,1,313.6,28,11.2,9.40,19.8,25.7,19,2,9
경기,오산,오이,2,011,2021-01-19,,2,310.9,27,11.5,9.90,18.5,29.0,18,2,9
경기,오산,오이,2,011,2021-01-19,,3,354.8,31,11.4,11.90,17.3,26.0,19,2,10
경기,오산,오이,2,011,2021-01-19,,4,341.6,30,11.4,9.40,21.5,26.0,17,2,9
경기,오산,오이,2,011,2021-01-26,,1,341.9,31,11.0,7.20,17.8,22.7,18,1,11
경기,오산,오이,2,011,2021-01-26,,2,341.5,30,11.4,8.60,17.5,24.3,20,1,8
경기,오산,오이,2,011,2021-01-26,,3,396.0,34,11.6,9.70,20.2,28.2,18,2,9
경기,오산,오이,2,011,2021-01-26,,4,377.5,33,11.4,8.40,20.7,26.0,20,1,10
경기,오산,오이,2,011,2021-02-02,,1,367.8,33,11.1,7.40,16.0,20.0,20,1,6
경기,오산,오이,2,011,2021-02-02,,2,360.2,32,11.3,7.80,19.0,26.0,22,2,8
경기,오산,오이,2,011,2021-02-02,,3,426.1,37,11.5,8.40,17.1,24.2,20,2,10
경기,오산,오이,2,011,2021-02-02,,4,413.3,36,11.5,7.40,19.5,25.5,22,1,10
경기,오산,오이,2,011,2021-02-08,,1,400.4,36,11.1,7.50,17.0,20.5,23,1,8
경기,오산,오이,2,011,2021-02-08,,2,385.9,35,11.0,6.70,16.5,22.0,25,1,7
경기,오산,오이,2,011,2021-02-08,,3,460.7,40,11.5,7.80,20.0,25.0,23,1,10
경기,오산,오이,2,011,2021-02-08,,4,453.6,40,11.3,7.20,20.8,26.0,26,1,10
경기,오산,오이,2,011,2021-02-16,,1,429.4,38,11.3,6.90,14.8,21.0,25,1,7
경기,오산,오이,2,011,2021-02-16,,2,403.9,36,11.2,7.00,16.5,22.0,23,1,4
경기,오산,오이,2,011,2021-02-16,,3,492.7,42,11.7,8.20,17.0,24.0,25,1,10
경기,오산,오이,2,011,2021-02-16,,4,491.1,43,11.4,7.30,20.2,26.0,26,0,14
경기,오산,오이,2,011,2021-02-23,,1,463.4,41,11.3,5.80,18.5,25.0,17,1,3
경기,오산,오이,2,011,2021-02-23,,2,428.6,38,11.3,7.00,15.1,21.5,16,1,6
경기,오산,오이,2,011,2021-02-23,,3,535.1,45,11.9,7.70,18.0,24.5,17,1,9
경기,오산,오이,2,011,2021-02-23,,4,524.8,45,11.7,7.80,21.3,28.6,16,1,10
경기,오산,오이,2,011,2021-03-02,,1,491.8,42,11.7,6.90,17.5,25.9,17,1,4
경기,오산,오이,2,011,2021-03-02,,2,441.3,39,11.3,7.10,14.5,22.6,17,2,5
경기,오산,오이,2,011,2021-03-02,,3,550.7,45,12.2,7.70,18.0,25.4,17,1,7
경기,오산,오이,2,011,2021-03-02,,4,559.8,47,11.9,8.20,21.3,29.0,18,1,10
경기,오산,오이,2,011,2021-03-08,,1,519.8,44,11.8,6.90,17.5,25.9,19,1,5
경기,오산,오이,2,011,2021-03-08,,2,467.6,41,11.4,7.50,14.5,22.6,19,1,5
경기,오산,오이,2,011,2021-03-08,,3,580.5,48,12.1,8.00,20.0,28.2,19,1,6
경기,오산,오이,2,011,2021-03-08,,4,591.3,50,11.8,8.40,21.3,29.0,21,1,8
경기,오산,오이,2,011,2021-03-16,,1,551.6,46,12.0,8.00,19.2,25.0,12,0,4
경기,오산,오이,2,011,2021-03-16,,2,523.2,45,11.6,6.90,15.0,19.5,15,1,7
경기,오산,오이,2,011,2021-03-16,,3,614.1,49,12.5,7.20,20.0,27.0,11,0,6
경기,오산,오이,2,011,2021-03-16,,4,637.8,54,11.8,7.50,20.0,27.8,14,1,9
경기,오산,오이,2,011,2021-03-23,,1,607.1,51,11.9,8.00,19.8,28.2,17,0,6
경기,오산,오이,2,011,2021-03-23,,2,568.5,48,11.8,6.90,15.6,20.9,18,3,5
경기,오산,오이,2,011,2021-03-23,,3,623.7,51,12.2,8.00,20.0,28.0,13,0,4
경기,오산,오이,2,011,2021-03-23,,4,688.1,58,11.9,7.90,21.0,30.5,18,0,8
경기,오산,오이,2,011,2021-03-30,,1,667.5,55,12.1,9.10,21.7,33.0,18,0,10
경기,오산,오이,2,011,2021-03-30,,2,616.0,51,12.1,7.00,15.6,22.0,20,1,6
경기,오산,오이,2,011,2021-03-30,,3,683.8,55,12.4,8.00,20.0,28.0,17,1,4
경기,오산,오이,2,011,2021-03-30,,4,736.6,61,12.1,7.80,18.4,27.4,20,1,8
경기,오산,오이,2,011,2021-04-06,,1,721.3,59,12.2,9.20,21.8,32.3,21,1,8
경기,오산,오이,2,011,2021-04-06,,2,666.7,54,12.3,7.70,14.4,22.0,19,1,7
경기,오산,오이,2,011,2021-04-06,,3,738.6,59,12.5,9.10,21.5,32.3,21,1,5
경기,오산,오이,2,011,2021-04-06,,4,781.9,64,12.2,8.40,22.6,32.8,16,1,8
경기,오산,오이,2,011,2021-04-12,,1,769.2,63,12.2,10.00,24.0,34.2,16,2,7
경기,오산,오이,2,011,2021-04-12,,2,716.5,58,12.4,9.30,25.2,36.5,15,1,10
경기,오산,오이,2,011,2021-04-12,,3,791.2,63,12.6,9.20,24.5,36.4,17,1,7
경기,오산,오이,2,011,2021-04-12,,4,828.8,68,12.2,8.40,22.6,32.8,20,2,8
경기,오산,오이,2,011,2021-04-20,,1,824.3,68,12.1,7.90,21.0,32.0,15,1,9
경기,오산,오이,2,011,2021-04-20,,2,768.7,63,12.2,8.90,24.0,36.0,14,1,9
경기,오산,오이,2,011,2021-04-20,,3,827.7,67,12.4,9.10,26.0,35.5,14,1,9
경기,오산,오이,2,011,2021-04-20,,4,878.6,72,12.2,8.80,22.0,31.0,15,1,10
경기,오산,오이,2,011,2021-04-27,,1,878.3,73,12.0,9.10,23.2,34.5,19,1,11
경기,오산,오이,2,011,2021-04-27,,2,824.8,68,12.1,9.40,24.0,39.0,19,1,11
경기,오산,오이,2,011,2021-04-27,,3,856.4,71,12.1,9.60,27.0,35.5,18,0,10
경기,오산,오이,2,011,2021-04-27,,4,932.6,78,12.0,8.50,19.0,29.3,20,2,10
경기,오산,오이,2,011,2021-05-04,,1,930.3,77,12.1,8.40,22.5,33.0,17,1,9
경기,오산,오이,2,011,2021-05-04,,2,876.6,72,12.2,7.24,23.0,32.8,16,2,11
경기,오산,오이,2,011,2021-05-04,,3,877.5,73,12.0,7.24,22.0,32.0,14,2,6
경기,오산,오이,2,011,2021-05-04,,4,980.6,82,12.0,7.98,22.0,29.5,17,2,10
경기,오산,오이,2,011,2021-05-11,,1,992.8,83,12.0,9.06,21.0,29.5,23,4,7
경기,오산,오이,2,011,2021-05-11,,2,919.7,76,12.1,7.53,22.0,31.0,20,3,12
경기,오산,오이,2,011,2021-05-11,,3,909.4,77,11.8,8.75,15.0,20.0,17,3,7
경기,오산,오이,2,011,2021-05-11,,4,1021.0,85,12.0,9.16,21.0,30.5,20,5,10
경기,오산,오이,2,011,2021-05-17,,1,1021.6,86,11.9,9.66,23.0,30.0,26,2,9
경기,오산,오이,2,011,2021-05-17,,2,962.9,80,12.0,8.01,22.0,31.2,23,2,10
경기,오산,오이,2,011,2021-05-17,,3,929.3,80,11.6,8.19,16.0,20.2,20,0,10
경기,오산,오이,2,011,2021-05-17,,4,1048.7,88,11.9,9.25,22.0,28.0,22,1,7
경기,오산,오이,2,011,2021-05-24,,1,1061.4,90,11.8,8.73,15.5,22.0,16,4,7
경기,오산,오이,2,011,2021-05-24,,2,1011.1,84,12.0,7.57,19.6,26.8,16,4,11
경기,오산,오이,2,011,2021-05-24,,3,943.4,83,11.4,6.69,13.0,16.5,18,2,4
경기,오산,오이,2,011,2021-05-24,,4,1051.8,89,11.8,8.34,19.5,28.0,15,0,7
경기,오산,오이,2,011,2021-06-01,,1,1089.9,93,11.7,8.29,20.0,28.2,17,0,8
경기,오산,오이,2,011,2021-06-01,,2,1043.7,88,11.9,9.12,20.3,27.8,20,1,10
경기,오산,오이,2,011,2021-06-01,,3,964.2,86,11.2,8.36,13.4,17.2,21,0,6
경기,오산,오이,2,011,2021-06-01,,4,,,,,,,,,
경기,오산,오이,2,011,2021-06-08,,1,1125.8,96,11.7,8.25,20.2,28.8,20,2,7
경기,오산,오이,2,011,2021-06-08,,2,1053.5,89,11.8,8.00,21.2,29.5,18,0,8
경기,오산,오이,2,011,2021-06-08,,3,985.2,88,11.2,9.41,13.2,18.2,23,0,5
경기,오산,오이,2,011,2021-06-15,,1,1163.6,102,11.4,8.82,19.2,27.4,25,1,6
경기,오산,오이,2,011,2021-06-15,,2,1087.5,95,11.4,9.02,20.8,29.2,24,2,5
경기,오산,오이,2,011,2021-06-15,,3,1015.9,93,10.9,6.72,12.5,16.0,27,1,6
경기,오산,오이,2,011,2021-06-22,,1,1171.1,102,11.5,8.31,16.6,28.1,23,0,8
경기,오산,오이,2,011,2021-06-22,,2,1093.6,95,11.5,9.61,20.6,27.6,24,0,7
경기,오산,오이,2,011,2021-06-22,,3,1014.6,93,11.0,6.49,13.6,17.3,23,0,5
경기,평택,오이,1,005,2020-01-29,,1,28.4,5,4.7,6.60,12.2,16.1,6,0,0
경기,평택,오이,1,005,2020-01-29,,2,36.8,7,5.3,6.90,13.3,17.5,7,0,0
경기,평택,오이,1,005,2020-01-29,,3,43.0,6,5.4,6.40,13.6,18.2,8,0,0
경기,평택,오이,1,005,2020-01-29,,4,28.8,5,4.8,5.80,11.3,13.5,6,0,0
경기,평택,오이,1,005,2020-02-05,,1,48.6,7,6.1,5.60,12.0,22.1,8,0,0
경기,평택,오이,1,005,2020-02-05,,2,59.4,9,6.6,6.00,16.5,22.8,9,0,0
경기,평택,오이,1,005,2020-02-05,,3,71.8,9,7.2,5.80,15.0,20.1,10,0,0
경기,평택,오이,1,005,2020-02-05,,4,49.5,7,5.5,5.90,13.3,21.7,9,0,0
경기,평택,오이,1,005,2020-02-12,,1,72.9,9,7.3,6.80,15.0,24.1,8,0,0
경기,평택,오이,1,005,2020-02-12,,2,85.2,11,7.7,6.50,19.9,27.4,9,1,0
경기,평택,오이,1,005,2020-02-12,,3,103.0,11,8.6,6.40,18.2,25.0,10,2,0
경기,평택,오이,1,005,2020-02-12,,4,72.7,8,6.6,7.20,17.2,24.8,10,1,0
경기,평택,오이,1,005,2020-02-19,,1,100.4,12,7.7,7.00,18.0,23.1,11,0,2
경기,평택,오이,1,005,2020-02-19,,2,113.8,13,8.8,7.30,19.6,25.6,11,0,2
경기,평택,오이,1,005,2020-02-19,,3,140.5,14,9.4,7.30,20.2,26.5,13,1,4
경기,평택,오이,1,005,2020-02-19,,4,96.8,9,8.1,7.00,18.3,25.0,11,2,1
경기,평택,오이,1,005,2020-02-26,,1,136.0,14,9.1,7.20,16.2,25.2,11,1,4
경기,평택,오이,1,005,2020-02-26,,2,155.2,16,9.7,8.00,22.5,31.9,14,0,5
경기,평택,오이,1,005,2020-02-26,,3,186.7,17,10.4,7.70,21.2,27.6,16,1,6
경기,평택,오이,1,005,2020-02-26,,4,130.9,13,8.2,8.30,18.0,23.7,15,1,5
경기,평택,오이,1,005,2020-03-04,,1,177.0,17,9.8,8.60,22.8,27.3,13,2,6
경기,평택,오이,1,005,2020-03-04,,2,193.3,17,11.4,8.30,21.0,30.7,15,1,6
경기,평택,오이,1,005,2020-03-04,,3,223.5,19,11.2,7.90,22.3,29.0,16,2,6
경기,평택,오이,1,005,2020-03-04,,4,163.6,16,8.6,7.80,20.5,27.4,16,0,6
경기,평택,오이,1,005,2020-03-11,,1,212.3,20,10.1,8.40,21.3,26.1,14,1,6
경기,평택,오이,1,005,2020-03-11,,2,225.5,19,10.7,8.40,24.0,32.2,15,1,6
경기,평택,오이,1,005,2020-03-11,,3,272.3,22,11.8,7.70,22.6,26.9,16,0,9
경기,평택,오이,1,005,2020-03-11,,4,192.4,18,9.2,8.40,18.3,25.0,15,1,7
경기,평택,오이,1,005,2020-03-18,,1,254.9,23,10.6,7.00,19.0,26.5,17,2,8
경기,평택,오이,1,005,2020-03-18,,2,259.9,22,10.8,8.20,21.7,29.2,18,1,7
경기,평택,오이,1,005,2020-03-18,,3,299.7,24,12.0,7.40,21.7,26.2,18,2,7
경기,평택,오이,1,005,2020-03-18,,4,224.1,21,9.3,6.80,17.7,22.5,18,2,6
경기,평택,오이,1,005,2020-04-08,,1,392.5,33,11.5,7.30,16.5,21.7,14,0,15
경기,평택,오이,1,005,2020-04-08,,2,393.9,31,11.9,8.40,19.5,25.0,17,0,13
경기,평택,오이,1,005,2020-04-08,,3,453.9,34,13.0,7.80,21.0,28.0,14,1,11
경기,평택,오이,1,005,2020-04-08,,4,346.2,32,9.9,6.70,16.0,23.7,19,1,12
경기,평택,오이,1,005,2020-04-14,,1,420.8,36,11.4,7.20,15.4,22.0,15,0,15
경기,평택,오이,1,005,2020-04-14,,2,426.9,34,11.9,6.70,15.6,21.4,18,1,15
경기,평택,오이,1,005,2020-04-14,,3,483.6,36,13.1,6.70,18.2,26.0,16,1,14
경기,평택,오이,1,005,2020-04-14,,4,374.4,34,10.1,8.60,14.3,22.5,12,1,15
경기,평택,오이,1,005,2020-04-22,,1,462.1,39,11.6,7.20,14.1,19.6,11,2,16
경기,평택,오이,1,005,2020-04-22,,2,451.6,36,11.9,8.10,15.5,22.0,10,1,17
경기,평택,오이,1,005,2020-04-22,,3,509.1,38,13.1,8.50,18.2,25.0,18,2,13
경기,평택,오이,1,005,2020-04-22,,4,403.5,37,10.1,6.80,13.6,20.5,10,2,15
경기,평택,오이,1,005,2020-04-28,,1,486.7,42,11.3,6.50,13.0,20.2,14,2,19
경기,평택,오이,1,005,2020-04-28,,2,478.1,39,11.7,7.30,13.1,20.0,13,0,20
경기,평택,오이,1,005,2020-04-28,,3,537.5,41,12.8,6.00,14.0,22.1,12,2,15
경기,평택,오이,1,005,2020-04-28,,4,433.3,41,9.8,6.80,26.0,23.2,14,0,18
경기,평택,오이,1,005,2020-05-07,,1,536.8,45,11.7,6.90,14.5,21.0,17,0,22
경기,평택,오이,1,005,2020-05-07,,2,519.7,42,11.8,6.10,12.5,20.3,16,1,23
경기,평택,오이,1,005,2020-05-07,,3,575.9,44,12.8,6.40,14.0,21.0,15,1,19
경기,평택,오이,1,005,2020-05-07,,4,472.1,43,10.3,7.60,15.6,23.1,16,1,20
경기,평택,오이,1,005,2020-05-13,,1,537.3,45,11.7,6.90,14.3,23.0,17,0,21
경기,평택,오이,1,005,2020-05-13,,2,519.7,42,11.8,6.50,12.8,22.0,16,0,25
경기,평택,오이,1,005,2020-05-13,,3,575.9,44,12.8,6.90,13.5,19.0,15,0,21
경기,평택,오이,1,005,2020-05-13,,4,472.6,43,10.3,8.10,14.3,23.0,16,0,23
경기,평택,오이,2,005,2020-09-16,,1,36.8,6,6.1,7.90,18.0,23.1,6,0,0
경기,평택,오이,2,005,2020-09-16,,2,21.3,5,4.3,6.90,15.8,20.4,5,0,0
경기,평택,오이,2,005,2020-09-16,,3,23.0,5,4.6,8.40,15.8,20.5,5,0,0
경기,평택,오이,2,005,2020-09-16,,4,40.5,7,5.8,7.80,18.6,23.2,7,0,0
경기,평택,오이,2,005,2020-09-22,,1,73.5,9,8.2,8.40,20.5,26.3,9,0,0
경기,평택,오이,2,005,2020-09-22,,2,53.8,8,6.7,7.90,19.0,24.3,8,0,0
경기,평택,오이,2,005,2020-09-22,,3,59.7,9,6.6,7.40,21.3,25.8,9,0,0
경기,평택,오이,2,005,2020-09-22,,4,86.2,11,7.8,7.70,22.5,28.4,11,0,0
경기,평택,오이,2,005,2020-10-07,,1,233.3,21,11.1,10.50,24.7,35.5,21,1,8
경기,평택,오이,2,005,2020-10-07,,2,198.1,18,11.0,8.80,23.2,34.8,18,2,6
경기,평택,오이,2,005,2020-10-07,,3,201.3,18,11.2,8.40,24.8,34.2,18,1,6
경기,평택,오이,2,005,2020-10-07,,4,237.1,20,11.9,9.40,27.0,38.3,20,1,5
경기,평택,오이,2,005,2020-10-14,,1,254.0,21,12.1,10.50,25.3,36.2,12,2,10
경기,평택,오이,2,005,2020-10-14,,2,212.3,18,11.8,9.70,21.1,29.5,11,0,9
경기,평택,오이,2,005,2020-10-14,,3,212.4,18,11.8,8.40,23.6,31.0,12,1,10
경기,평택,오이,2,005,2020-10-14,,4,238.4,20,11.9,8.90,27.3,35.2,16,1,9
경기,평택,오이,2,005,2020-10-21,,1,254.5,21,12.1,10.60,24.3,31.2,9,2,9
경기,평택,오이,2,005,2020-10-21,,2,212.3,18,11.8,9.70,20.2,28.0,11,2,7
경기,평택,오이,2,005,2020-10-21,,3,212.4,18,11.8,8.60,23.6,31.0,10,2,7
경기,평택,오이,2,005,2020-10-21,,4,239.5,20,12.0,9.70,26.3,35.3,16,0,7
경기,평택,오이,2,005,2020-10-28,,1,254.5,21,12.1,11.10,23.0,31.2,8,0,2
경기,평택,오이,2,005,2020-10-28,,2,212.3,18,11.8,9.70,21.0,29.3,7,0,4
경기,평택,오이,2,005,2020-10-28,,3,212.4,18,11.8,8.60,25.0,32.2,8,0,7
경기,평택,오이,2,005,2020-10-28,,4,239.5,20,12.0,9.70,19.2,30.0,9,0,3
경기,평택,오이,1,007,2020-01-29,,1,32.7,6,5.4,4.90,10.6,13.6,6,0,0
경기,평택,오이,1,007,2020-01-29,,2,33.7,7,4.8,6.60,10.6,13.6,7,0,0
경기,평택,오이,1,007,2020-01-29,,3,24.6,5,4.1,6.20,8.9,12.8,6,0,0
경기,평택,오이,1,007,2020-01-29,,4,29.5,6,4.9,5.40,10.2,14.0,6,0,0
경기,평택,오이,1,007,2020-02-05,,1,50.5,8,6.3,5.70,12.5,15.5,8,0,0
경기,평택,오이,1,007,2020-02-05,,2,53.9,9,6.0,6.00,13.5,18.8,9,0,0
경기,평택,오이,1,007,2020-02-05,,3,35.1,7,5.0,6.40,13.6,17.8,7,0,0
경기,평택,오이,1,007,2020-02-05,,4,50.1,8,6.3,5.20,12.5,18.0,8,0,0
경기,평택,오이,1,007,2020-02-12,,1,95.4,12,7.9,6.10,16.0,22.2,12,0,2
경기,평택,오이,1,007,2020-02-12,,2,110.2,14,7.9,8.00,16.2,22.3,12,1,1
경기,평택,오이,1,007,2020-02-12,,3,66.8,11,6.1,6.60,16.2,24.4,8,0,0
경기,평택,오이,1,007,2020-02-12,,4,84.4,10,7.7,5.70,16.0,22.8,11,1,2
경기,평택,오이,1,007,2020-02-19,,1,128.1,13,9.9,7.20,17.4,25.0,13,0,3
경기,평택,오이,1,007,2020-02-19,,2,150.1,16,9.4,9.00,16.8,26.5,14,1,4
경기,평택,오이,1,007,2020-02-19,,3,97.2,12,8.1,8.10,17.0,23.2,9,2,1
경기,평택,오이,1,007,2020-02-19,,4,122.1,12,9.4,6.10,17.7,24.2,13,1,4
경기,평택,오이,1,007,2020-02-26,,1,166.7,16,10.4,6.80,17.2,24.3,16,0,6
경기,평택,오이,1,007,2020-02-26,,2,194.4,18,9.7,8.90,19.2,28.5,18,1,8
경기,평택,오이,1,007,2020-02-26,,3,139.7,15,9.3,7.10,17.2,25.4,12,1,5
경기,평택,오이,1,007,2020-02-26,,4,162.2,15,10.1,6.90,16.7,23.2,16,1,6
경기,평택,오이,1,007,2020-03-04,,1,198.0,18,11.0,7.80,17.2,24.0,18,1,8
경기,평택,오이,1,007,2020-03-04,,2,241.9,21,10.5,8.30,20.6,29.3,23,0,11
경기,평택,오이,1,007,2020-03-04,,3,165.5,17,9.7,7.50,17.7,24.2,17,1,6
경기,평택,오이,1,007,2020-03-04,,4,198.8,18,10.5,7.50,18.2,25.3,19,2,8
경기,평택,오이,1,007,2020-03-11,,1,232.2,20,11.6,7.90,17.5,25.0,20,1,4
경기,평택,오이,1,007,2020-03-11,,2,289.5,24,11.1,9.40,20.4,28.5,26,2,3
경기,평택,오이,1,007,2020-03-11,,3,196.8,20,9.8,7.50,20.2,27.3,20,1,1
경기,평택,오이,1,007,2020-03-11,,4,241.7,21,11.0,7.10,17.8,26.8,22,1,3
경기,평택,오이,1,007,2020-03-18,,1,269.1,23,11.7,7.30,15.2,20.6,23,1,6
경기,평택,오이,1,007,2020-03-18,,2,332.8,27,11.5,7.20,18.5,26.7,27,1,6
경기,평택,오이,1,007,2020-03-18,,3,231.8,23,10.1,7.60,16.4,23.8,20,0,6
경기,평택,오이,1,007,2020-03-18,,4,285.9,25,11.0,8.00,17.0,24.0,26,2,6
경기,평택,오이,1,007,2020-04-08,,1,399.9,34,12.3,7.20,19.7,25.6,20,1,13
경기,평택,오이,1,007,2020-04-08,,2,476.7,39,11.6,8.60,19.3,26.0,27,2,11
경기,평택,오이,1,007,2020-04-08,,3,357.8,33,10.8,7.30,18.7,26.0,24,1,9
경기,평택,오이,1,007,2020-04-08,,4,422.4,37,11.1,8.00,16.5,23.3,37,0,13
경기,평택,오이,1,007,2020-04-14,,1,449.4,37,12.1,7.00,18.7,25.3,23,1,4
경기,평택,오이,1,007,2020-04-14,,2,508.4,41,11.8,7.80,17.4,22.6,29,2,6
경기,평택,오이,1,007,2020-04-14,,3,389.6,36,10.8,6.90,17.5,23.6,24,1,2
경기,평택,오이,1,007,2020-04-14,,4,463.2,40,11.3,7.90,16.6,24.3,39,0,6
경기,평택,오이,1,007,2020-04-22,,1,493.4,39,12.7,7.30,20.0,27.2,24,1,7
경기,평택,오이,1,007,2020-04-22,,2,546.0,44,11.9,7.40,19.0,26.7,27,1,10
경기,평택,오이,1,007,2020-04-22,,3,417.2,37,11.3,7.00,18.2,25.9,24,1,7
경기,평택,오이,1,007,2020-04-22,,4,482.7,41,11.5,7.80,15.8,23.2,29,1,6
경기,평택,오이,1,007,2020-04-28,,1,494.2,39,12.7,8.40,19.7,27.5,22,0,8
경기,평택,오이,1,007,2020-04-28,,2,546.0,44,11.9,7.40,18.5,28.0,27,0,6
경기,평택,오이,1,007,2020-04-28,,3,417.2,37,11.3,7.30,18.0,25.7,24,0,6
경기,평택,오이,1,007,2020-04-28,,4,483.1,41,11.5,7.80,16.2,23.0,23,0,4
경기,평택,오이,1,007,2020-05-07,,1,,,,,,,,0,0
경기,평택,오이,1,007,2020-05-07,,2,,,,,,,,0,0
경기,평택,오이,1,007,2020-05-07,,3,,,,,,,,0,0
경기,평택,오이,1,007,2020-05-07,,4,,,,,,,,0,0
경기,평택,오이,1,007,2020-05-13,,1,,,,,,,,0,0
경기,평택,오이,1,007,2020-05-13,,2,,,,,,,,0,0
경기,평택,오이,1,007,2020-05-13,,3,,,,,,,,0,0
경기,평택,오이,1,007,2020-05-13,,4,,,,,,,,0,0
경기,평택,오이,1,007,2020-05-20,,1,9.0,3,3.0,6.50,12.2,13.4,3,0,0
경기,평택,오이,1,007,2020-05-20,,2,11.0,4,2.8,6.90,12.6,16.0,4,0,0
경기,평택,오이,1,007,2020-05-20,,3,8.1,2,4.0,6.00,12.2,15.6,2,0,0
경기,평택,오이,1,007,2020-05-20,,4,8.6,3,2.9,5.10,10.5,13.6,3,0,0
경기,평택,오이,1,007,2020-05-27,,1,39.1,7,5.6,8.20,20.6,26.6,7,0,0
경기,평택,오이,1,007,2020-05-27,,2,42.9,8,5.4,10.00,20.0,27.7,8,0,0
경기,평택,오이,1,007,2020-05-27,,3,40.7,8,5.1,9.40,19.8,26.0,8,0,0
경기,평택,오이,1,007,2020-05-27,,4,34.3,7,4.9,8.50,17.8,22.7,7,0,0
경기,평택,오이,1,007,2020-06-03,,1,113.0,14,8.1,8.30,23.4,31.0,14,2,0
경기,평택,오이,1,007,2020-06-03,,2,117.1,15,7.8,10.00,24.7,32.0,15,1,2
경기,평택,오이,1,007,2020-06-03,,3,114.9,14,8.2,11.20,25.0,33.0,14,2,1
경기,평택,오이,1,007,2020-06-03,,4,102.4,14,7.3,9.80,22.7,31.8,14,3,0
경기,평택,오이,1,007,2020-06-10,,1,199.1,20,10.0,8.20,23.0,32.7,20,1,5
경기,평택,오이,1,007,2020-06-10,,2,193.7,21,9.2,10.10,23.5,30.4,20,2,8
경기,평택,오이,1,007,2020-06-10,,3,204.0,21,9.7,8.80,25.2,32.2,20,2,8
경기,평택,오이,1,007,2020-06-10,,4,185.4,19,9.8,10.10,23.3,32.2,18,1,8
경기,평택,오이,1,007,2020-06-17,,1,264.5,26,10.2,9.00,22.5,29.5,24,2,7
경기,평택,오이,1,007,2020-06-17,,2,257.8,27,9.5,8.10,20.5,25.3,24,3,7
경기,평택,오이,1,007,2020-06-17,,3,274.7,27,10.2,8.80,22.7,29.8,25,2,8
경기,평택,오이,1,007,2020-06-17,,4,266.2,26,10.2,8.30,22.6,27.7,24,1,7
경기,평택,오이,1,007,2020-06-24,,1,305.2,30,10.2,7.80,21.2,25.0,22,0,10
경기,평택,오이,1,007,2020-06-24,,2,309.1,32,9.7,8.70,19.2,23.8,28,2,9
경기,평택,오이,1,007,2020-06-24,,3,325.5,31,10.5,7.40,19.7,25.0,23,0,7
경기,평택,오이,1,007,2020-06-24,,4,325.0,31,10.5,7.30,20.6,24.9,14,0,4
경기,평택,오이,1,007,2020-07-01,,1,353.2,35,10.1,7.50,19.0,23.8,19,1,6
경기,평택,오이,1,007,2020-07-01,,2,341.1,36,9.5,6.30,17.2,20.8,18,0,8
경기,평택,오이,1,007,2020-07-01,,3,378.6,36,10.5,8.10,,,18,2,7
경기,평택,오이,1,007,2020-07-01,,4,387.8,36,10.8,6.80,19.8,24.4,19,0,8
경기,평택,오이,1,007,2020-07-08,,1,393.9,39,10.1,6.70,19.0,24.3,22,1,6
경기,평택,오이,1,007,2020-07-08,,2,372.1,38,9.8,5.70,16.0,18.8,18,0,5
경기,평택,오이,1,007,2020-07-08,,3,423.5,41,10.3,6.60,21.2,26.1,23,2,8
경기,평택,오이,1,007,2020-07-08,,4,441.0,42,10.5,6.90,21.0,24.1,23,1,10
경기,평택,오이,1,007,2020-07-15,,1,461.2,43,10.7,7.10,21.5,23.4,26,1,8
경기,평택,오이,1,007,2020-07-15,,2,431.6,44,9.8,6.30,13.7,16.5,24,2,3
경기,평택,오이,1,007,2020-07-15,,3,486.7,45,10.8,9.20,21.8,24.0,27,1,6
경기,평택,오이,1,007,2020-07-15,,4,492.0,46,10.7,7.90,20.0,21.5,22,0,8
경기,평택,오이,1,007,2020-07-22,,1,532.0,48,11.1,7.20,25.0,29.0,27,2,7
경기,평택,오이,1,007,2020-07-22,,2,496.3,49,10.1,6.40,18.2,20.3,26,0,9
경기,평택,오이,1,007,2020-07-22,,3,551.9,50,11.0,7.20,23.7,27.0,29,0,11
경기,평택,오이,1,007,2020-07-22,,4,557.9,52,10.7,6.80,20.4,24.2,23,0,9
경기,평택,오이,1,007,2020-07-29,,1,599.4,53,11.3,7.60,14.0,29.4,23,2,5
경기,평택,오이,1,007,2020-07-29,,2,549.7,54,10.2,7.40,18.5,24.4,23,0,5
경기,평택,오이,1,007,2020-07-29,,3,618.4,56,11.0,7.20,20.4,25.6,29,5,5
경기,평택,오이,1,007,2020-07-29,,4,606.0,57,10.6,7.80,20.3,25.7,24,2,8
경기,평택,오이,2,007,2020-09-17,,1,24.4,5,3.5,7.80,15.2,18.0,7,0,0
경기,평택,오이,2,007,2020-09-17,,2,27.4,5,3.9,6.90,15.0,19.3,7,0,0
경기,평택,오이,2,007,2020-09-17,,3,31.4,6,4.5,7.70,15.3,21.3,7,0,0
경기,평택,오이,2,007,2020-09-17,,4,31.2,6,3.9,7.70,14.8,20.3,8,0,0
경기,평택,오이,2,007,2020-09-23,,1,67.3,9,6.1,8.70,16.0,26.3,11,0,0
경기,평택,오이,2,007,2020-09-23,,2,77.7,10,7.1,8.80,20.6,31.0,11,0,0
경기,평택,오이,2,007,2020-09-23,,3,79.9,10,7.3,7.40,19.7,29.0,11,0,0
경기,평택,오이,2,007,2020-09-23,,4,73.7,10,6.7,8.90,19.8,29.2,11,0,0
경기,평택,오이,2,007,2020-10-08,,1,227.0,20,10.3,10.80,25.2,33.6,22,2,7
경기,평택,오이,2,007,2020-10-08,,2,251.7,21,11.4,9.40,25.2,33.0,22,0,5
경기,평택,오이,2,007,2020-10-08,,3,247.4,21,11.2,7.20,25.0,34.2,22,0,5
경기,평택,오이,2,007,2020-10-08,,4,235.9,21,10.7,10.00,24.5,33.4,21,0,7
경기,평택,오이,2,007,2020-10-15,,1,291.6,24,11.2,9.00,22.0,31.5,22,1,9
경기,평택,오이,2,007,2020-10-15,,2,326.4,26,12.1,10.20,22.5,31.6,22,3,4
경기,평택,오이,2,007,2020-10-15,,3,314.3,26,11.6,9.70,23.5,31.5,23,2,9
경기,평택,오이,2,007,2020-10-15,,4,282.1,25,10.8,10.60,23.4,31.5,24,1,5
경기,평택,오이,2,007,2020-10-22,,1,359.1,29,11.6,8.30,20.3,27.7,23,5,8
경기,평택,오이,2,007,2020-10-22,,2,400.5,31,12.5,8.40,21.6,28.1,22,2,7
경기,평택,오이,2,007,2020-10-22,,3,373.8,30,12.1,10.20,21.3,28.6,26,2,9
경기,평택,오이,2,007,2020-10-22,,4,340.1,29,11.3,7.80,20.2,25.2,23,3,5
경기,평택,오이,2,007,2020-10-29,,1,402.2,31,12.2,7.60,19.3,24.3,24,0,8
경기,평택,오이,2,007,2020-10-29,,2,434.7,33,12.8,9.10,21.8,28.5,23,2,7
경기,평택,오이,2,007,2020-10-29,,3,404.1,32,12.2,9.10,20.8,28.0,22,1,8
경기,평택,오이,2,007,2020-10-29,,4,382.5,32,11.6,8.70,17.7,27.9,23,2,5
경기,평택,오이,2,007,2020-11-05,,1,443.3,34,12.3,7.30,20.7,26.1,22,3,6
경기,평택,오이,2,007,2020-11-05,,2,483.7,37,12.7,7.10,20.1,25.9,23,2,7
경기,평택,오이,2,007,2020-11-05,,3,442.3,36,12.0,8.10,19.8,25.5,25,1,9
경기,평택,오이,2,007,2020-11-05,,4,430.1,36,11.6,8.50,20.4,25.0,22,1,9
경기,평택,오이,2,007,2020-11-12,,1,481.9,37,12.4,6.80,19.6,25.1,25,2,5
경기,평택,오이,2,007,2020-11-12,,2,520.8,40,12.7,7.30,21.0,26.7,21,2,7
경기,평택,오이,2,007,2020-11-12,,3,470.5,39,11.8,7.50,17.5,23.4,21,2,4
경기,평택,오이,2,007,2020-11-12,,4,466.2,39,11.7,8.10,20.1,24.5,21,1,6
경기,평택,오이,2,007,2020-11-19,,1,531.4,41,12.4,7.40,17.5,24.0,13,2,5
경기,평택,오이,2,007,2020-11-19,,2,566.3,44,12.6,7.70,19.2,27.3,13,3,5
경기,평택,오이,2,007,2020-11-19,,3,512.9,43,11.7,7.10,15.8,21.5,15,2,6
경기,평택,오이,2,007,2020-11-19,,4,505.6,42,11.8,8.20,20.2,26.3,22,3,4
경기,평택,오이,2,007,2020-11-26,,1,547.0,42,12.4,7.80,18.3,23.8,14,1,6
경기,평택,오이,2,007,2020-11-26,,2,582.1,46,12.4,7.30,17.9,24.2,15,2,6
경기,평택,오이,2,007,2020-11-26,,3,529.5,45,11.5,5.70,16.1,21.5,15,1,8
경기,평택,오이,2,007,2020-11-26,,4,523.7,44,11.6,8.00,19.1,23.1,11,1,5
경기,평택,오이,2,007,2020-12-03,,1,547.4,42,12.4,7.80,18.5,24.0,9,0,7
경기,평택,오이,2,007,2020-12-03,,2,582.1,46,12.4,7.30,17.9,24.2,9,1,8
경기,평택,오이,2,007,2020-12-03,,3,530.7,45,11.5,6.10,16.4,22.0,12,1,10
경기,평택,오이,2,007,2020-12-03,,4,0.0,0,0.0,0.00,0.0,0.0,0,0,0
경기,평택,오이,2,007,2020-12-10,,1,547.4,42,12.4,7.80,18.3,23.6,8,0,3
경기,평택,오이,2,007,2020-12-10,,2,0.0,0,0.0,0.00,0.0,0.0,0,0,0
경기,평택,오이,2,007,2020-12-10,,3,530.7,45,11.5,6.50,16.7,21.2,11,0,7
경기,평택,오이,2,007,2020-12-10,,4,0.0,0,0.0,0.00,0.0,0.0,0,0,0
경기,평택,오이,1,010,2020-04-08,,1,33.8,7,4.8,8.50,16.5,22.0,7,0,
경기,평택,오이,1,010,2020-04-08,,2,51.6,10,5.2,8.00,16.5,22.0,10,0,
경기,평택,오이,1,010,2020-04-08,,3,45.2,9,5.0,7.20,14.3,20.6,9,0,
경기,평택,오이,1,010,2020-04-08,,4,31.8,7,4.5,7.10,13.3,20.0,7,0,
경기,평택,오이,1,010,2020-04-14,,1,52.1,10,5.2,8.70,18.0,25.2,8,0,
경기,평택,오이,1,010,2020-04-14,,2,75.5,13,5.8,8.60,17.2,24.2,11,1,
경기,평택,오이,1,010,2020-04-14,,3,69.7,11,6.3,7.00,15.0,20.9,9,2,
경기,평택,오이,1,010,2020-04-14,,4,48.5,10,4.8,9.20,13.0,20.1,8,1,
경기,평택,오이,1,010,2020-04-22,,1,87.6,13,6.7,10.20,21.0,31.4,11,2,
경기,평택,오이,1,010,2020-04-22,,2,123.9,17,7.3,9.90,23.0,32.4,15,1,
경기,평택,오이,1,010,2020-04-22,,3,119.9,16,7.5,8.10,17.7,25.0,14,0,
경기,평택,오이,1,010,2020-04-22,,4,80.0,13,6.2,9.20,15.6,24.2,11,1,
경기,평택,오이,1,010,2020-04-28,,1,113.3,17,6.7,10.90,22.5,30.2,15,2,
경기,평택,오이,1,010,2020-04-28,,2,160.1,22,7.3,10.30,24.0,35.2,20,2,
경기,평택,오이,1,010,2020-04-28,,3,148.8,20,7.4,8.00,18.0,24.7,18,2,
경기,평택,오이,1,010,2020-04-28,,4,107.0,16,6.7,7.70,19.3,28.7,14,1,
경기,평택,오이,1,010,2020-05-07,,1,179.9,24,7.5,9.50,22.9,31.5,15,2,
경기,평택,오이,1,010,2020-05-07,,2,220.1,28,7.9,9.50,21.2,26.1,19,0,
경기,평택,오이,1,010,2020-05-07,,3,192.7,25,7.7,6.80,15.0,19.0,16,0,
경기,평택,오이,1,010,2020-05-07,,4,151.3,22,6.9,8.20,18.8,27.7,13,1,
경기,평택,오이,1,010,2020-05-13,,1,222.6,28,7.9,9.10,20.3,27.0,17,1,
경기,평택,오이,1,010,2020-05-13,,2,265.8,33,8.1,8.10,19.0,23.0,22,1,
경기,평택,오이,1,010,2020-05-13,,3,223.0,29,7.7,6.40,15.0,20.0,18,2,
경기,평택,오이,1,010,2020-05-13,,4,185.2,26,7.1,7.20,17.0,23.7,15,1,
경기,평택,오이,1,010,2020-05-20,,1,274.3,33,8.3,8.40,21.1,27.8,22,2,
경기,평택,오이,1,010,2020-05-20,,2,307.3,37,8.3,8.40,19.0,24.5,26,1,
경기,평택,오이,1,010,2020-05-20,,3,266.3,33,8.1,7.60,17.0,22.0,22,1,
경기,평택,오이,1,010,2020-05-20,,4,223.8,30,7.5,8.80,17.8,23.7,19,0,
경기,평택,오이,1,010,2020-05-27,,1,328.2,39,8.4,8.70,19.6,25.5,24,1,
경기,평택,오이,1,010,2020-05-27,,2,348.7,42,8.3,7.70,18.5,23.7,27,2,
경기,평택,오이,1,010,2020-05-27,,3,312.4,39,8.0,7.50,17.7,23.5,24,1,
경기,평택,오이,1,010,2020-05-27,,4,273.5,35,7.8,7.10,18.6,25.7,20,2,
경기,평택,오이,1,010,2020-06-03,,1,389.9,45,8.7,8.20,18.0,24.5,30,3,
경기,평택,오이,1,010,2020-06-03,,2,399.8,48,8.3,7.30,18.2,22.1,33,2,
경기,평택,오이,1,010,2020-06-03,,3,347.6,44,7.9,7.80,16.7,22.2,29,2,
경기,평택,오이,1,010,2020-06-03,,4,318.2,40,8.0,8.60,18.3,26.4,25,2,
경기,평택,오이,1,010,2020-06-10,,1,457.6,51,9.0,8.60,17.5,22.0,22,3,
경기,평택,오이,1,010,2020-06-10,,2,453.2,53,8.6,8.80,18.0,21.7,24,1,
경기,평택,오이,1,010,2020-06-10,,3,390.2,48,8.1,6.80,16.0,22.0,19,2,
경기,평택,오이,1,010,2020-06-10,,4,370.3,45,8.2,8.50,19.2,25.8,16,0,
경기,평택,오이,1,010,2020-06-17,,1,526.6,57,9.2,8.90,19.5,28.5,22,2,
경기,평택,오이,1,010,2020-06-17,,2,516.8,59,8.8,7.40,18.0,24.5,24,1,
경기,평택,오이,1,010,2020-06-17,,3,454.4,55,8.3,7.10,16.0,23.5,20,2,
경기,평택,오이,1,010,2020-06-17,,4,440.7,52,8.5,9.00,21.3,30.3,17,1,
경기,평택,오이,1,010,2020-06-24,,1,581.6,64,9.1,10.10,19.0,25.2,27,2,
경기,평택,오이,1,010,2020-06-24,,2,569.8,65,8.8,8.60,18.3,23.2,28,1,
경기,평택,오이,1,010,2020-06-24,,3,476.6,58,8.2,8.30,19.2,23.7,21,0,
경기,평택,오이,1,010,2020-06-24,,4,489.7,57,8.6,9.20,18.3,23.0,20,2,
경기,평택,오이,1,010,2020-07-01,,1,638.3,68,9.4,8.60,17.1,22.0,28,1,
경기,평택,오이,1,010,2020-07-01,,2,623.7,70,8.9,9.00,19.2,26.0,30,2,
경기,평택,오이,1,010,2020-07-01,,3,524.5,64,8.2,7.30,13.0,16.2,24,1,
경기,평택,오이,1,010,2020-07-01,,4,549.5,61,9.0,8.30,18.8,25.1,21,1,
경기,평택,오이,1,010,2020-07-08,,1,673.2,74,9.1,8.70,18.5,26.0,22,3,
경기,평택,오이,1,010,2020-07-08,,2,661.1,75,8.8,7.50,19.7,25.1,23,1,
경기,평택,오이,1,010,2020-07-08,,3,558.4,69,8.1,7.70,15.6,22.0,17,1,
경기,평택,오이,1,010,2020-07-08,,4,579.5,66,8.8,8.60,20.2,27.8,14,3,
경기,평택,오이,1,010,2020-07-15,,1,725.1,79,9.2,9.80,18.8,24.0,20,1,
경기,평택,오이,1,010,2020-07-15,,2,700.2,80,8.8,9.10,18.5,24.0,21,1,
경기,평택,오이,1,010,2020-07-15,,3,603.6,74,8.2,7.40,15.4,19.9,15,1,
경기,평택,오이,1,010,2020-07-15,,4,625.8,70,8.9,7.70,18.2,22.0,11,1,
경기,평택,오이,1,010,2020-07-22,,1,769.6,83,9.3,9.70,21.3,27.5,19,1,
경기,평택,오이,1,010,2020-07-22,,2,727.1,83,8.8,8.60,17.5,22.3,19,1,
경기,평택,오이,1,010,2020-07-22,,3,641.8,78,8.2,7.90,17.0,22.8,14,2,
경기,평택,오이,1,010,2020-07-22,,4,679.3,75,9.1,9.50,20.3,27.0,11,2,
경기,평택,오이,1,010,2020-07-29,,1,770.7,83,9.3,10.70,22.5,27.4,18,2,
경기,평택,오이,1,010,2020-07-29,,2,730.0,83,8.8,8.60,18.2,22.5,18,0,
경기,평택,오이,1,010,2020-07-29,,3,647.7,78,8.3,8.90,18.3,23.0,13,0,
경기,평택,오이,1,010,2020-07-29,,4,681.3,75,9.1,9.50,21.0,25.5,10,1,
경기,평택,오이,2,010,2020-09-02,,1,12.7,4,2.1,7.20,7.5,9.0,6,0,0
경기,평택,오이,2,010,2020-09-02,,2,13.5,5,2.2,5.10,8.0,9.3,6,0,0
경기,평택,오이,2,010,2020-09-02,,3,14.0,5,2.3,4.20,9.2,11.0,6,0,0
경기,평택,오이,2,010,2020-09-02,,4,18.5,5,2.6,5.20,11.6,15.0,7,0,0
경기,평택,오이,2,010,2020-09-10,,1,35.3,9,3.5,4.40,8.2,12.0,7,0,0
경기,평택,오이,2,010,2020-09-10,,2,45.7,11,4.2,5.60,12.0,16.2,8,0,0
경기,평택,오이,2,010,2020-09-10,,3,46.7,10,4.2,6.10,12.3,16.2,8,0,0
경기,평택,오이,2,010,2020-09-10,,4,76.2,13,5.9,6.20,16.1,21.2,10,0,0
경기,평택,오이,2,010,2020-09-16,,1,71.1,14,4.7,4.20,10.2,13.2,12,0,0
경기,평택,오이,2,010,2020-09-16,,2,83.8,17,4.9,7.30,15.4,21.8,14,0,0
경기,평택,오이,2,010,2020-09-16,,3,80.8,15,5.0,5.70,14.7,19.4,13,0,0
경기,평택,오이,2,010,2020-09-16,,4,126.5,20,6.3,8.80,16.6,23.0,17,0,0
경기,평택,오이,2,010,2020-09-22,,1,90.1,17,5.0,5.40,11.5,16.4,15,0,0
경기,평택,오이,2,010,2020-09-22,,2,113.1,21,5.4,7.00,17.3,25.4,18,0,0
경기,평택,오이,2,010,2020-09-22,,3,106.0,20,5.0,7.60,16.8,24.2,18,0,0
경기,평택,오이,2,010,2020-09-22,,4,171.3,25,6.9,8.50,19.5,27.0,22,1,1
경기,평택,오이,2,010,2020-10-07,,1,204.3,28,7.0,10.20,23.5,31.0,26,3,4
경기,평택,오이,2,010,2020-10-07,,2,225.2,31,7.3,10.30,23.1,31.6,28,0,11
경기,평택,오이,2,010,2020-10-07,,3,206.1,29,6.9,10.70,23.6,34.0,27,2,9
경기,평택,오이,2,010,2020-10-07,,4,279.3,35,8.0,11.20,24.7,30.8,32,3,12
경기,평택,오이,2,010,2020-10-14,,1,246.4,31,7.7,9.50,24.3,31.8,24,2,9
경기,평택,오이,2,010,2020-10-14,,2,256.9,34,7.6,9.70,18.8,22.6,19,2,13
경기,평택,오이,2,010,2020-10-14,,3,234.3,32,7.1,11.10,20.2,23.5,31,2,12
경기,평택,오이,2,010,2020-10-14,,4,293.0,35,8.4,11.20,24.5,32.0,20,2,13
경기,평택,오이,2,010,2020-10-21,,1,265.8,33,7.8,9.10,22.5,30.6,26,2,12
경기,평택,오이,2,010,2020-10-21,,2,260.1,34,7.7,11.20,18.6,22.2,19,1,0
경기,평택,오이,2,010,2020-10-21,,3,254.1,34,7.3,10.20,19.0,22.5,25,3,13
경기,평택,오이,2,010,2020-10-21,,4,292.3,35,8.4,11.50,24.7,29.5,20,0,11
경기,평택,오이,2,010,2020-10-28,,1,266.9,33,7.8,10.20,22.7,31.4,14,2,13
경기,평택,오이,2,010,2020-10-28,,2,265.8,35,7.6,11.20,18.2,22.8,14,1,10
경기,평택,오이,2,010,2020-10-28,,3,252.0,34,7.2,10.20,19.0,26.4,16,3,14
경기,평택,오이,2,010,2020-10-28,,4,298.0,35,8.5,12.30,23.4,29.2,14,0,8
경기,평택,오이,2,010,2020-11-04,,1,266.9,33,7.8,10.20,23.0,31.5,14,0,12
경기,평택,오이,2,010,2020-11-04,,2,265.8,35,7.6,11.20,18.3,23.3,14,0,7
경기,평택,오이,2,010,2020-11-04,,3,252.5,34,7.2,10.20,18.6,21.7,15,0,9
경기,평택,오이,2,010,2020-11-04,,4,298.0,35,8.5,12.30,23.3,29.1,9,0,6
경기,평택,오이,2,010,2020-11-11,,1,266.9,33,7.8,10.20,23.0,31.8,14,0,8
경기,평택,오이,2,010,2020-11-11,,2,265.8,35,7.6,11.20,18.4,23.2,13,0,4
경기,평택,오이,2,010,2020-11-11,,3,252.5,34,7.2,10.20,18.8,21.3,15,0,3
경기,평택,오이,2,010,2020-11-11,,4,298.0,35,8.5,12.30,23.5,29.7,9,0,1
경기,평택,오이,2,010,2020-11-18,,1,266.9,33,7.8,10.20,23.3,31.9,14,0,6
경기,평택,오이,2,010,2020-11-18,,2,265.8,35,7.6,11.20,18.6,23.5,13,0,1
경기,평택,오이,2,010,2020-11-18,,3,252.5,34,7.2,10.20,19.3,21.3,12,0,2
경기,평택,오이,2,010,2020-11-18,,4,298.0,35,8.5,12.70,23.5,28.4,9,0,0
경기,평택,오이,2,010,2020-11-25,,1,266.9,33,7.8,10.40,23.7,32.0,14,0,0
경기,평택,오이,2,010,2020-11-25,,2,265.8,35,7.6,11.20,18.5,23.9,13,0,0
경기,평택,오이,2,010,2020-11-25,,3,252.5,34,7.2,10.20,18.4,20.2,12,0,0
경기,평택,오이,2,010,2020-11-25,,4,298.0,35,8.5,12.70,22.7,29.0,9,0,0
경기,평택,오이,2,010,2020-12-02,,1,266.9,33,7.8,10.40,23.5,32.0,14,0,0
경기,평택,오이,2,010,2020-12-02,,2,265.8,35,7.6,11.20,18.5,23.9,13,0,0
경기,평택,오이,2,010,2020-12-02,,3,,,,,,,,,
경기,평택,오이,2,010,2020-12-02,,4,298.0,35,8.5,12.90,22.9,29.0,9,0,0
경기,평택,오이,2,010,2020-12-09,,1,266.9,33,7.8,10.40,23.3,33.1,14,0,0
경기,평택,오이,2,010,2020-12-09,,2,265.8,35,7.6,11.20,17.6,23.8,13,0,0
경기,평택,오이,2,010,2020-12-09,,3,,,,,,,,,
경기,평택,오이,2,010,2020-12-09,,4,298.0,35,8.5,12.90,22.6,29.1,9,0,0
경기,평택,오이,1,012,2020-01-29,,1,50.5,7,5.6,5.70,17.8,23.6,9,0,0
경기,평택,오이,1,012,2020-01-29,,2,72.4,9,8.0,6.40,19.3,26.7,9,0,0
경기,평택,오이,1,012,2020-01-29,,3,54.1,8,6.0,6.60,18.3,25.3,9,0,0
경기,평택,오이,1,012,2020-01-29,,4,35.2,5,5.0,6.50,17.8,22.5,7,0,0
경기,평택,오이,1,012,2020-02-05,,1,64.6,10,6.5,6.40,17.0,22.5,10,0,0
경기,평택,오이,1,012,2020-02-05,,2,92.2,11,8.4,6.40,22.0,32.3,11,0,0
경기,평택,오이,1,012,2020-02-05,,3,69.9,10,7.0,6.90,19.0,26.2,10,1,0
경기,평택,오이,1,012,2020-02-05,,4,52.2,7,5.8,6.80,18.8,25.2,9,0,0
경기,평택,오이,1,012,2020-02-12,,1,90.4,12,7.5,7.10,21.9,28.1,11,2,1
경기,평택,오이,1,012,2020-02-12,,2,120.2,13,9.2,7.60,23.2,33.8,11,1,1
경기,평택,오이,1,012,2020-02-12,,3,95.6,13,7.4,7.60,21.3,28.4,13,1,2
경기,평택,오이,1,012,2020-02-12,,4,78.6,9,7.1,7.50,22.0,28.8,11,0,0
경기,평택,오이,1,012,2020-02-19,,1,115.4,14,8.2,7.50,24.4,31.5,12,1,3
경기,평택,오이,1,012,2020-02-19,,2,147.2,14,10.5,9.20,25.0,34.7,11,1,2
경기,평택,오이,1,012,2020-02-19,,3,120.3,14,8.6,8.00,24.4,31.2,11,1,4
경기,평택,오이,1,012,2020-02-19,,4,105.3,11,8.1,7.80,21.7,29.0,10,2,1
경기,평택,오이,1,012,2020-02-26,,1,148.2,16,9.3,8.60,23.0,31.0,14,1,6
경기,평택,오이,1,012,2020-02-26,,2,180.4,17,10.6,8.70,23.4,39.4,12,1,5
경기,평택,오이,1,012,2020-02-26,,3,152.8,16,9.5,7.90,26.6,33.0,13,1,6
경기,평택,오이,1,012,2020-02-26,,4,139.7,13,9.3,7.30,24.5,31.4,13,0,4
경기,평택,오이,1,012,2020-03-04,,1,171.4,18,9.5,8.90,26.8,35.2,10,0,6
경기,평택,오이,1,012,2020-03-04,,2,204.2,19,10.7,9.10,25.7,38.2,10,1,6
경기,평택,오이,1,012,2020-03-04,,3,160.3,17,8.4,8.40,26.5,36.3,10,1,7
경기,평택,오이,1,012,2020-03-04,,4,166.6,16,9.3,9.70,27.2,38.8,11,1,4
경기,평택,오이,1,012,2020-03-11,,1,202.9,21,9.7,7.60,28.2,40.8,12,2,5
경기,평택,오이,1,012,2020-03-11,,2,235.8,22,10.7,7.80,26.5,39.5,12,1,7
경기,평택,오이,1,012,2020-03-11,,3,189.5,19,9.0,8.00,26.5,37.3,12,2,7
경기,평택,오이,1,012,2020-03-11,,4,202.0,19,9.6,9.30,27.5,38.4,12,1,5
경기,평택,오이,1,012,2020-03-18,,1,237.5,24,9.9,7.50,26.4,39.2,12,1,8
경기,평택,오이,1,012,2020-03-18,,2,267.1,25,10.7,10.00,26.7,37.5,13,1,9
경기,평택,오이,1,012,2020-03-18,,3,215.0,21,9.3,7.90,27.0,39.8,12,2,8
경기,평택,오이,1,012,2020-03-18,,4,239.2,22,10.0,9.10,25.8,39.0,14,1,6
경기,평택,오이,1,012,2020-04-08,,1,352.4,34,10.4,8.80,24.6,31.1,14,0,12
경기,평택,오이,1,012,2020-04-08,,2,376.1,35,10.7,5.90,26.0,30.7,13,0,11
경기,평택,오이,1,012,2020-04-08,,3,318.2,30,9.9,8.00,24.8,29.3,14,0,17
경기,평택,오이,1,012,2020-04-08,,4,365.6,32,10.8,7.40,23.2,29.8,13,1,11
경기,평택,오이,1,012,2020-04-14,,1,378.0,36,10.5,8.30,25.4,34.7,11,1,8
경기,평택,오이,1,012,2020-04-14,,2,400.1,37,10.8,7.90,23.7,31.1,12,1,10
경기,평택,오이,1,012,2020-04-14,,3,344.9,33,9.9,8.00,24.3,30.0,12,0,11
경기,평택,오이,1,012,2020-04-14,,4,399.1,35,10.8,8.30,23.3,30.6,11,2,8
경기,평택,오이,1,012,2020-04-22,,1,418.3,39,10.7,8.90,27.0,30.2,14,2,7
경기,평택,오이,1,012,2020-04-22,,2,433.1,39,11.1,8.00,23.3,30.0,14,1,11
경기,평택,오이,1,012,2020-04-22,,3,383.3,36,10.1,9.30,25.0,32.0,14,1,10
경기,평택,오이,1,012,2020-04-22,,4,440.8,38,11.0,7.60,21.8,30.0,13,2,7
경기,평택,오이,1,012,2020-04-28,,1,452.0,42,10.8,7.60,23.0,31.1,12,1,8
경기,평택,오이,1,012,2020-04-28,,2,465.5,42,11.1,8.10,22.0,30.0,13,1,8
경기,평택,오이,1,012,2020-04-28,,3,410.0,38,10.2,7.60,24.3,32.0,11,2,7
경기,평택,오이,1,012,2020-04-28,,4,473.3,41,11.0,7.60,23.7,30.6,13,1,7
경기,평택,오이,1,012,2020-05-07,,1,509.6,46,11.1,7.30,23.5,30.2,16,0,10
경기,평택,오이,1,012,2020-05-07,,2,509.5,46,11.1,7.60,22.5,30.1,17,1,8
경기,평택,오이,1,012,2020-05-07,,3,459.8,42,10.4,8.70,24.2,34.4,15,1,7
경기,평택,오이,1,012,2020-05-07,,4,526.7,45,11.2,7.60,25.0,29.2,16,1,8
경기,평택,오이,1,012,2020-05-13,,1,535.5,48,11.2,8.50,23.0,30.0,9,0,6
경기,평택,오이,1,012,2020-05-13,,2,533.3,48,11.1,9.20,21.6,30.0,9,1,6
경기,평택,오이,1,012,2020-05-13,,3,485.5,45,10.3,8.10,23.6,29.0,10,1,7
경기,평택,오이,1,012,2020-05-13,,4,550.2,47,11.2,7.00,22.0,27.6,9,0,6
경기,평택,오이,1,012,2020-05-20,,1,571.9,51,11.2,7.80,23.4,30.5,12,0,7
경기,평택,오이,1,012,2020-05-20,,2,,,,,,,,0,0
경기,평택,오이,1,012,2020-05-20,,3,516.2,47,10.5,8.90,22.0,31.0,12,1,8
경기,평택,오이,1,012,2020-05-20,,4,584.3,50,11.2,7.30,20.2,30.7,12,1,8
경기,평택,오이,1,012,2020-05-27,,1,598.7,53,11.3,8.20,23.0,30.6,14,1,0
경기,평택,오이,1,012,2020-05-27,,2,,,,,,,,0,0
경기,평택,오이,1,012,2020-05-27,,3,549.5,50,10.6,7.90,24.7,32.2,15,1,10
경기,평택,오이,1,012,2020-05-27,,4,611.7,52,11.3,8.60,22.2,31.2,14,1,7
경기,평택,오이,1,012,2020-06-03,,1,605.0,53,11.4,7.80,22.0,28.2,13,1,7
경기,평택,오이,1,012,2020-06-03,,2,,,,,,,,0,0
경기,평택,오이,1,012,2020-06-03,,3,553.4,50,10.6,7.90,23.5,32.0,14,0,10
경기,평택,오이,1,012,2020-06-03,,4,623.7,53,11.3,8.70,21.5,30.7,15,0,9
경기,평택,오이,1,012,2020-06-10,,1,,,,,,,,0,0
경기,평택,오이,1,012,2020-06-10,,2,,,,,,,,0,0
경기,평택,오이,1,012,2020-06-10,,3,553.4,50,10.6,8.10,20.8,30.0,12,0,4
경기,평택,오이,1,012,2020-06-10,,4,623.7,53,11.3,8.70,20.0,25.0,12,0,8
경기,평택,오이,3,012,2020-10-07,,1,13.4,5,2.7,7.00,16.6,20.2,5,0,0
경기,평택,오이,3,012,2020-10-07,,2,9.3,2,2.3,6.40,15.2,17.0,4,0,0
경기,평택,오이,3,012,2020-10-07,,3,9.5,3,2.4,6.70,15.2,18.0,4,0,0
경기,평택,오이,3,012,2020-10-07,,4,8.0,1,2.0,5.50,14.8,17.5,4,0,0
경기,평택,오이,3,012,2020-10-13,,1,44.4,8,5.5,9.20,21.0,22.8,8,0,0
경기,평택,오이,3,012,2020-10-13,,2,33.1,6,4.7,9.60,20.7,25.0,7,0,0
경기,평택,오이,3,012,2020-10-13,,3,40.3,7,5.0,8.90,21.0,25.0,8,0,0
경기,평택,오이,3,012,2020-10-13,,4,26.1,5,4.3,9.10,21.5,22.5,6,0,0
경기,평택,오이,3,012,2020-10-21,,1,109.3,13,8.4,9.50,24.3,28.2,13,2,0
경기,평택,오이,3,012,2020-10-21,,2,94.3,11,7.3,10.10,23.0,29.7,13,1,0
경기,평택,오이,3,012,2020-10-21,,3,100.1,12,7.7,10.20,23.3,29.5,13,1,0
경기,평택,오이,3,012,2020-10-21,,4,89.8,11,7.5,9.10,27.2,33.4,12,1,0
경기,평택,오이,3,012,2020-10-28,,1,154.7,16,9.7,8.50,26.1,30.2,16,1,3
경기,평택,오이,3,012,2020-10-28,,2,133.4,14,8.9,9.20,25.0,33.1,15,0,3
경기,평택,오이,3,012,2020-10-28,,3,140.8,14,9.4,8.70,26.6,33.4,15,1,3
경기,평택,오이,3,012,2020-10-28,,4,119.2,12,9.2,8.70,27.1,37.0,13,2,3
경기,평택,오이,3,012,2020-11-04,,1,203.8,20,10.2,8.70,25.7,32.7,16,2,6
경기,평택,오이,3,012,2020-11-04,,2,181.3,18,9.5,8.60,25.3,29.8,14,2,5
경기,평택,오이,3,012,2020-11-04,,3,191.9,18,10.1,8.80,25.2,32.2,15,2,6
경기,평택,오이,3,012,2020-11-04,,4,166.7,16,9.8,7.70,28.9,35.0,10,1,6
경기,평택,오이,3,012,2020-11-11,,1,246.4,23,10.7,10.40,29.2,34.1,16,2,8
경기,평택,오이,3,012,2020-11-11,,2,228.9,22,10.0,9.50,27.3,31.0,16,3,8
경기,평택,오이,3,012,2020-11-11,,3,234.4,21,10.7,9.10,29.3,35.4,17,1,10
경기,평택,오이,3,012,2020-11-11,,4,211.7,20,10.1,9.00,30.1,31.3,14,2,6
경기,평택,오이,3,012,2020-11-18,,1,291.3,27,10.8,8.60,27.6,32.7,14,2,7
경기,평택,오이,3,012,2020-11-18,,2,267.9,26,9.9,9.80,26.3,29.6,14,3,8
경기,평택,오이,3,012,2020-11-18,,3,284.1,26,10.5,9.50,26.3,31.2,13,2,5
경기,평택,오이,3,012,2020-11-18,,4,249.3,23,10.4,8.10,29.0,34.1,12,3,7
경기,평택,오이,3,012,2020-11-25,,1,319.5,30,10.7,8.10,27.8,29.7,17,1,8
경기,평택,오이,3,012,2020-11-25,,2,289.7,28,10.0,8.00,23.8,26.0,13,2,9
경기,평택,오이,3,012,2020-11-25,,3,313.4,29,10.4,8.60,26.3,29.4,16,3,6
경기,평택,오이,3,012,2020-11-25,,4,275.6,26,10.2,8.50,26.7,30.5,15,0,9
경기,평택,오이,3,012,2020-12-02,,1,323.9,30,10.8,8.60,28.4,30.6,17,5,8
경기,평택,오이,3,012,2020-12-02,,2,291.4,28,10.0,8.50,24.6,28.3,13,3,10
경기,평택,오이,3,012,2020-12-02,,3,318.2,29,10.6,8.60,26.7,31.0,16,3,10
경기,평택,오이,3,012,2020-12-02,,4,277.4,26,10.3,8.50,27.0,31.5,15,2,5
경기,평택,오이,3,012,2020-12-09,,1,323.9,30,10.8,8.60,28.5,30.6,17,0,9
경기,평택,오이,3,012,2020-12-09,,2,291.4,28,10.0,8.50,24.6,28.3,13,0,11
경기,평택,오이,3,012,2020-12-09,,3,318.2,29,10.6,8.60,27.0,31.0,16,0,11
경기,평택,오이,3,012,2020-12-09,,4,277.4,26,10.3,8.50,28.6,31.5,14,0,6
경기,평택,오이,3,012,2020-12-16,,1,323.9,30,10.8,8.70,28.6,30.3,14,0,8
경기,평택,오이,3,012,2020-12-16,,2,291.4,28,10.0,8.50,24.6,27.5,13,0,8
경기,평택,오이,3,012,2020-12-16,,3,318.2,29,10.6,8.60,27.0,30.5,15,0,7
경기,평택,오이,3,012,2020-12-16,,4,277.4,26,10.3,8.50,29.0,31.8,14,0,5
경기,평택,오이,3,012,2020-12-23,,1,323.9,30,10.8,8.70,28.6,30.3,14,0,7
경기,평택,오이,3,012,2020-12-23,,2,291.4,28,10.0,8.50,24.6,27.5,13,0,2
경기,평택,오이,3,012,2020-12-23,,3,318.2,29,10.6,8.60,27.0,30.5,13,0,3
경기,평택,오이,3,012,2020-12-23,,4,277.4,26,10.3,8.50,29.0,31.8,14,0,3
경북,상주,오이,1,013,2020-11-11,본주,1,97.8,13,7.9,7.79,28.0,31.0,12,,
경북,상주,오이,1,013,2020-11-11,본주,2,96.7,12,8.4,8.63,30.3,33.5,11,,
경북,상주,오이,1,013,2020-11-11,본주,3,113.1,14,8.0,8.19,30.0,32.2,13,,
경북,상주,오이,1,013,2020-11-11,본주,4,105.1,14,7.6,9.57,32.4,31.5,13,,
경북,상주,오이,1,013,2020-11-18,본주,1,137.8,17,8.3,8.67,30.3,32.5,16,,
경북,상주,오이,1,013,2020-11-18,본주,2,132.8,16,8.4,9.26,33.3,39.2,15,,
경북,상주,오이,1,013,2020-11-18,본주,3,150.8,18,8.5,9.50,30.6,32.7,17,,
경북,상주,오이,1,013,2020-11-18,본주,4,144.2,18,8.1,9.03,30.3,31.4,17,,
경북,상주,오이,1,013,2020-11-25,본주,1,176.4,20,9.0,8.80,30.6,34.5,19,,
경북,상주,오이,1,013,2020-11-25,본주,2,170.7,20,8.8,10.07,32.3,34.4,19,,
경북,상주,오이,1,013,2020-11-25,본주,3,194.1,21,9.4,10.20,30.2,29.2,20,,
경북,상주,오이,1,013,2020-11-25,본주,4,177.1,21,8.6,10.25,31.7,33.1,20,,
경북,상주,오이,1,013,2020-12-02,본주,1,208.0,23,9.3,10.28,32.6,30.6,22,,
경북,상주,오이,1,013,2020-12-02,본주,2,203.1,22,9.3,11.01,32.5,29.8,21,,
경북,상주,오이,1,013,2020-12-02,본주,3,218.0,24,9.3,10.11,33.1,30.2,23,,
경북,상주,오이,1,013,2020-12-02,본주,4,205.7,24,8.8,8.69,28.7,28.8,23,,
경북,상주,오이,1,013,2020-12-10,본주,1,231.3,25,9.4,8.56,31.6,29.0,20,,
경북,상주,오이,1,013,2020-12-10,본주,2,229.2,28,8.7,9.33,32.6,31.7,20,,
경북,상주,오이,1,013,2020-12-10,본주,3,243.7,29,8.9,7.93,31.4,29.0,21,,
경북,상주,오이,1,013,2020-12-10,본주,4,230.5,27,8.8,8.49,28.2,29.3,21,,
경북,상주,오이,1,013,2020-12-17,본주,1,258.2,28,9.4,9.03,31.2,28.6,18,,
경북,상주,오이,1,013,2020-12-17,본주,2,254.2,28,9.3,8.70,31.4,28.5,19,,
경북,상주,오이,1,013,2020-12-17,본주,3,269.6,30,9.2,8.03,28.7,27.0,21,,
경북,상주,오이,1,013,2020-12-17,본주,4,254.9,29,9.0,7.39,29.7,28.8,22,,
경북,상주,오이,1,013,2020-12-23,본주,1,276.7,30,9.3,9.16,30.7,29.2,15,,
경북,상주,오이,1,013,2020-12-23,본주,2,267.9,30,9.1,9.11,29.1,26.7,16,,
경북,상주,오이,1,013,2020-12-23,본주,3,283.5,32,9.1,8.18,28.5,28.2,16,,
경북,상주,오이,1,013,2020-12-23,본주,4,273.7,32,8.7,7.84,28.2,27.1,16,,
경북,상주,오이,1,013,2020-12-28,본주,1,289.7,32,9.2,9.12,30.6,30.2,17,,
경북,상주,오이,1,013,2020-12-28,본주,2,282.2,32,9.0,9.08,29.7,27.4,17,,
경북,상주,오이,1,013,2020-12-28,본주,3,298.0,34,8.9,8.21,28.6,28.1,17,,
경북,상주,오이,1,013,2020-12-28,본주,4,290.6,34,8.7,7.96,28.8,28.3,17,,
경북,상주,오이,1,013,2021-01-05,본주,1,312.9,35,9.1,9.11,30.2,30.6,17,,
경북,상주,오이,1,013,2021-01-05,본주,2,300.7,35,8.7,9.07,29.2,29.7,18,,
경북,상주,오이,1,013,2021-01-05,본주,3,318.0,36,9.0,8.97,28.7,30.1,18,,
경북,상주,오이,1,013,2021-01-05,본주,4,307.7,36,8.7,8.81,28.9,27.0,19,,
경북,상주,오이,1,013,2021-01-12,본주,1,323.0,36,9.1,8.85,28.1,28.8,17,,
경북,상주,오이,1,013,2021-01-12,본주,2,311.7,36,8.8,8.51,27.5,29.1,18,,
경북,상주,오이,1,013,2021-01-12,본주,3,332.6,39,8.7,9.07,26.9,27.5,16,,
경북,상주,오이,1,013,2021-01-12,본주,4,319.9,38,8.6,8.86,27.2,27.0,17,,
경북,상주,오이,1,013,2021-01-19,본주,1,344.1,39,9.0,8.58,27.8,29.2,15,,
경북,상주,오이,1,013,2021-01-19,본주,2,331.3,38,8.8,8.59,28.5,29.8,16,,
경북,상주,오이,1,013,2021-01-19,본주,3,354.4,41,8.8,9.01,29.5,30.2,14,,
경북,상주,오이,1,013,2021-01-19,본주,4,339.6,40,8.6,8.73,28.8,29.5,15,,
경북,상주,오이,1,013,2021-01-26,본주,1,364.9,42,8.8,9.12,25.7,27.7,17,,
경북,상주,오이,1,013,2021-01-26,본주,2,353.5,41,8.8,9.08,26.2,28.1,18,,
경북,상주,오이,1,013,2021-01-26,본주,3,373.2,43,8.8,9.21,25.8,27.5,16,,
경북,상주,오이,1,013,2021-01-26,본주,4,356.6,42,8.6,9.07,26.6,26.8,17,,
경북,상주,오이,1,013,2021-02-02,본주,1,383.9,44,8.9,9.13,25.2,26.8,17,,
경북,상주,오이,1,013,2021-02-02,본주,2,375.4,43,8.9,9.07,27.1,27.1,16,,
경북,상주,오이,1,013,2021-02-02,본주,3,397.2,46,8.7,9.12,27.5,27.5,17,,
경북,상주,오이,1,013,2021-02-02,본주,4,374.5,45,8.5,9.21,26.1,26.1,17,,
경북,상주,오이,1,013,2021-02-09,본주,1,406.6,47,8.8,9.17,26.5,26.8,17,,
경북,상주,오이,1,013,2021-02-09,본주,2,396.2,45,8.9,9.05,27.0,27.4,16,,
경북,상주,오이,1,013,2021-02-09,본주,3,415.1,48,8.8,9.02,26.8,27.0,18,,
경북,상주,오이,1,013,2021-02-09,본주,4,392.1,46,8.6,9.17,27.4,27.8,16,,
경북,상주,오이,1,013,2021-02-16,본주,1,423.8,49,8.8,9.21,26.8,27.5,16,,
경북,상주,오이,1,013,2021-02-16,본주,2,413.7,49,8.9,9.18,28.2,29.0,15,,
경북,상주,오이,1,013,2021-02-16,본주,3,431.7,51,8.6,9.12,27.4,27.9,16,,
경북,상주,오이,1,013,2021-02-16,본주,4,405.3,49,8.4,9.19,28.1,28.5,16,,
경북,상주,오이,1,013,2021-02-23,본주,1,444.0,51,8.8,9.11,26.2,26.9,16,,
경북,상주,오이,1,013,2021-02-23,본주,2,433.2,49,8.9,9.21,27.2,27.5,15,,
경북,상주,오이,1,013,2021-02-23,본주,3,454.8,53,8.7,9.07,26.5,27.0,17,,
경북,상주,오이,1,013,2021-02-23,본주,4,421.3,51,8.4,9.13,26.3,26.9,15,,
경북,상주,오이,1,013,2021-03-02,본주,1,461.4,53,8.8,9.24,27.2,28.0,17,,
경북,상주,오이,1,013,2021-03-02,본주,2,451.7,51,9.0,9.15,26.5,27.3,16,,
경북,상주,오이,1,013,2021-03-02,본주,3,476.8,56,8.6,9.16,27.1,27.8,16,,
경북,상주,오이,1,013,2021-03-02,본주,4,435.7,52,8.5,9.22,27.0,27.6,17,,
경북,상주,오이,1,013,2021-03-09,본주,1,477.6,55,8.8,9.02,25.2,25.8,15,,
경북,상주,오이,1,013,2021-03-09,본주,2,473.7,53,9.0,9.06,24.9,25.5,13,,
경북,상주,오이,1,013,2021-03-09,본주,3,498.2,58,8.7,9.11,25.3,26.0,17,,
경북,상주,오이,1,013,2021-03-09,본주,4,452.7,54,8.5,9.01,26.1,26.5,13,,
경북,상주,오이,1,013,2021-03-15,본주,1,497.3,57,8.8,10.12,25.2,26.2,15,,
경북,상주,오이,1,013,2021-03-15,본주,2,493.1,54,9.2,9.12,25.5,25.7,14,,
경북,상주,오이,1,013,2021-03-15,본주,3,514.2,59,8.8,10.18,25.5,25.7,16,,
경북,상주,오이,1,013,2021-03-15,본주,4,469.1,55,8.6,9.12,26.6,26.5,14,,
경북,상주,오이,1,013,2021-03-24,본주,1,529.6,59,9.0,8.54,26.5,27.8,12,,
경북,상주,오이,1,013,2021-03-24,본주,2,527.6,57,9.3,9.58,26.8,27.2,12,,
경북,상주,오이,1,013,2021-03-24,본주,3,552.3,63,8.8,8.48,27.2,27.5,14,,
경북,상주,오이,1,013,2021-03-24,본주,4,495.5,57,8.8,10.72,26.5,27.6,13,,
경북,상주,오이,1,013,2021-03-29,본주,1,543.0,61,8.9,9.58,27.2,28.9,14,,
경북,상주,오이,1,013,2021-03-29,본주,2,545.4,59,9.3,10.02,26.8,28.7,15,,
경북,상주,오이,1,013,2021-03-29,본주,3,568.2,65,8.8,10.12,27.4,28.5,14,,
경북,상주,오이,1,013,2021-03-29,본주,4,513.5,59,8.8,9.54,27.5,28.4,13,,
경북,상주,오이,1,013,2021-04-05,본주,1,568.2,64,8.9,8.54,23.6,24.6,12,,
경북,상주,오이,1,013,2021-04-05,본주,2,571.5,61,9.5,8.65,24.7,25.7,12,,
경북,상주,오이,1,013,2021-04-05,본주,3,582.5,66,8.8,9.11,23.2,24.2,13,,
경북,상주,오이,1,013,2021-04-05,본주,4,541.7,62,8.8,9.34,24.5,25.5,11,,
경북,상주,오이,1,013,2021-04-12,본주,1,601.5,69,8.8,9.66,21.6,18.7,12,,
경북,상주,오이,1,013,2021-04-12,본주,2,586.0,63,9.4,9.78,22.4,16.5,12,,
경북,상주,오이,1,013,2021-04-12,본주,3,606.5,70,8.7,9.54,21.3,18.4,10,,
경북,상주,오이,1,013,2021-04-12,본주,4,557.5,64,8.8,10.12,22.1,17.6,9,,
경북,상주,오이,1,013,2021-04-19,본주,1,620.8,71,8.8,9.97,30.1,31.4,15,,
경북,상주,오이,1,013,2021-04-19,본주,2,606.9,66,9.3,9.52,29.8,30.5,15,,
경북,상주,오이,1,013,2021-04-19,본주,3,639.9,75,8.6,8.84,29.7,30.6,15,,
경북,상주,오이,1,013,2021-04-19,본주,4,584.0,67,8.8,9.32,29.6,31.7,14,,
경북,상주,오이,1,013,2021-04-26,본주,1,654.0,74,8.8,8.67,28.5,29.4,11,,
경북,상주,오이,1,013,2021-04-26,본주,2,638.9,70,9.2,8.99,28.7,29.6,11,,
경북,상주,오이,1,013,2021-04-26,본주,3,665.1,77,8.6,9.14,29.2,31.2,12,,
경북,상주,오이,1,013,2021-04-26,본주,4,605.0,69,8.8,9.21,27.4,28.4,12,,
경북,상주,오이,1,013,2021-05-03,본주,1,687.1,78,8.8,9.54,30.5,31.8,10,,
경북,상주,오이,1,013,2021-05-03,본주,2,655.2,72,9.1,10.52,30.6,31.9,11,,
경북,상주,오이,1,013,2021-05-03,본주,3,691.3,80,8.6,10.68,31.2,31.7,12,,
경북,상주,오이,1,013,2021-05-03,본주,4,629.0,73,8.6,10.25,31.3,31.8,10,,
경북,상주,오이,1,013,2021-05-10,본주,1,705.1,80,8.8,9.85,32.1,33.2,15,,
경북,상주,오이,1,013,2021-05-10,본주,2,680.5,75,9.1,9.78,31.5,32.6,14,,
경북,상주,오이,1,013,2021-05-10,본주,3,719.9,84,8.6,9.88,31.5,32.7,14,,
경북,상주,오이,1,013,2021-05-10,본주,4,651.8,76,8.6,10.55,31.4,32.9,12,,
경북,상주,오이,1,013,2021-05-17,본주,1,735.3,85,8.8,9.58,32.5,33.4,15,,
경북,상주,오이,1,013,2021-05-17,본주,2,726.3,79,9.2,8.24,32.7,34.2,15,,
경북,상주,오이,1,013,2021-05-17,본주,3,759.1,88,8.6,8.57,33.1,35.6,15,,
경북,상주,오이,1,013,2021-05-17,본주,4,691.1,80,8.7,8.65,32.6,34.8,14,,
경북,상주,오이,1,013,2021-05-24,본주,1,786.4,89,8.9,8.24,31.4,33.7,21,,
경북,상주,오이,1,013,2021-05-24,본주,2,756.6,83,9.2,8.15,31.5,33.9,21,,
경북,상주,오이,1,013,2021-05-24,본주,3,802.5,92,8.7,7.95,31.6,33.4,22,,
경북,상주,오이,1,013,2021-05-24,본주,4,742.5,84,8.8,7.88,31.7,32.6,22,,
경북,상주,오이,1,014,2020-11-10,본주,1,46.0,7,6.1,0.00,24.0,25.0,7,,
경북,상주,오이,1,014,2020-11-10,본주,2,48.3,7,6.3,0.00,25.0,26.5,7,,
경북,상주,오이,1,014,2020-11-10,본주,3,56.8,7,7.0,0.00,23.0,26.5,7,,
경북,상주,오이,1,014,2020-11-10,본주,4,50.0,7,6.4,0.00,25.0,25.0,7,,
경북,상주,오이,1,014,2020-11-17,본주,1,77.3,10,7.3,0.00,27.7,28.4,9,,
경북,상주,오이,1,014,2020-11-17,본주,2,80.5,11,7.0,8.28,26.2,28.5,10,,
경북,상주,오이,1,014,2020-11-17,본주,3,84.8,10,8.0,0.00,28.0,29.0,9,,
경북,상주,오이,1,014,2020-11-17,본주,4,77.7,10,7.4,0.00,25.9,25.8,9,,
경북,상주,오이,1,014,2020-11-24,본주,1,108.2,12,8.5,9.44,27.0,27.3,12,,
경북,상주,오이,1,014,2020-11-24,본주,2,115.6,12,8.8,9.07,29.3,29.3,12,,
경북,상주,오이,1,014,2020-11-24,본주,3,117.6,12,9.2,9.04,27.1,30.0,12,,
경북,상주,오이,1,014,2020-11-24,본주,4,105.9,12,8.5,9.94,22.6,24.3,12,,
경북,상주,오이,1,014,2020-12-01,본주,1,144.7,15,9.2,8.11,32.4,33.0,15,,
경북,상주,오이,1,014,2020-12-01,본주,2,150.9,16,8.9,10.04,35.1,32.2,16,,
경북,상주,오이,1,014,2020-12-01,본주,3,156.3,15,9.8,9.40,33.3,34.5,15,,
경북,상주,오이,1,014,2020-12-01,본주,4,144.6,15,9.2,8.63,36.5,32.1,15,,
경북,상주,오이,1,014,2020-12-08,본주,1,180.9,19,9.3,9.35,31.3,33.5,18,,
경북,상주,오이,1,014,2020-12-08,본주,2,184.1,20,9.0,10.36,32.0,30.0,19,,
경북,상주,오이,1,014,2020-12-08,본주,3,191.0,19,9.8,10.05,32.3,35.2,18,,
경북,상주,오이,1,014,2020-12-08,본주,4,180.2,19,9.3,9.58,34.6,35.0,18,,
경북,상주,오이,1,014,2020-12-15,본주,1,215.6,23,9.2,10.03,30.0,32.7,19,,
경북,상주,오이,1,014,2020-12-15,본주,2,209.7,23,9.0,10.10,31.4,31.8,19,,
경북,상주,오이,1,014,2020-12-15,본주,3,224.0,22,9.9,10.63,31.5,32.3,17,,
경북,상주,오이,1,014,2020-12-15,본주,4,216.2,22,9.6,9.61,33.2,30.7,17,,
경북,상주,오이,1,014,2020-12-22,본주,1,250.7,25,9.9,8.91,30.7,31.6,18,,
경북,상주,오이,1,014,2020-12-22,본주,2,251.4,26,9.5,10.30,31.4,31.5,18,,
경북,상주,오이,1,014,2020-12-22,본주,3,260.1,26,9.9,10.20,29.1,29.6,18,,
경북,상주,오이,1,014,2020-12-22,본주,4,249.6,25,9.8,9.60,32.6,30.3,19,,
경북,상주,오이,1,014,2020-12-28,본주,1,281.0,28,9.9,8.31,30.6,31.2,20,,
경북,상주,오이,1,014,2020-12-28,본주,2,280.7,29,9.5,8.12,31.7,32.2,21,,
경북,상주,오이,1,014,2020-12-28,본주,3,292.7,28,10.3,8.33,30.1,29.7,20,,
경북,상주,오이,1,014,2020-12-28,본주,4,277.7,28,9.8,8.67,29.6,31.2,19,,
경북,상주,오이,1,014,2021-01-05,본주,1,318.7,32,9.8,8.31,30.7,31.1,19,,
경북,상주,오이,1,014,2021-01-05,본주,2,319.6,33,9.6,8.77,31.8,32.6,19,,
경북,상주,오이,1,014,2021-01-05,본주,3,331.3,32,10.3,9.03,29.7,30.1,19,,
경북,상주,오이,1,014,2021-01-05,본주,4,314.2,31,10.0,8.76,31.1,29.9,19,,
경북,상주,오이,1,014,2021-01-12,본주,1,344.2,34,10.0,9.04,29.8,30.5,17,,
경북,상주,오이,1,014,2021-01-12,본주,2,349.2,36,9.6,8.76,31.2,31.9,18,,
경북,상주,오이,1,014,2021-01-12,본주,3,366.1,35,10.4,9.21,30.8,31.4,16,,
경북,상주,오이,1,014,2021-01-12,본주,4,343.2,34,10.0,8.75,29.8,29.9,18,,
경북,상주,오이,1,014,2021-01-19,본주,1,379.9,38,9.8,9.01,30.2,31.0,17,,
경북,상주,오이,1,014,2021-01-19,본주,2,381.0,39,9.7,9.11,29.0,30.5,18,,
경북,상주,오이,1,014,2021-01-19,본주,3,398.4,38,10.4,8.97,29.6,30.2,17,,
경북,상주,오이,1,014,2021-01-19,본주,4,371.1,37,9.9,8.78,31.0,31.8,17,,
경북,상주,오이,1,014,2021-01-26,본주,1,407.9,41,9.9,9.01,27.5,31.3,17,,
경북,상주,오이,1,014,2021-01-26,본주,2,408.1,42,9.7,9.11,28.2,31.2,19,,
경북,상주,오이,1,014,2021-01-26,본주,3,419.2,40,10.4,9.07,29.3,30.8,18,,
경북,상주,오이,1,014,2021-01-26,본주,4,395.4,40,9.8,9.35,29.2,29.3,18,,
경북,상주,오이,1,014,2021-02-02,본주,1,435.0,43,10.0,9.13,28.2,30.1,17,,
경북,상주,오이,1,014,2021-02-02,본주,2,438.4,45,9.7,8.02,29.5,31.0,17,,
경북,상주,오이,1,014,2021-02-02,본주,3,459.2,44,10.4,9.15,30.0,30.3,18,,
경북,상주,오이,1,014,2021-02-02,본주,4,425.6,43,9.8,9.41,30.4,30.2,17,,
경북,상주,오이,1,014,2021-02-09,본주,1,470.3,47,10.0,9.02,28.6,29.0,17,,
경북,상주,오이,1,014,2021-02-09,본주,2,468.1,48,9.7,9.15,29.2,30.2,18,,
경북,상주,오이,1,014,2021-02-09,본주,3,500.7,47,10.6,9.07,30.0,30.5,18,,
경북,상주,오이,1,014,2021-02-09,본주,4,451.4,46,9.8,9.25,28.5,29.4,16,,
경북,상주,오이,1,014,2021-02-16,본주,1,505.4,50,10.1,8.97,29.3,30.0,16,,
경북,상주,오이,1,014,2021-02-16,본주,2,501.8,51,9.8,9.01,30.2,30.5,17,,
경북,상주,오이,1,014,2021-02-16,본주,3,526.1,50,10.5,8.98,28.9,29.3,15,,
경북,상주,오이,1,014,2021-02-16,본주,4,484.3,49,9.8,9.29,29.5,30.2,15,,
경북,상주,오이,1,014,2021-02-23,본주,1,537.7,53,10.1,8.96,28.8,29.3,14,,
경북,상주,오이,1,014,2021-02-23,본주,2,535.9,54,9.8,9.04,29.0,29.4,14,,
경북,상주,오이,1,014,2021-02-23,본주,3,559.4,52,10.7,8.89,29.2,29.7,13,,
경북,상주,오이,1,014,2021-02-23,본주,4,516.7,52,9.9,9.21,28.9,29.2,13,,
경북,상주,오이,1,014,2021-03-02,본주,1,565.2,55,10.2,8.96,28.6,29.5,19,,
경북,상주,오이,1,014,2021-03-02,본주,2,564.7,57,9.8,8.87,30.0,29.1,21,,
경북,상주,오이,1,014,2021-03-02,본주,3,588.8,55,10.6,9.01,29.5,29.9,20,,
경북,상주,오이,1,014,2021-03-02,본주,4,545.2,55,9.9,9.11,28.7,29.5,19,,
경북,상주,오이,1,014,2021-03-09,본주,1,597.8,58,10.2,8.89,28.6,29.7,16,,
경북,상주,오이,1,014,2021-03-09,본주,2,598.3,60,9.9,9.01,30.1,29.6,15,,
경북,상주,오이,1,014,2021-03-09,본주,3,617.5,58,10.6,9.11,29.5,30.0,16,,
경북,상주,오이,1,014,2021-03-09,본주,4,572.6,58,9.8,9.04,30.3,28.7,16,,
경북,상주,오이,1,014,2021-03-15,본주,1,610.6,58,10.4,8.78,29.9,27.8,18,,
경북,상주,오이,1,014,2021-03-15,본주,2,620.4,62,9.9,8.01,28.9,30.2,18,,
경북,상주,오이,1,014,2021-03-15,본주,3,642.6,59,10.7,8.11,29.7,28.7,14,,
경북,상주,오이,1,014,2021-03-15,본주,4,599.9,59,10.0,9.04,30.2,29.7,18,,
경북,상주,오이,1,014,2021-03-24,본주,1,653.5,62,10.4,9.12,30.2,29.8,17,,
경북,상주,오이,1,014,2021-03-24,본주,2,659.4,65,10.0,8.88,30.8,30.2,16,,
경북,상주,오이,1,014,2021-03-24,본주,3,689.7,63,10.8,8.78,31.2,30.4,18,,
경북,상주,오이,1,014,2021-03-24,본주,4,629.9,62,10.0,8.65,29.7,30.5,18,,
경북,상주,오이,1,014,2021-03-29,본주,1,685.6,65,10.5,9.54,31.5,32.1,16,,
경북,상주,오이,1,014,2021-03-29,본주,2,685.2,68,10.0,9.12,30.7,33.4,15,,
경북,상주,오이,1,014,2021-03-29,본주,3,708.0,65,10.8,10.12,31.8,32.5,18,,
경북,상주,오이,1,014,2021-03-29,본주,4,655.3,65,10.0,10.58,30.5,31.2,17,,
경북,상주,오이,1,014,2021-04-05,본주,1,711.1,67,10.5,9.58,30.6,31.5,17,,
경북,상주,오이,1,014,2021-04-05,본주,2,720.7,71,10.1,9.84,31.7,32.8,19,,
경북,상주,오이,1,014,2021-04-05,본주,3,745.3,68,10.9,9.58,30.2,32.6,16,,
경북,상주,오이,1,014,2021-04-05,본주,4,688.9,68,10.0,10.74,30.5,32.5,18,,
경북,상주,오이,1,014,2021-04-12,본주,1,745.0,71,10.4,9.54,28.8,29.2,15,,
경북,상주,오이,1,014,2021-04-12,본주,2,755.0,75,10.0,9.65,29.6,30.8,17,,
경북,상주,오이,1,014,2021-04-12,본주,3,777.8,71,10.9,9.78,30.8,31.7,17,,
경북,상주,오이,1,014,2021-04-12,본주,4,715.2,71,10.0,10.11,31.2,31.5,15,,
경북,상주,오이,1,014,2021-04-19,본주,1,805.9,76,10.5,8.54,31.4,33.2,14,,
경북,상주,오이,1,014,2021-04-19,본주,2,788.4,78,10.0,9.56,32.5,35.4,17,,
경북,상주,오이,1,014,2021-04-19,본주,3,813.6,74,10.9,8.72,31.6,32.6,17,,
경북,상주,오이,1,014,2021-04-19,본주,4,743.6,74,10.0,9.89,30.7,33.7,15,,
경북,상주,오이,1,014,2021-04-26,본주,1,846.9,80,10.5,10.54,32.7,33.2,15,,
경북,상주,오이,1,014,2021-04-26,본주,2,818.4,81,10.0,10.21,32.5,34.8,15,,
경북,상주,오이,1,014,2021-04-26,본주,3,848.1,77,10.9,10.53,31.6,34.5,16,,
경북,상주,오이,1,014,2021-04-26,본주,4,781.2,78,9.9,10.74,32.2,34.6,16,,
경북,상주,오이,1,014,2021-05-03,본주,1,886.3,84,10.5,10.24,33.2,34.5,19,,
경북,상주,오이,1,014,2021-05-03,본주,2,846.5,84,10.0,10.21,32.5,35.3,18,,
경북,상주,오이,1,014,2021-05-03,본주,3,887.1,81,10.9,9.58,32.8,35.6,19,,
경북,상주,오이,1,014,2021-05-03,본주,4,815.6,81,10.0,9.65,33.2,35.7,20,,
경북,상주,오이,1,014,2021-05-10,본주,1,911.5,87,10.4,9.65,30.5,32.6,14,,
경북,상주,오이,1,014,2021-05-10,본주,2,874.6,87,9.9,9.55,31.2,32.6,15,,
경북,상주,오이,1,014,2021-05-10,본주,3,933.1,87,10.7,9.88,30.3,32.5,13,,
경북,상주,오이,1,014,2021-05-10,본주,4,843.9,84,10.0,9.98,30.6,33.1,14,,
경북,상주,오이,1,014,2021-05-17,본주,1,956.6,90,10.5,9.54,30.4,31.5,14,,
경북,상주,오이,1,014,2021-05-17,본주,2,919.2,92,9.9,9.95,30.2,31.7,14,,
경북,상주,오이,1,014,2021-05-17,본주,3,972.4,90,10.7,9.87,31.4,32.1,15,,
경북,상주,오이,1,014,2021-05-17,본주,4,882.3,88,9.9,9.82,31.2,31.8,14,,
경북,상주,오이,1,014,2021-05-24,본주,1,1005.8,95,10.5,9.54,30.4,31.2,14,,
경북,상주,오이,1,014,2021-05-24,본주,2,966.1,97,9.9,9.99,30.2,31.4,17,,
경북,상주,오이,1,014,2021-05-24,본주,3,1032.5,95,10.8,9.98,31.1,31.9,17,,
경북,상주,오이,1,014,2021-05-24,본주,4,939.2,94,9.9,9.87,30.9,31.4,16,,
경북,상주,오이,1,014,2021-06-03,본주,1,1000.8,0,10.5,0.00,0.0,0.0,0,,
경북,상주,오이,1,014,2021-06-03,본주,2,1017.1,103,9.9,9.65,28.7,29.5,17,,
경북,상주,오이,1,014,2021-06-03,본주,3,1086.4,101,10.8,10.25,29.2,30.3,16,,
경북,상주,오이,1,014,2021-06-03,본주,4,981.0,99,9.9,9.52,30.4,31.2,15,,
경북,상주,오이,1,014,2021-06-10,본주,2,1020.7,103,9.9,9.81,27.4,28.5,14,,
경북,상주,오이,1,014,2021-06-10,본주,3,1094.2,101,10.8,9.94,28.6,29.8,15,,
경북,상주,오이,1,014,2021-06-10,본주,4,986.6,99,10.0,10.16,30.1,31.4,17,,
경북,상주,오이,1,015,2020-12-04,본주,1,97.4,10,9.1,7.10,27.8,31.5,10,,
경북,상주,오이,1,015,2020-12-04,본주,2,74.0,9,7.6,7.10,25.7,26.0,9,,
경북,상주,오이,1,015,2020-12-04,본주,3,98.4,10,9.3,6.70,26.8,29.5,10,,
경북,상주,오이,1,015,2020-12-04,본주,4,93.7,10,8.5,7.10,27.0,26.5,10,,
경북,상주,오이,1,015,2020-12-08,본주,1,118.2,11,9.8,7.30,28.9,29.1,11,,
경북,상주,오이,1,015,2020-12-08,본주,2,102.7,10,9.1,6.70,28.3,27.5,10,,
경북,상주,오이,1,015,2020-12-08,본주,3,115.7,11,9.9,7.30,28.6,28.3,11,,
경북,상주,오이,1,015,2020-12-08,본주,4,121.3,12,9.5,6.80,29.6,27.4,12,,
경북,상주,오이,1,015,2020-12-15,본주,1,165.9,14,11.0,6.30,33.0,34.6,12,,
경북,상주,오이,1,015,2020-12-15,본주,2,145.4,13,10.3,6.60,29.8,31.5,11,,
경북,상주,오이,1,015,2020-12-15,본주,3,158.2,14,10.7,6.10,31.0,33.9,12,,
경북,상주,오이,1,015,2020-12-15,본주,4,166.6,14,10.8,7.20,31.5,33.0,12,,
경북,상주,오이,1,015,2020-12-22,본주,1,185.5,17,10.3,7.50,34.0,33.1,13,,
경북,상주,오이,1,015,2020-12-22,본주,2,188.8,17,10.5,8.00,30.0,33.0,13,,
경북,상주,오이,1,015,2020-12-22,본주,3,204.6,18,11.1,8.80,34.7,34.5,14,,
경북,상주,오이,1,015,2020-12-22,본주,4,209.3,18,11.2,8.20,33.8,31.2,14,,
경북,상주,오이,1,015,2021-01-06,본주,1,277.7,24,11.5,7.80,36.2,33.1,16,,
경북,상주,오이,1,015,2021-01-06,본주,2,255.3,23,11.0,8.20,33.5,32.8,16,,
경북,상주,오이,1,015,2021-01-06,본주,3,272.3,24,11.2,8.70,35.2,34.7,17,,
경북,상주,오이,1,015,2021-01-06,본주,4,274.2,23,11.7,8.50,36.1,30.3,17,,
경북,상주,오이,1,015,2021-01-14,본주,1,306.1,26,11.7,7.92,31.1,30.7,16,,
경북,상주,오이,1,015,2021-01-14,본주,2,284.3,24,11.7,8.11,29.7,30.1,16,,
경북,상주,오이,1,015,2021-01-14,본주,3,301.1,26,11.4,8.68,30.9,31.3,16,,
경북,상주,오이,1,015,2021-01-14,본주,4,305.9,25,12.0,8.67,31.2,30.6,17,,
경북,상주,오이,1,015,2021-01-20,본주,1,329.7,27,12.1,7.78,33.2,30.8,19,,
경북,상주,오이,1,015,2021-01-20,본주,2,310.7,26,11.8,8.90,30.1,30.3,19,,
경북,상주,오이,1,015,2021-01-20,본주,3,332.5,28,11.8,8.42,31.2,30.5,18,,
경북,상주,오이,1,015,2021-01-20,본주,4,337.9,28,11.9,8.52,32.1,30.2,19,,
경북,상주,오이,1,015,2021-01-27,본주,1,362.6,30,11.9,8.45,31.6,30.5,15,,
경북,상주,오이,1,015,2021-01-27,본주,2,352.6,30,11.6,8.77,30.2,30.9,16,,
경북,상주,오이,1,015,2021-01-27,본주,3,369.0,30,12.2,8.95,30.7,31.0,14,,
경북,상주,오이,1,015,2021-01-27,본주,4,369.6,30,12.2,9.12,32.0,31.5,15,,
경북,상주,오이,1,015,2021-02-03,본주,1,388.0,32,12.0,8.81,31.2,30.5,17,,
경북,상주,오이,1,015,2021-02-03,본주,2,381.6,33,11.5,8.47,30.5,30.0,18,,
경북,상주,오이,1,015,2021-02-03,본주,3,397.2,33,12.0,8.82,30.8,30.5,17,,
경북,상주,오이,1,015,2021-02-03,본주,4,398.0,33,12.0,8.69,31.3,30.2,17,,
경북,상주,오이,1,015,2021-02-10,본주,1,423.8,35,12.0,8.92,30.8,31.0,17,,
경북,상주,오이,1,015,2021-02-10,본주,2,425.4,36,11.7,8.51,31.0,30.8,18,,
경북,상주,오이,1,015,2021-02-10,본주,3,431.2,35,12.2,8.89,30.5,30.9,17,,
경북,상주,오이,1,015,2021-02-10,본주,4,437.0,35,12.3,8.88,30.7,31.0,16,,
경북,상주,오이,1,015,2021-02-17,본주,1,459.2,39,11.7,8.91,30.2,31.0,16,,
경북,상주,오이,1,015,2021-02-17,본주,2,484.8,41,12.0,8.89,30.4,30.9,15,,
경북,상주,오이,1,015,2021-02-17,본주,3,464.7,38,12.2,8.97,30.0,30.8,16,,
경북,상주,오이,1,015,2021-02-17,본주,4,473.9,38,12.4,9.01,30.2,30.5,17,,
경북,상주,오이,1,015,2021-02-24,본주,1,493.4,40,12.2,8.96,29.7,30.3,14,,
경북,상주,오이,1,015,2021-02-24,본주,2,546.2,45,12.0,8.91,30.0,30.4,14,,
경북,상주,오이,1,015,2021-02-24,본주,3,504.4,41,12.2,8.92,30.7,31.0,13,,
경북,상주,오이,1,015,2021-02-24,본주,4,514.6,41,12.5,9.04,29.8,30.1,13,,
경북,상주,오이,1,015,2021-03-03,본주,1,529.5,42,12.5,9.02,30.2,30.4,13,,
경북,상주,오이,1,015,2021-03-03,본주,2,601.2,49,12.2,9.11,29.9,30.6,14,,
경북,상주,오이,1,015,2021-03-03,본주,3,537.4,43,12.4,9.07,30.0,30.3,14,,
경북,상주,오이,1,015,2021-03-03,본주,4,555.8,43,12.8,9.04,29.7,30.1,13,,
경북,상주,오이,1,015,2021-03-10,본주,1,573.0,45,12.7,9.05,29.4,30.1,18,,
경북,상주,오이,1,015,2021-03-10,본주,2,654.9,54,12.1,9.04,30.0,30.4,20,,
경북,상주,오이,1,015,2021-03-10,본주,3,569.9,45,12.6,9.11,29.8,30.6,16,,
경북,상주,오이,1,015,2021-03-10,본주,4,598.7,46,12.9,8.97,30.2,30.5,18,,
경북,상주,오이,1,015,2021-03-16,본주,1,607.0,46,13.1,9.02,28.5,31.1,12,,
경북,상주,오이,1,015,2021-03-16,본주,2,694.8,56,12.4,9.87,29.2,31.8,14,,
경북,상주,오이,1,015,2021-03-16,본주,3,601.3,47,12.7,9.02,29.2,30.2,14,,
경북,상주,오이,1,015,2021-03-16,본주,4,626.3,47,13.1,9.79,28.0,31.5,12,,
경북,상주,오이,1,015,2021-03-24,본주,1,638.8,48,13.2,9.54,30.5,32.5,15,,
경북,상주,오이,1,015,2021-03-24,본주,2,753.3,62,12.1,8.12,30.7,31.7,18,,
경북,상주,오이,1,015,2021-03-24,본주,3,656.5,51,12.8,9.11,31.2,32.2,17,,
경북,상주,오이,1,015,2021-03-24,본주,4,658.0,50,13.1,9.05,31.4,32.3,12,,
경북,상주,오이,1,015,2021-03-29,본주,1,661.9,50,13.2,8.98,30.5,31.7,19,,
경북,상주,오이,1,015,2021-03-29,본주,2,778.3,64,12.1,8.78,31.2,32.8,20,,
경북,상주,오이,1,015,2021-03-29,본주,3,685.2,53,12.8,9.12,32.3,33.4,18,,
경북,상주,오이,1,015,2021-03-29,본주,4,673.8,51,13.1,10.11,31.4,33.5,18,,
경북,상주,오이,1,015,2021-04-05,본주,1,683.9,52,13.1,8.54,24.2,22.7,10,,
경북,상주,오이,1,015,2021-04-05,본주,2,820.3,68,12.0,9.52,24.4,22.2,15,,
경북,상주,오이,1,015,2021-04-05,본주,3,739.2,58,12.6,9.88,24.8,22.6,13,,
경북,상주,오이,1,015,2021-04-05,본주,4,696.3,53,13.1,10.54,24.5,21.7,13,,
경북,상주,오이,1,015,2021-04-12,본주,1,702.1,54,12.9,8.54,31.2,33.7,10,,
경북,상주,오이,1,015,2021-04-12,본주,2,829.9,69,11.9,9.52,31.4,33.2,15,,
경북,상주,오이,1,015,2021-04-12,본주,3,764.8,60,12.7,9.88,30.8,32.6,13,,
경북,상주,오이,1,015,2021-04-12,본주,4,718.8,55,12.9,10.54,31.5,33.7,13,,
경북,상주,오이,1,015,2021-04-19,본주,1,735.7,57,12.8,8.78,28.7,29.8,9,,
경북,상주,오이,1,015,2021-04-19,본주,2,866.0,72,11.9,9.24,29.5,30.4,12,,
경북,상주,오이,1,015,2021-04-19,본주,3,766.1,60,12.7,9.25,30.4,31.5,12,,
경북,상주,오이,1,015,2021-04-19,본주,4,735.1,57,12.8,9.37,29.7,32.6,11,,
경북,상주,오이,1,015,2021-04-26,본주,1,759.6,59,12.8,8.68,29.7,30.6,11,,
경북,상주,오이,1,015,2021-04-26,본주,2,894.5,74,12.0,8.66,29.8,30.7,11,,
경북,상주,오이,1,015,2021-04-26,본주,3,761.4,60,12.7,8.72,29.7,31.2,10,,
경북,상주,오이,1,015,2021-04-26,본주,4,759.2,59,12.7,9.54,30.1,32.2,12,,
경북,상주,오이,1,015,2021-05-03,본주,1,792.8,61,12.8,10.95,30.5,32.6,12,,
경북,상주,오이,1,015,2021-05-03,본주,2,924.9,76,12.1,9.95,29.7,31.7,12,,
경북,상주,오이,1,015,2021-05-03,본주,4,778.4,61,12.7,9.87,29.5,30.7,11,,
경북,상주,오이,1,015,2021-05-10,본주,1,825.6,64,12.8,10.88,31.5,31.2,12,,
경북,상주,오이,1,015,2021-05-10,본주,2,953.2,79,11.9,9.54,31.2,31.2,12,,
경북,상주,오이,1,015,2021-05-10,본주,4,793.9,63,12.6,9.26,33.5,32.4,11,,
경북,상주,오이,1,015,2021-05-17,본주,1,873.4,68,12.8,9.78,31.2,33.2,16,,
경북,상주,오이,1,015,2021-05-17,본주,2,985.2,83,11.8,9.99,31.4,32.8,16,,
경북,상주,오이,1,015,2021-05-17,본주,4,821.1,66,12.4,9.54,32.1,33.2,15,,
