档,矫焙,前格,累扁,丑啊疙,炼荤老磊,俺眉锅龋,檬厘,勘厘,勘气,临扁苯扁
版合,己林,曼寇,1,001,2021-01-05,1,,18.7,17.2,6.25
版合,己林,曼寇,1,001,2021-01-05,2,,16.4,15.3,6.23
版合,己林,曼寇,1,001,2021-01-05,3,,16.7,15.9,6.06
版合,己林,曼寇,1,001,2021-01-05,4,,17.1,15.6,5.80
版合,己林,曼寇,1,001,2021-01-12,1,,17.1,15.7,6.68
版合,己林,曼寇,1,001,2021-01-12,2,,16.5,15.1,7.09
版合,己林,曼寇,1,001,2021-01-12,3,,15.0,17.2,5.08
版合,己林,曼寇,1,001,2021-01-12,4,,16.3,16.2,5.30
版合,己林,曼寇,1,001,2021-01-19,1,,13.9,13.0,6.00
版合,己林,曼寇,1,001,2021-01-19,2,,15.3,15.6,6.12
版合,己林,曼寇,1,001,2021-01-19,3,,17.0,15.8,7.04
版合,己林,曼寇,1,001,2021-01-19,4,,14.6,14.8,6.09
版合,己林,曼寇,1,001,2021-01-26,1,,14.4,13.2,6.03
版合,己林,曼寇,1,001,2021-01-26,2,,15.3,13.1,5.74
版合,己林,曼寇,1,001,2021-01-26,3,,15.5,15.4,5.12
版合,己林,曼寇,1,001,2021-01-26,4,,15.3,14.5,5.16
版合,己林,曼寇,1,001,2021-02-02,1,,18.0,17.3,7.32
版合,己林,曼寇,1,001,2021-02-02,2,,14.2,14.4,5.53
版合,己林,曼寇,1,001,2021-02-02,3,,17.3,17.0,5.74
版合,己林,曼寇,1,001,2021-02-02,4,,16.2,16.5,4.51
版合,己林,曼寇,1,001,2021-02-09,1,,13.5,13.3,7.24
版合,己林,曼寇,1,001,2021-02-09,2,,17.3,15.6,6.53
版合,己林,曼寇,1,001,2021-02-09,3,,13.2,13.5,5.00
版合,己林,曼寇,1,001,2021-02-09,4,,15.8,15.6,6.58
版合,己林,曼寇,1,001,2021-02-16,1,,17.5,14.5,6.73
版合,己林,曼寇,1,001,2021-02-16,2,,17.6,14.4,7.05
版合,己林,曼寇,1,001,2021-02-16,3,,16.8,15.7,6.62
版合,己林,曼寇,1,001,2021-02-16,4,,16.4,14.3,6.04
版合,己林,曼寇,1,001,2021-02-23,1,,13.8,14.2,4.58
版合,己林,曼寇,1,001,2021-02-23,2,,13.9,13.3,4.27
版合,己林,曼寇,1,001,2021-02-23,3,,12.7,13.1,4.52
版合,己林,曼寇,1,001,2021-02-23,4,,14.9,14.5,5.54
版合,己林,曼寇,1,001,2021-03-02,1,,13.4,12.9,6.14
版合,己林,曼寇,1,001,2021-03-02,2,,12.9,14.0,5.85
版合,己林,曼寇,1,001,2021-03-02,3,,12.8,12.7,6.00
版合,己林,曼寇,1,001,2021-03-02,4,,12.5,12.3,6.26
版合,己林,曼寇,1,001,2021-03-09,1,,13.0,11.6,4.61
版合,己林,曼寇,1,001,2021-03-09,2,,13.3,13.2,5.20
版合,己林,曼寇,1,001,2021-03-09,3,,13.1,12.8,5.51
版合,己林,曼寇,1,001,2021-03-09,4,,13.4,12.9,7.13
版合,己林,曼寇,1,001,2021-03-16,1,,14.5,14.0,6.23
版合,己林,曼寇,1,001,2021-03-16,2,,12.0,10.0,6.86
版合,己林,曼寇,1,001,2021-03-16,3,,13.0,12.5,6.51
版合,己林,曼寇,1,001,2021-03-16,4,,11.0,11.5,6.49
版合,己林,曼寇,1,001,2021-03-23,1,,12.0,10.0,5.08
版合,己林,曼寇,1,001,2021-03-23,2,,12.0,10.4,7.11
版合,己林,曼寇,1,001,2021-03-23,3,,11.0,10.5,6.35
版合,己林,曼寇,1,001,2021-03-23,4,,11.0,9.0,5.12
版合,己林,曼寇,1,001,2021-03-30,1,,12.5,10.5,6.31
版合,己林,曼寇,1,001,2021-03-30,2,,12.0,11.0,5.74
版合,己林,曼寇,1,001,2021-03-30,3,,12.0,10.5,5.98
版合,己林,曼寇,1,001,2021-03-30,4,,11.5,10.0,5.46
版合,己林,曼寇,1,001,2021-04-06,1,,12.3,10.5,5.89
版合,己林,曼寇,1,001,2021-04-06,2,,12.0,11.5,5.36
版合,己林,曼寇,1,001,2021-04-06,3,,12.5,11.0,6.58
版合,己林,曼寇,1,001,2021-04-06,4,,12.0,10.0,5.36
版合,己林,曼寇,1,001,2021-04-13,1,,12.0,11.0,6.02
版合,己林,曼寇,1,001,2021-04-13,2,,11.5,10.0,6.31
版合,己林,曼寇,1,001,2021-04-13,3,,12.5,11.5,5.11
版合,己林,曼寇,1,001,2021-04-13,4,,11.0,10.0,4.29
版合,己林,曼寇,1,001,2021-04-20,1,,10.0,8.5,6.18
版合,己林,曼寇,1,001,2021-04-20,2,,10.5,9.0,6.21
版合,己林,曼寇,1,001,2021-04-20,3,,10.0,8.0,5.07
版合,己林,曼寇,1,001,2021-04-20,4,,9.5,8.0,5.10
版合,己林,曼寇,1,001,2021-04-27,1,,10.5,8.5,6.21
版合,己林,曼寇,1,001,2021-04-27,2,,9.0,8.7,5.17
版合,己林,曼寇,1,001,2021-04-27,3,,8.5,8.0,6.49
版合,己林,曼寇,1,001,2021-04-27,4,,10.0,9.5,5.51
版合,己林,曼寇,1,001,2021-05-04,1,,10.5,9.0,5.51
版合,己林,曼寇,1,001,2021-05-04,2,,9.5,9.0,6.36
版合,己林,曼寇,1,001,2021-05-04,3,,10.0,8.5,6.28
版合,己林,曼寇,1,001,2021-05-04,4,,9.5,9.0,5.76
版合,己林,曼寇,1,001,2021-05-11,1,,10.0,9.0,5.18
版合,己林,曼寇,1,001,2021-05-11,2,,10.5,9.3,6.72
版合,己林,曼寇,1,001,2021-05-11,3,,10.0,9.5,5.39
版合,己林,曼寇,1,001,2021-05-11,4,,10.3,10.0,5.65
版合,己林,曼寇,1,001,2021-05-18,1,,9.5,8.5,5.29
版合,己林,曼寇,1,001,2021-05-18,2,,8.5,8.0,5.10
版合,己林,曼寇,1,001,2021-05-18,3,,9.0,8.5,6.42
版合,己林,曼寇,1,001,2021-05-18,4,,9.5,8.0,5.38
版合,己林,曼寇,1,001,2021-05-25,1,,9.3,8.5,5.77
版合,己林,曼寇,1,001,2021-05-25,2,,10.0,9.5,5.41
版合,己林,曼寇,1,001,2021-05-25,3,,9.5,9.0,5.38
版合,己林,曼寇,1,001,2021-05-25,4,,9.5,9.2,5.95
版合,己林,曼寇,1,001,2021-06-01,1,,9.0,8.5,5.71
版合,己林,曼寇,1,001,2021-06-01,2,,8.0,7.4,5.84
版合,己林,曼寇,1,001,2021-06-01,3,,9.2,9.3,5.65
版合,己林,曼寇,1,001,2021-06-01,4,,9.6,8.9,5.51
版合,己林,曼寇,1,002,2020-12-25,1,,20.0,17.0,
版合,己林,曼寇,1,002,2020-12-25,2,,18.5,17.3,
版合,己林,曼寇,1,002,2020-12-25,3,,17.9,15.6,
版合,己林,曼寇,1,002,2020-12-25,4,,19.8,18.0,
版合,己林,曼寇,1,002,2021-01-07,1,,15.5,14.2,5.20
版合,己林,曼寇,1,002,2021-01-07,2,,16.4,14.5,6.20
版合,己林,曼寇,1,002,2021-01-07,3,,15.1,14.1,7.40
版合,己林,曼寇,1,002,2021-01-07,4,,18.6,17.7,6.20
版合,己林,曼寇,1,002,2021-01-12,1,,16.1,14.9,6.30
版合,己林,曼寇,1,002,2021-01-12,2,,15.3,15.0,6.90
版合,己林,曼寇,1,002,2021-01-12,3,,16.9,13.2,5.00
版合,己林,曼寇,1,002,2021-01-12,4,,17.5,16.4,5.90
版合,己林,曼寇,1,002,2021-01-19,1,,15.4,14.2,6.00
版合,己林,曼寇,1,002,2021-01-19,2,,20.2,17.5,6.00
版合,己林,曼寇,1,002,2021-01-19,3,,18.3,14.2,6.30
版合,己林,曼寇,1,002,2021-01-19,4,,15.6,13.0,4.90
版合,己林,曼寇,1,002,2021-01-26,1,,18.0,14.9,7.00
版合,己林,曼寇,1,002,2021-01-26,2,,17.6,13.4,4.60
版合,己林,曼寇,1,002,2021-01-26,3,,19.6,16.0,5.60
版合,己林,曼寇,1,002,2021-01-26,4,,17.8,15.4,6.80
版合,己林,曼寇,1,002,2021-02-02,1,,18.5,16.5,5.20
版合,己林,曼寇,1,002,2021-02-02,2,,17.5,15.5,6.70
版合,己林,曼寇,1,002,2021-02-02,3,,16.0,14.0,6.80
版合,己林,曼寇,1,002,2021-02-02,4,,18.0,15.3,5.60
版合,己林,曼寇,1,002,2021-02-09,1,,16.5,14.5,5.40
版合,己林,曼寇,1,002,2021-02-09,2,,17.0,15.5,6.20
版合,己林,曼寇,1,002,2021-02-09,3,,14.0,12.7,6.30
版合,己林,曼寇,1,002,2021-02-09,4,,13.3,12.8,4.00
版合,己林,曼寇,1,002,2021-02-16,1,,15.0,12.9,6.80
版合,己林,曼寇,1,002,2021-02-16,2,,16.1,14.2,6.20
版合,己林,曼寇,1,002,2021-02-16,3,,16.0,12.3,6.20
版合,己林,曼寇,1,002,2021-02-16,4,,14.7,13.0,5.90
版合,己林,曼寇,1,002,2021-02-23,1,,13.4,11.6,6.20
版合,己林,曼寇,1,002,2021-02-23,2,,15.1,12.6,6.00
版合,己林,曼寇,1,002,2021-02-23,3,,14.0,12.8,6.40
版合,己林,曼寇,1,002,2021-02-23,4,,14.3,13.5,5.40
版合,己林,曼寇,1,002,2021-03-02,1,,11.5,11.4,5.20
版合,己林,曼寇,1,002,2021-03-02,2,,13.0,11.8,5.00
版合,己林,曼寇,1,002,2021-03-02,3,,12.9,11.4,5.20
版合,己林,曼寇,1,002,2021-03-02,4,,10.5,9.4,3.70
版合,己林,曼寇,1,002,2021-03-09,1,,10.0,9.2,5.10
版合,己林,曼寇,1,002,2021-03-09,2,,10.3,8.6,5.00
版合,己林,曼寇,1,002,2021-03-09,3,,11.9,10.3,5.20
版合,己林,曼寇,1,002,2021-03-09,4,,9.1,7.8,5.00
版合,己林,曼寇,1,002,2021-03-15,1,,13.1,10.8,4.50
版合,己林,曼寇,1,002,2021-03-15,2,,12.8,10.4,5.00
版合,己林,曼寇,1,002,2021-03-15,3,,14.5,12.6,4.20
版合,己林,曼寇,1,002,2021-03-15,4,,13.3,12.4,4.60
版合,己林,曼寇,1,002,2021-03-22,1,,10.2,9.4,5.60
版合,己林,曼寇,1,002,2021-03-22,2,,10.9,9.4,5.30
版合,己林,曼寇,1,002,2021-03-22,3,,11.0,9.8,5.50
版合,己林,曼寇,1,002,2021-03-22,4,,10.7,9.1,5.00
版合,己林,曼寇,1,002,2021-03-29,1,,12.8,10.1,4.80
版合,己林,曼寇,1,002,2021-03-29,2,,11.0,9.9,4.70
版合,己林,曼寇,1,002,2021-03-29,3,,12.0,12.0,5.30
版合,己林,曼寇,1,002,2021-03-29,4,,13.1,9.4,4.70
版合,己林,曼寇,1,002,2021-04-05,1,,10.1,9.8,4.50
版合,己林,曼寇,1,002,2021-04-05,2,,10.0,9.6,5.20
版合,己林,曼寇,1,002,2021-04-05,3,,11.1,10.0,4.80
版合,己林,曼寇,1,002,2021-04-05,4,,10.8,9.4,5.10
版合,己林,曼寇,1,002,2021-04-12,1,,12.0,11.0,5.20
版合,己林,曼寇,1,002,2021-04-12,2,,12.8,11.2,5.50
版合,己林,曼寇,1,002,2021-04-12,3,,11.0,11.5,5.30
版合,己林,曼寇,1,002,2021-04-12,4,,11.0,9.8,4.40
版合,己林,曼寇,1,002,2021-04-19,1,,10.5,8.0,4.30
版合,己林,曼寇,1,002,2021-04-19,2,,10.8,9.0,5.40
版合,己林,曼寇,1,002,2021-04-19,3,,11.0,9.0,3.90
版合,己林,曼寇,1,002,2021-04-19,4,,10.0,8.5,4.10
版合,己林,曼寇,1,002,2021-04-26,1,,10.0,10.5,5.30
版合,己林,曼寇,1,002,2021-04-26,2,,11.3,9.8,5.20
版合,己林,曼寇,1,002,2021-04-26,3,,10.8,9.2,4.00
版合,己林,曼寇,1,002,2021-04-26,4,,10.5,9.0,4.10
版合,己林,曼寇,1,002,2021-05-03,1,,10.3,9.0,4.40
版合,己林,曼寇,1,002,2021-05-03,2,,9.0,8.0,4.50
版合,己林,曼寇,1,002,2021-05-03,3,,9.5,9.0,4.70
版合,己林,曼寇,1,002,2021-05-03,4,,9.0,9.0,3.90
版合,己林,曼寇,1,002,2021-05-10,1,,7.8,7.3,4.50
版合,己林,曼寇,1,002,2021-05-10,2,,8.5,8.3,4.60
版合,己林,曼寇,1,002,2021-05-10,3,,9.0,8.5,4.80
版合,己林,曼寇,1,002,2021-05-10,4,,9.0,8.5,4.90
版合,己林,曼寇,1,002,2021-05-17,1,,10.0,9.0,5.00
版合,己林,曼寇,1,002,2021-05-17,2,,8.5,8.5,4.80
版合,己林,曼寇,1,002,2021-05-17,3,,9.5,8.3,4.90
版合,己林,曼寇,1,002,2021-05-17,4,,10.3,9.0,5.30
版合,己林,曼寇,1,002,2021-05-24,1,,12.0,11.5,4.90
版合,己林,曼寇,1,002,2021-05-24,2,,11.0,11.8,4.10
版合,己林,曼寇,1,002,2021-05-24,3,,10.8,11.0,5.00
版合,己林,曼寇,1,002,2021-05-24,4,,8.4,10.2,4.80
版合,己林,曼寇,1,002,2021-05-31,1,,8.5,9.2,4.00
版合,己林,曼寇,1,002,2021-05-31,2,,8.4,8.8,4.40
版合,己林,曼寇,1,002,2021-05-31,3,,10.0,10.0,4.50
版合,己林,曼寇,1,002,2021-05-31,4,,10.0,10.0,5.00
版合,己林,曼寇,1,002,2021-06-07,1,,10.0,9.4,4.50
版合,己林,曼寇,1,002,2021-06-07,2,,10.0,9.3,4.30
版合,己林,曼寇,1,002,2021-06-07,3,,9.8,9.2,4.00
版合,己林,曼寇,1,002,2021-06-07,4,,9.0,9.0,4.20
版合,己林,曼寇,1,002,2021-06-14,1,,10.0,9.5,4.10
版合,己林,曼寇,1,002,2021-06-14,2,,10.0,9.0,4.00
版合,己林,曼寇,1,002,2021-06-14,3,,10.0,10.0,3.60
版合,己林,曼寇,1,002,2021-06-14,4,,10.5,8.5,3.80
版合,己林,曼寇,1,002,2021-06-21,1,,9.5,9.0,3.80
版合,己林,曼寇,1,002,2021-06-21,2,,8.5,9.0,3.90
版合,己林,曼寇,1,002,2021-06-21,3,,9.0,8.5,3.40
版合,己林,曼寇,1,002,2021-06-21,4,,9.0,8.3,4.20
版合,己林,曼寇,1,002,2021-06-28,1,,12.0,10.0,5.28
版合,己林,曼寇,1,002,2021-06-28,2,,10.0,9.0,4.17
版合,己林,曼寇,1,002,2021-06-28,3,,7.0,9.0,4.80
版合,己林,曼寇,1,002,2021-06-28,4,,10.5,9.0,4.74
版合,己林,曼寇,1,002,2021-07-05,1,,10.0,10.0,4.75
版合,己林,曼寇,1,002,2021-07-05,2,,10.5,10.0,3.96
版合,己林,曼寇,1,002,2021-07-05,3,,9.5,9.0,4.56
版合,己林,曼寇,1,002,2021-07-05,4,,10.5,9.5,4.95
版合,己林,曼寇,1,002,2021-07-12,1,,10.0,9.0,5.50
版合,己林,曼寇,1,002,2021-07-12,2,,10.5,9.5,6.10
版合,己林,曼寇,1,002,2021-07-12,3,,11.5,10.0,4.95
版合,己林,曼寇,1,002,2021-07-12,4,,10.0,9.0,5.76
版合,己林,曼寇,1,002,2021-07-19,1,,10.0,9.0,4.60
版合,己林,曼寇,1,002,2021-07-19,2,,9.0,9.0,4.91
版合,己林,曼寇,1,002,2021-07-19,3,,9.0,9.0,4.58
版合,己林,曼寇,1,002,2021-07-19,4,,9.0,8.0,4.20
版合,己林,曼寇,1,002,2021-07-26,1,,10.0,9.0,5.67
版合,己林,曼寇,1,002,2021-07-26,2,,10.5,9.0,4.34
版合,己林,曼寇,1,002,2021-07-26,3,,10.0,9.0,4.32
版合,己林,曼寇,1,002,2021-07-26,4,,9.0,8.0,5.43
版合,己林,曼寇,1,005,2021-01-07,1,,14.5,14.0,5.04
版合,己林,曼寇,1,005,2021-01-07,2,,14.5,13.5,5.58
版合,己林,曼寇,1,005,2021-01-07,3,,14.0,13.0,4.69
版合,己林,曼寇,1,005,2021-01-07,4,,14.5,15.0,4.72
版合,己林,曼寇,1,005,2021-01-12,1,,15.0,14.0,4.17
版合,己林,曼寇,1,005,2021-01-12,2,,15.0,14.0,3.95
版合,己林,曼寇,1,005,2021-01-12,3,,14.0,14.0,4.58
版合,己林,曼寇,1,005,2021-01-12,4,,15.0,14.0,6.35
版合,己林,曼寇,1,005,2021-01-19,1,,15.5,15.0,8.15
版合,己林,曼寇,1,005,2021-01-19,2,,16.5,15.0,6.33
版合,己林,曼寇,1,005,2021-01-19,3,,15.0,14.5,6.58
版合,己林,曼寇,1,005,2021-01-19,4,,15.5,15.0,6.27
版合,己林,曼寇,1,005,2021-01-26,1,,15.5,14.5,7.11
版合,己林,曼寇,1,005,2021-01-26,2,,16.0,15.0,6.11
版合,己林,曼寇,1,005,2021-01-26,3,,16.0,15.0,6.58
版合,己林,曼寇,1,005,2021-01-26,4,,15.0,15.0,6.16
版合,己林,曼寇,1,005,2021-02-02,1,,15.5,13.5,6.33
版合,己林,曼寇,1,005,2021-02-02,2,,15.0,13.5,5.80
版合,己林,曼寇,1,005,2021-02-02,3,,14.5,13.0,5.63
版合,己林,曼寇,1,005,2021-02-02,4,,15.0,13.0,5.55
版合,己林,曼寇,1,005,2021-02-09,1,,15.0,13.0,5.40
版合,己林,曼寇,1,005,2021-02-09,2,,15.5,14.0,5.54
版合,己林,曼寇,1,005,2021-02-09,3,,16.0,14.0,6.05
版合,己林,曼寇,1,005,2021-02-09,4,,16.5,14.5,5.86
版合,己林,曼寇,1,005,2021-02-16,1,,15.0,13.5,5.81
版合,己林,曼寇,1,005,2021-02-16,2,,15.0,13.0,6.24
版合,己林,曼寇,1,005,2021-02-16,3,,14.5,13.5,5.62
版合,己林,曼寇,1,005,2021-02-16,4,,16.0,14.0,5.37
版合,己林,曼寇,1,005,2021-02-23,1,,11.0,10.0,5.37
版合,己林,曼寇,1,005,2021-02-23,2,,11.5,10.0,5.16
版合,己林,曼寇,1,005,2021-02-23,3,,12.0,11.0,4.95
版合,己林,曼寇,1,005,2021-02-23,4,,12.0,11.5,4.95
版合,己林,曼寇,1,005,2021-03-02,1,,13.0,12.0,5.10
版合,己林,曼寇,1,005,2021-03-02,2,,14.0,12.0,5.05
版合,己林,曼寇,1,005,2021-03-02,3,,12.0,12.0,5.09
版合,己林,曼寇,1,005,2021-03-02,4,,13.0,10.5,5.82
版合,己林,曼寇,1,005,2021-03-09,1,,14.0,11.0,4.68
版合,己林,曼寇,1,005,2021-03-09,2,,13.0,10.0,4.73
版合,己林,曼寇,1,005,2021-03-09,3,,12.0,11.0,4.98
版合,己林,曼寇,1,005,2021-03-09,4,,13.0,12.0,4.16
版合,己林,曼寇,1,005,2021-03-17,1,,13.0,10.5,6.77
版合,己林,曼寇,1,005,2021-03-17,2,,12.0,11.0,5.79
版合,己林,曼寇,1,005,2021-03-17,3,,8.0,8.0,5.71
版合,己林,曼寇,1,005,2021-03-17,4,,9.5,9.0,5.92
版合,己林,曼寇,1,005,2021-03-24,1,,12.0,10.5,6.82
版合,己林,曼寇,1,005,2021-03-24,2,,11.0,10.5,5.83
版合,己林,曼寇,1,005,2021-03-24,3,,12.0,10.0,5.75
版合,己林,曼寇,1,005,2021-03-24,4,,11.5,11.0,5.96
版合,己林,曼寇,1,005,2021-03-29,1,,12.0,11.0,5.15
版合,己林,曼寇,1,005,2021-03-29,2,,13.0,12.0,5.03
版合,己林,曼寇,1,005,2021-03-29,3,,14.0,13.5,5.28
版合,己林,曼寇,1,005,2021-03-29,4,,13.5,12.0,4.77
版合,己林,曼寇,1,005,2021-04-06,1,,12.0,11.0,3.94
版合,己林,曼寇,1,005,2021-04-06,2,,11.0,10.0,3.63
版合,己林,曼寇,1,005,2021-04-06,3,,11.0,11.0,3.64
版合,己林,曼寇,1,005,2021-04-06,4,,11.0,10.5,3.98
版合,己林,曼寇,1,005,2021-04-13,1,,13.0,10.0,4.80
版合,己林,曼寇,1,005,2021-04-13,2,,12.0,10.0,4.88
版合,己林,曼寇,1,005,2021-04-13,3,,12.0,11.0,4.52
版合,己林,曼寇,1,005,2021-04-13,4,,12.0,10.0,5.06
版合,己林,曼寇,1,005,2021-04-20,1,,10.0,9.0,4.65
版合,己林,曼寇,1,005,2021-04-20,2,,13.0,12.0,4.81
版合,己林,曼寇,1,005,2021-04-20,3,,13.0,12.0,5.66
版合,己林,曼寇,1,005,2021-04-20,4,,12.0,11.5,5.41
版合,己林,曼寇,1,005,2021-04-28,1,,11.0,9.0,4.57
版合,己林,曼寇,1,005,2021-04-28,2,,10.0,8.5,4.14
版合,己林,曼寇,1,005,2021-04-28,3,,10.5,9.5,4.29
版合,己林,曼寇,1,005,2021-04-28,4,,11.2,10.0,5.16
版合,己林,曼寇,1,005,2021-05-06,1,,10.5,8.5,4.77
版合,己林,曼寇,1,005,2021-05-06,2,,10.0,9.0,4.28
版合,己林,曼寇,1,005,2021-05-06,3,,10.2,9.0,4.44
版合,己林,曼寇,1,005,2021-05-06,4,,10.3,8.5,4.63
版合,己林,曼寇,1,005,2021-05-12,1,,10.2,9.5,5.46
版合,己林,曼寇,1,005,2021-05-12,2,,10.5,10.0,4.37
版合,己林,曼寇,1,005,2021-05-12,3,,11.0,9.3,4.93
版合,己林,曼寇,1,005,2021-05-12,4,,10.5,10.0,5.81
版合,己林,曼寇,1,005,2021-05-20,1,,8.5,8.0,5.74
版合,己林,曼寇,1,005,2021-05-20,2,,9.0,8.5,5.26
版合,己林,曼寇,1,005,2021-05-20,3,,9.7,9.0,4.57
版合,己林,曼寇,1,005,2021-05-20,4,,9.5,9.0,5.11
版合,己林,曼寇,1,005,2021-05-26,1,,10.0,9.5,5.17
版合,己林,曼寇,1,005,2021-05-26,2,,9.5,9.0,5.59
版合,己林,曼寇,1,005,2021-05-26,3,,9.7,9.0,5.63
版合,己林,曼寇,1,005,2021-05-26,4,,10.0,9.0,5.41
版合,己林,曼寇,1,005,2021-06-02,1,,10.1,9.7,5.01
版合,己林,曼寇,1,005,2021-06-02,2,,10.5,10.0,5.65
版合,己林,曼寇,1,005,2021-06-02,3,,9.6,9.5,5.82
版合,己林,曼寇,1,005,2021-06-02,4,,11.0,10.2,5.36
版合,己林,曼寇,1,005,2021-06-09,1,,9.0,7.5,5.86
版合,己林,曼寇,1,005,2021-06-09,2,,11.0,10.0,4.24
版合,己林,曼寇,1,005,2021-06-09,3,,12.5,12.0,4.42
版合,己林,曼寇,1,005,2021-06-09,4,,10.0,10.0,5.56
版合,己林,曼寇,1,005,2021-06-16,1,,12.0,11.0,4.84
版合,己林,曼寇,1,005,2021-06-16,2,,12.0,11.0,4.95
版合,己林,曼寇,1,005,2021-06-16,3,,10.0,9.0,5.06
版合,己林,曼寇,1,005,2021-06-16,4,,13.0,10.0,5.14
版合,己林,曼寇,1,005,2021-06-23,1,,9.0,8.5,4.41
版合,己林,曼寇,1,005,2021-06-23,2,,9.0,8.5,5.06
版合,己林,曼寇,1,005,2021-06-23,3,,10.0,9.0,5.21
版合,己林,曼寇,1,005,2021-06-23,4,,10.0,9.5,5.34
版合,己林,曼寇,1,005,2021-06-30,1,,9.0,8.0,4.50
版合,己林,曼寇,1,005,2021-06-30,2,,9.0,8.5,5.11
版合,己林,曼寇,1,005,2021-06-30,3,,9.0,8.0,5.00
版合,己林,曼寇,1,005,2021-06-30,4,,10.0,9.5,4.97
版合,己林,曼寇,1,005,2021-07-07,1,,10.0,9.0,4.73
版合,己林,曼寇,1,005,2021-07-07,2,,10.0,9.5,4.81
版合,己林,曼寇,1,005,2021-07-07,3,,11.0,10.0,4.65
版合,己林,曼寇,1,005,2021-07-07,4,,10.0,9.5,4.88
版合,己林,曼寇,1,005,2021-07-15,1,,10.0,9.0,4.80
版合,己林,曼寇,1,005,2021-07-15,2,,11.0,9.0,4.77
版合,己林,曼寇,1,005,2021-07-15,3,,9.0,8.0,4.58
版合,己林,曼寇,1,005,2021-07-15,4,,10.0,8.5,4.37
版合,己林,曼寇,1,005,2021-07-21,1,,10.0,7.5,4.31
版合,己林,曼寇,1,005,2021-07-21,2,,10.0,9.0,4.57
版合,己林,曼寇,1,005,2021-07-21,3,,11.0,9.5,4.36
版合,己林,曼寇,1,005,2021-07-21,4,,10.0,9.0,4.43
版合,己林,曼寇,1,006,2021-01-08,1,89.0,11.5,11.0,4.00
版合,己林,曼寇,1,006,2021-01-08,2,90.0,11.0,11.5,3.80
版合,己林,曼寇,1,006,2021-01-08,3,87.0,11.5,11.3,4.00
版合,己林,曼寇,1,006,2021-01-08,4,99.0,11.5,11.0,4.10
版合,己林,曼寇,1,006,2021-01-12,1,108.0,11.3,12.3,4.10
版合,己林,曼寇,1,006,2021-01-12,2,97.0,11.1,11.9,4.60
版合,己林,曼寇,1,006,2021-01-12,3,100.0,12.9,12.1,4.40
版合,己林,曼寇,1,006,2021-01-12,4,117.0,13.4,12.9,4.40
版合,己林,曼寇,1,006,2021-01-19,1,142.0,16.5,15.0,5.30
版合,己林,曼寇,1,006,2021-01-19,2,127.0,15.0,14.0,5.90
版合,己林,曼寇,1,006,2021-01-19,3,121.0,14.0,14.5,5.10
版合,己林,曼寇,1,006,2021-01-19,4,134.0,14.5,13.0,4.90
版合,己林,曼寇,1,006,2021-01-26,1,,14.8,14.0,5.90
版合,己林,曼寇,1,006,2021-01-26,2,,14.7,14.5,6.10
版合,己林,曼寇,1,006,2021-01-26,3,,15.0,14.8,5.60
版合,己林,曼寇,1,006,2021-01-26,4,,14.2,13.1,6.10
版合,己林,曼寇,1,006,2021-02-02,1,,15.0,12.5,5.90
版合,己林,曼寇,1,006,2021-02-02,2,,16.0,15.0,5.90
版合,己林,曼寇,1,006,2021-02-02,3,,16.5,14.5,6.80
版合,己林,曼寇,1,006,2021-02-02,4,,16.5,15.0,6.20
版合,己林,曼寇,1,006,2021-02-09,1,,13.0,13.4,6.30
版合,己林,曼寇,1,006,2021-02-09,2,,11.5,11.0,5.60
版合,己林,曼寇,1,006,2021-02-09,3,,12.8,12.8,6.40
版合,己林,曼寇,1,006,2021-02-09,4,,13.2,14.0,6.40
版合,己林,曼寇,1,006,2021-02-16,1,,13.6,10.9,6.70
版合,己林,曼寇,1,006,2021-02-16,2,,14.0,13.8,5.90
版合,己林,曼寇,1,006,2021-02-16,3,,14.0,11.1,5.40
版合,己林,曼寇,1,006,2021-02-16,4,,11.2,10.8,6.10
版合,己林,曼寇,1,006,2021-02-23,1,,14.2,13.4,6.40
版合,己林,曼寇,1,006,2021-02-23,2,,13.0,11.2,5.50
版合,己林,曼寇,1,006,2021-02-23,3,,13.1,10.8,6.60
版合,己林,曼寇,1,006,2021-02-23,4,,14.1,12.4,5.10
版合,己林,曼寇,1,006,2021-03-02,1,,12.1,11.8,5.20
版合,己林,曼寇,1,006,2021-03-02,2,,12.4,11.3,5.10
版合,己林,曼寇,1,006,2021-03-02,3,,13.6,12.7,5.60
版合,己林,曼寇,1,006,2021-03-02,4,,12.6,12.2,5.70
版合,己林,曼寇,1,006,2021-03-09,1,,14.1,11.5,6.20
版合,己林,曼寇,1,006,2021-03-09,2,,13.5,12.7,5.40
版合,己林,曼寇,1,006,2021-03-09,3,,11.9,10.4,5.20
版合,己林,曼寇,1,006,2021-03-09,4,,13.0,11.2,5.50
版合,己林,曼寇,1,006,2021-03-15,1,,12.3,11.3,4.80
版合,己林,曼寇,1,006,2021-03-15,2,,10.6,9.5,4.20
版合,己林,曼寇,1,006,2021-03-15,3,,12.6,10.5,4.40
版合,己林,曼寇,1,006,2021-03-15,4,,11.9,10.0,5.10
版合,己林,曼寇,1,006,2021-03-22,1,,9.9,9.6,3.80
版合,己林,曼寇,1,006,2021-03-22,2,,9.7,8.5,4.00
版合,己林,曼寇,1,006,2021-03-22,3,,11.4,9.7,4.20
版合,己林,曼寇,1,006,2021-03-22,4,,10.2,8.4,3.60
版合,己林,曼寇,1,006,2021-03-29,1,,9.5,8.3,3.90
版合,己林,曼寇,1,006,2021-03-29,2,,10.4,8.9,4.10
版合,己林,曼寇,1,006,2021-03-29,3,,10.7,9.6,4.00
版合,己林,曼寇,1,006,2021-03-29,4,,9.5,8.9,3.70
版合,己林,曼寇,1,006,2021-04-05,1,,11.1,10.0,4.70
版合,己林,曼寇,1,006,2021-04-05,2,,11.0,10.2,4.30
版合,己林,曼寇,1,006,2021-04-05,3,,11.6,9.8,4.10
版合,己林,曼寇,1,006,2021-04-05,4,,10.6,8.9,3.90
版合,己林,曼寇,1,006,2021-04-12,1,,7.8,6.9,4.90
版合,己林,曼寇,1,006,2021-04-12,2,,10.0,8.8,6.50
版合,己林,曼寇,1,006,2021-04-12,3,,9.6,8.1,6.20
版合,己林,曼寇,1,006,2021-04-12,4,,11.6,10.0,6.40
版合,己林,曼寇,1,006,2021-04-19,1,,11.0,10.0,4.40
版合,己林,曼寇,1,006,2021-04-19,2,,11.0,10.3,4.40
版合,己林,曼寇,1,006,2021-04-19,3,,11.5,10.8,4.40
版合,己林,曼寇,1,006,2021-04-19,4,,10.8,10.0,4.50
版合,己林,曼寇,1,006,2021-04-26,1,,10.0,9.8,5.50
版合,己林,曼寇,1,006,2021-04-26,2,,10.2,9.0,5.30
版合,己林,曼寇,1,006,2021-04-26,3,,10.0,10.5,4.80
版合,己林,曼寇,1,006,2021-04-26,4,,10.0,10.2,5.20
版合,己林,曼寇,1,006,2021-05-03,1,,10.0,9.5,4.40
版合,己林,曼寇,1,006,2021-05-03,2,,10.0,11.0,4.80
版合,己林,曼寇,1,006,2021-05-03,3,,10.0,10.0,4.70
版合,己林,曼寇,1,006,2021-05-03,4,,10.3,10.0,5.00
版合,己林,曼寇,1,006,2021-05-10,1,,10.0,10.0,5.10
版合,己林,曼寇,1,006,2021-05-10,2,,10.5,10.4,5.30
版合,己林,曼寇,1,006,2021-05-10,3,,9.8,9.3,4.80
版合,己林,曼寇,1,006,2021-05-10,4,,10.0,11.0,5.50
版合,己林,曼寇,1,006,2021-05-17,1,,10.5,10.0,5.00
版合,己林,曼寇,1,006,2021-05-17,2,,10.0,9.5,5.20
版合,己林,曼寇,1,006,2021-05-17,3,,10.5,10.0,4.70
版合,己林,曼寇,1,006,2021-05-17,4,,10.5,10.0,4.80
版合,己林,曼寇,1,006,2021-05-24,1,,10.0,10.3,4.80
版合,己林,曼寇,1,006,2021-05-24,2,,9.8,10.5,5.10
版合,己林,曼寇,1,006,2021-05-24,3,,10.8,10.7,4.90
版合,己林,曼寇,1,006,2021-05-24,4,,11.0,10.5,4.80
版合,己林,曼寇,1,006,2021-05-31,1,,8.5,8.8,3.90
版合,己林,曼寇,1,006,2021-05-31,2,,11.5,11.5,3.80
版合,己林,曼寇,1,006,2021-05-31,3,,8.3,8.0,4.00
版合,己林,曼寇,1,006,2021-05-31,4,,11.0,11.5,3.90
版合,己林,曼寇,1,006,2021-06-07,1,,9.0,9.0,3.50
版合,己林,曼寇,1,006,2021-06-07,2,,9.2,9.5,3.70
版合,己林,曼寇,1,006,2021-06-07,3,,11.0,10.5,4.40
版合,己林,曼寇,1,006,2021-06-07,4,,10.0,10.5,4.00
版合,己林,曼寇,1,006,2021-06-14,1,,9.0,9.2,4.80
版合,己林,曼寇,1,006,2021-06-14,2,,10.0,9.7,4.20
版合,己林,曼寇,1,006,2021-06-14,3,,10.0,9.5,4.40
版合,己林,曼寇,1,006,2021-06-14,4,,11.0,10.0,5.10
版合,己林,曼寇,1,006,2021-06-21,1,,10.0,9.0,5.40
版合,己林,曼寇,1,006,2021-06-21,2,,9.0,8.5,4.90
版合,己林,曼寇,1,006,2021-06-21,3,,10.0,10.8,6.00
版合,己林,曼寇,1,006,2021-06-21,4,,9.7,8.2,6.10
版合,己林,曼寇,1,006,2021-06-28,1,,9.0,8.0,3.77
版合,己林,曼寇,1,006,2021-06-28,2,,12.0,9.5,3.83
版合,己林,曼寇,1,006,2021-06-28,3,,10.5,10.0,4.49
版合,己林,曼寇,1,006,2021-06-28,4,,9.5,9.0,5.55
版合,己林,曼寇,1,006,2021-07-05,1,,10.5,10.0,4.15
版合,己林,曼寇,1,006,2021-07-05,2,,11.5,11.0,3.58
版合,己林,曼寇,1,006,2021-07-05,3,,9.0,9.5,4.94
版合,己林,曼寇,1,006,2021-07-05,4,,10.5,10.0,5.29
版合,己林,曼寇,1,006,2021-07-12,1,,9.0,8.0,4.41
版合,己林,曼寇,1,006,2021-07-12,2,,9.0,9.0,6.32
版合,己林,曼寇,1,006,2021-07-12,3,,9.0,8.0,3.82
版合,己林,曼寇,1,006,2021-07-12,4,,10.0,8.0,6.24
版合,己林,曼寇,1,006,2021-07-19,1,,10.0,9.0,5.30
版合,己林,曼寇,1,006,2021-07-19,2,,9.0,8.0,4.84
版合,己林,曼寇,1,006,2021-07-19,3,,9.0,9.0,6.97
版合,己林,曼寇,1,006,2021-07-19,4,,11.0,8.0,4.55
版合,己林,曼寇,1,006,2021-07-26,1,,10.0,9.0,5.10
版合,己林,曼寇,1,006,2021-07-26,2,,10.0,9.0,5.59
版合,己林,曼寇,1,006,2021-07-26,3,,9.0,9.0,5.08
版合,己林,曼寇,1,006,2021-07-26,4,,9.0,8.0,5.15
版合,己林,曼寇,1,006,2021-08-03,1,,9.0,8.0,4.60
版合,己林,曼寇,1,006,2021-08-03,2,,9.0,8.0,4.30
版合,己林,曼寇,1,006,2021-08-03,3,,9.0,8.0,5.36
版合,己林,曼寇,1,006,2021-08-03,4,,10.0,9.0,4.90
版合,己林,曼寇,1,008,2021-01-06,1,100.0,12.5,13.2,4.20
版合,己林,曼寇,1,008,2021-01-06,2,91.0,12.0,12.0,4.30
版合,己林,曼寇,1,008,2021-01-06,3,85.0,14.0,13.5,4.40
版合,己林,曼寇,1,008,2021-01-06,4,98.0,13.0,13.5,4.30
版合,己林,曼寇,1,008,2021-01-13,1,128.0,13.5,13.2,4.80
版合,己林,曼寇,1,008,2021-01-13,2,108.0,12.0,13.1,4.60
版合,己林,曼寇,1,008,2021-01-13,3,107.0,12.7,12.0,4.30
版合,己林,曼寇,1,008,2021-01-13,4,124.0,13.1,11.6,4.40
版合,己林,曼寇,1,008,2021-01-20,1,,15.8,14.6,5.20
版合,己林,曼寇,1,008,2021-01-20,2,130.0,16.0,14.5,5.60
版合,己林,曼寇,1,008,2021-01-20,3,126.0,15.1,13.7,5.00
版合,己林,曼寇,1,008,2021-01-20,4,,16.8,15.0,6.40
版合,己林,曼寇,1,008,2021-01-27,1,,15.0,16.5,6.30
版合,己林,曼寇,1,008,2021-01-27,2,,15.4,14.5,6.70
版合,己林,曼寇,1,008,2021-01-27,3,,15.5,15.4,6.40
版合,己林,曼寇,1,008,2021-01-27,4,,15.6,14.0,5.10
版合,己林,曼寇,1,008,2021-02-03,1,,14.0,18.0,7.10
版合,己林,曼寇,1,008,2021-02-03,2,,16.0,15.1,6.30
版合,己林,曼寇,1,008,2021-02-03,3,,16.2,17.3,6.80
版合,己林,曼寇,1,008,2021-02-03,4,,14.0,14.5,5.10
版合,己林,曼寇,1,008,2021-02-10,1,,16.3,14.0,6.30
版合,己林,曼寇,1,008,2021-02-10,2,,16.2,15.5,6.40
版合,己林,曼寇,1,008,2021-02-10,3,,15.0,12.5,6.20
版合,己林,曼寇,1,008,2021-02-10,4,,15.5,14.5,5.70
版合,己林,曼寇,1,008,2021-02-17,1,,15.1,14.5,5.60
版合,己林,曼寇,1,008,2021-02-17,2,,15.2,14.4,5.40
版合,己林,曼寇,1,008,2021-02-17,3,,14.8,14.8,5.60
版合,己林,曼寇,1,008,2021-02-17,4,,14.4,14.0,6.60
版合,己林,曼寇,1,008,2021-02-24,1,,13.0,11.4,5.00
版合,己林,曼寇,1,008,2021-02-24,2,,12.8,12.4,5.20
版合,己林,曼寇,1,008,2021-02-24,3,,12.3,12.3,5.40
版合,己林,曼寇,1,008,2021-02-24,4,,14.4,13.5,5.40
版合,己林,曼寇,1,008,2021-03-03,1,,13.8,12.1,5.00
版合,己林,曼寇,1,008,2021-03-03,2,,13.9,14.1,5.30
版合,己林,曼寇,1,008,2021-03-03,3,,13.7,14.0,5.70
版合,己林,曼寇,1,008,2021-03-03,4,,12.0,12.2,5.50
版合,己林,曼寇,1,008,2021-03-10,1,,13.0,12.4,5.10
版合,己林,曼寇,1,008,2021-03-10,2,,12.3,10.7,5.00
版合,己林,曼寇,1,008,2021-03-10,3,,10.4,9.7,4.00
版合,己林,曼寇,1,008,2021-03-10,4,,12.3,12.0,6.30
版合,己林,曼寇,1,008,2021-03-16,1,,12.5,11.6,4.30
版合,己林,曼寇,1,008,2021-03-16,2,,11.6,10.4,4.90
版合,己林,曼寇,1,008,2021-03-16,3,,10.0,9.7,5.20
版合,己林,曼寇,1,008,2021-03-16,4,,10.2,9.1,5.00
版合,己林,曼寇,1,008,2021-03-23,1,,12.1,11.6,5.40
版合,己林,曼寇,1,008,2021-03-23,2,,13.3,11.8,4.90
版合,己林,曼寇,1,008,2021-03-23,3,,11.8,10.8,5.10
版合,己林,曼寇,1,008,2021-03-23,4,,10.9,10.4,4.10
版合,己林,曼寇,1,008,2021-03-30,1,,8.3,7.1,3.60
版合,己林,曼寇,1,008,2021-03-30,2,,9.4,7.4,3.20
版合,己林,曼寇,1,008,2021-03-30,3,,9.1,7.6,3.80
版合,己林,曼寇,1,008,2021-03-30,4,,9.6,8.4,3.60
版合,己林,曼寇,1,008,2021-04-06,1,,9.6,8.9,3.70
版合,己林,曼寇,1,008,2021-04-06,2,,10.5,9.0,3.60
版合,己林,曼寇,1,008,2021-04-06,3,,9.3,7.4,4.80
版合,己林,曼寇,1,008,2021-04-06,4,,11.0,9.5,4.50
版合,己林,曼寇,1,008,2021-04-13,1,,12.0,10.5,4.90
版合,己林,曼寇,1,008,2021-04-13,2,,11.0,9.5,4.40
版合,己林,曼寇,1,008,2021-04-13,3,,11.5,9.5,4.00
版合,己林,曼寇,1,008,2021-04-13,4,,11.8,9.5,3.80
版合,己林,曼寇,1,008,2021-04-19,1,,10.0,9.5,5.70
版合,己林,曼寇,1,008,2021-04-19,2,,9.5,8.3,5.60
版合,己林,曼寇,1,008,2021-04-19,3,,10.0,9.8,4.80
版合,己林,曼寇,1,008,2021-04-19,4,,10.0,10.5,4.80
版合,己林,曼寇,1,008,2021-04-27,1,,10.0,10.0,4.70
版合,己林,曼寇,1,008,2021-04-27,2,,10.3,10.0,5.70
版合,己林,曼寇,1,008,2021-04-27,3,,10.5,10.0,5.30
版合,己林,曼寇,1,008,2021-04-27,4,,10.5,9.0,5.00
版合,己林,曼寇,1,008,2021-05-04,1,,9.5,9.0,4.90
版合,己林,曼寇,1,008,2021-05-04,2,,13.0,11.0,5.10
版合,己林,曼寇,1,008,2021-05-04,3,,11.0,11.0,5.00
版合,己林,曼寇,1,008,2021-05-04,4,,11.0,10.0,4.80
版合,己林,曼寇,1,008,2021-05-11,1,,9.3,8.8,4.10
版合,己林,曼寇,1,008,2021-05-11,2,,9.5,9.0,4.40
版合,己林,曼寇,1,008,2021-05-11,3,,9.5,9.5,4.80
版合,己林,曼寇,1,008,2021-05-11,4,,9.0,8.0,4.50
版合,己林,曼寇,1,008,2021-05-18,1,,10.0,10.3,4.30
版合,己林,曼寇,1,008,2021-05-18,2,,10.0,10.0,4.40
版合,己林,曼寇,1,008,2021-05-18,3,,10.7,9.5,4.30
版合,己林,曼寇,1,008,2021-05-18,4,,11.0,9.7,4.50
版合,己林,曼寇,1,008,2021-05-25,1,,9.0,8.0,4.50
版合,己林,曼寇,1,008,2021-05-25,2,,10.0,10.0,4.60
版合,己林,曼寇,1,008,2021-05-25,3,,10.0,9.3,5.00
版合,己林,曼寇,1,008,2021-05-25,4,,11.0,9.5,4.80
版合,己林,曼寇,1,008,2021-06-01,1,,10.0,9.8,3.50
版合,己林,曼寇,1,008,2021-06-01,2,,9.0,9.2,3.60
版合,己林,曼寇,1,008,2021-06-01,3,,10.5,10.3,4.00
版合,己林,曼寇,1,008,2021-06-01,4,,9.0,9.0,4.40
版合,己林,曼寇,1,008,2021-06-07,1,,9.8,9.0,3.80
版合,己林,曼寇,1,008,2021-06-07,2,,10.0,9.5,3.80
版合,己林,曼寇,1,008,2021-06-07,3,,9.5,9.0,4.00
版合,己林,曼寇,1,008,2021-06-07,4,,9.3,8.8,3.90
版合,己林,曼寇,1,008,2021-06-14,1,,9.0,9.0,4.30
版合,己林,曼寇,1,008,2021-06-14,2,,9.0,9.5,5.40
版合,己林,曼寇,1,008,2021-06-14,3,,9.0,9.0,3.90
版合,己林,曼寇,1,008,2021-06-14,4,,9.0,9.0,4.10
版合,己林,曼寇,1,008,2021-06-22,1,,9.0,8.5,4.20
版合,己林,曼寇,1,008,2021-06-22,2,,8.8,8.0,4.10
版合,己林,曼寇,1,008,2021-06-22,3,,8.0,7.0,3.90
版合,己林,曼寇,1,008,2021-06-22,4,,10.0,9.0,3.60
版合,己林,曼寇,1,008,2021-06-29,1,,10.5,9.4,3.75
版合,己林,曼寇,1,008,2021-06-29,2,,9.5,8.5,2.62
版合,己林,曼寇,1,008,2021-06-29,3,,9.5,10.0,4.76
版合,己林,曼寇,1,008,2021-06-29,4,,10.5,9.5,4.00
版合,己林,曼寇,1,008,2021-07-06,1,,10.0,10.0,4.31
版合,己林,曼寇,1,008,2021-07-06,2,,10.0,9.0,4.34
版合,己林,曼寇,1,008,2021-07-06,3,,10.0,8.0,3.34
版合,己林,曼寇,1,008,2021-07-06,4,,9.0,8.0,3.58
版合,己林,曼寇,1,008,2021-07-13,1,,8.0,10.0,5.86
版合,己林,曼寇,1,008,2021-07-13,2,,10.0,8.0,7.73
版合,己林,曼寇,1,008,2021-07-13,3,,9.0,7.0,5.89
版合,己林,曼寇,1,008,2021-07-13,4,,10.0,9.0,4.80
版合,己林,曼寇,1,008,2021-07-20,1,,,,
版合,己林,曼寇,1,008,2021-07-20,2,,,,
版合,己林,曼寇,1,008,2021-07-20,3,,,,
版合,己林,曼寇,1,008,2021-07-20,4,,,,
版合,己林,曼寇,1,009,2021-01-06,1,,13.0,11.6,5.82
版合,己林,曼寇,1,009,2021-01-06,2,,12.1,13.3,6.61
版合,己林,曼寇,1,009,2021-01-06,3,103.0,11.2,11.1,4.10
版合,己林,曼寇,1,009,2021-01-06,4,120.0,14.1,13.6,5.15
版合,己林,曼寇,1,009,2021-01-12,1,,13.2,13.5,4.80
版合,己林,曼寇,1,009,2021-01-12,2,,14.1,12.2,5.50
版合,己林,曼寇,1,009,2021-01-12,3,,13.4,12.9,5.15
版合,己林,曼寇,1,009,2021-01-12,4,,14.3,13.2,4.84
版合,己林,曼寇,1,009,2021-01-19,1,,15.9,14.4,4.91
版合,己林,曼寇,1,009,2021-01-19,2,,16.2,13.8,6.10
版合,己林,曼寇,1,009,2021-01-19,3,,12.8,12.1,4.66
版合,己林,曼寇,1,009,2021-01-19,4,,14.7,13.3,5.25
版合,己林,曼寇,1,009,2021-01-26,1,,15.9,16.4,7.71
版合,己林,曼寇,1,009,2021-01-26,2,,16.2,15.1,6.00
版合,己林,曼寇,1,009,2021-01-26,3,,14.9,14.6,5.40
版合,己林,曼寇,1,009,2021-01-26,4,,16.2,13.8,5.01
版合,己林,曼寇,1,009,2021-02-02,1,,17.0,15.8,5.31
版合,己林,曼寇,1,009,2021-02-02,2,,17.3,16.9,6.10
版合,己林,曼寇,1,009,2021-02-02,3,,16.2,17.7,6.31
版合,己林,曼寇,1,009,2021-02-02,4,,16.4,16.6,5.31
版合,己林,曼寇,1,009,2021-02-09,1,,13.5,12.6,6.20
版合,己林,曼寇,1,009,2021-02-09,2,,13.3,12.7,5.00
版合,己林,曼寇,1,009,2021-02-09,3,,15.3,15.4,5.25
版合,己林,曼寇,1,009,2021-02-09,4,,16.4,14.9,5.43
版合,己林,曼寇,1,009,2021-02-16,1,,14.3,13.9,5.06
版合,己林,曼寇,1,009,2021-02-16,2,,15.2,13.6,4.12
版合,己林,曼寇,1,009,2021-02-16,3,,14.9,14.1,6.72
版合,己林,曼寇,1,009,2021-02-16,4,,13.5,12.1,5.37
版合,己林,曼寇,1,009,2021-02-23,1,,16.3,15.1,5.79
版合,己林,曼寇,1,009,2021-02-23,2,,13.6,13.4,5.40
版合,己林,曼寇,1,009,2021-02-23,3,,18.3,13.5,5.23
版合,己林,曼寇,1,009,2021-02-23,4,,13.4,13.3,6.13
版合,己林,曼寇,1,009,2021-03-02,1,,15.4,12.8,5.16
版合,己林,曼寇,1,009,2021-03-02,2,,12.2,11.1,5.65
版合,己林,曼寇,1,009,2021-03-02,3,,12.6,12.9,5.12
版合,己林,曼寇,1,009,2021-03-02,4,,14.7,14.7,6.32
版合,己林,曼寇,1,009,2021-03-09,1,,15.5,13.6,5.50
版合,己林,曼寇,1,009,2021-03-09,2,,15.9,13.4,5.51
版合,己林,曼寇,1,009,2021-03-09,3,,15.2,13.8,6.38
版合,己林,曼寇,1,009,2021-03-09,4,,15.5,12.4,6.12
版合,己林,曼寇,1,009,2021-03-16,1,,15.0,13.0,5.61
版合,己林,曼寇,1,009,2021-03-16,2,,16.0,13.5,6.72
版合,己林,曼寇,1,009,2021-03-16,3,,13.5,13.0,6.20
版合,己林,曼寇,1,009,2021-03-16,4,,13.0,12.5,6.13
版合,己林,曼寇,1,009,2021-03-23,1,,12.5,10.5,5.26
版合,己林,曼寇,1,009,2021-03-23,2,,11.0,9.5,6.17
版合,己林,曼寇,1,009,2021-03-23,3,,12.0,10.0,6.12
版合,己林,曼寇,1,009,2021-03-23,4,,12.0,10.2,5.97
版合,己林,曼寇,1,009,2021-03-30,1,,10.5,8.7,5.47
版合,己林,曼寇,1,009,2021-03-30,2,,11.0,10.0,5.38
版合,己林,曼寇,1,009,2021-03-30,3,,11.0,10.5,5.31
版合,己林,曼寇,1,009,2021-03-30,4,,12.0,11.0,5.48
版合,己林,曼寇,1,009,2021-04-06,1,,12.1,11.0,6.34
版合,己林,曼寇,1,009,2021-04-06,2,,11.5,10.0,6.24
版合,己林,曼寇,1,009,2021-04-06,3,,11.5,10.2,6.51
版合,己林,曼寇,1,009,2021-04-06,4,,12.0,11.5,5.14
版合,己林,曼寇,1,009,2021-04-13,1,,12.0,11.1,5.06
版合,己林,曼寇,1,009,2021-04-13,2,,12.4,10.5,5.77
版合,己林,曼寇,1,009,2021-04-13,3,,11.0,9.5,5.18
版合,己林,曼寇,1,009,2021-04-13,4,,10.5,9.5,4.62
版合,己林,曼寇,1,009,2021-04-20,1,,9.0,8.0,5.46
版合,己林,曼寇,1,009,2021-04-20,2,,9.5,8.3,5.15
版合,己林,曼寇,1,009,2021-04-20,3,,9.0,8.0,5.48
版合,己林,曼寇,1,009,2021-04-20,4,,8.5,8.0,4.77
版合,己林,曼寇,1,009,2021-04-27,1,,11.0,9.0,5.84
版合,己林,曼寇,1,009,2021-04-27,2,,10.0,8.5,4.69
版合,己林,曼寇,1,009,2021-04-27,3,,10.6,9.7,5.77
版合,己林,曼寇,1,009,2021-04-27,4,,11.0,10.0,5.44
版合,己林,曼寇,1,009,2021-05-04,1,,10.5,9.0,5.58
版合,己林,曼寇,1,009,2021-05-04,2,,9.5,9.0,5.44
版合,己林,曼寇,1,009,2021-05-04,3,,9.3,8.5,5.62
版合,己林,曼寇,1,009,2021-05-04,4,,10.0,9.5,5.06
版合,己林,曼寇,1,009,2021-05-11,1,,9.5,9.0,5.64
版合,己林,曼寇,1,009,2021-05-11,2,,10.5,10.0,5.27
版合,己林,曼寇,1,009,2021-05-11,3,,9.0,8.5,5.93
版合,己林,曼寇,1,009,2021-05-11,4,,10.0,9.0,4.46
版合,己林,曼寇,1,009,2021-05-18,1,,10.5,9.5,5.49
版合,己林,曼寇,1,009,2021-05-18,2,,9.7,9.0,5.14
版合,己林,曼寇,1,009,2021-05-18,3,,10.0,9.0,5.57
版合,己林,曼寇,1,009,2021-05-18,4,,10.3,9.5,5.36
版合,己林,曼寇,1,009,2021-05-25,1,,9.7,9.0,5.32
版合,己林,曼寇,1,009,2021-05-25,2,,9.0,8.5,5.51
版合,己林,曼寇,1,009,2021-05-25,3,,9.5,9.0,5.48
版合,己林,曼寇,1,009,2021-05-25,4,,9.3,9.0,5.36
版合,己林,曼寇,1,009,2021-06-01,1,,9.0,8.0,6.34
版合,己林,曼寇,1,009,2021-06-01,2,,9.1,7.7,5.75
版合,己林,曼寇,1,009,2021-06-01,3,,9.4,9.3,5.09
版合,己林,曼寇,1,009,2021-06-01,4,,8.8,8.7,4.78
版合,己林,曼寇,1,009,2021-06-08,1,,10.0,9.0,4.50
版合,己林,曼寇,1,009,2021-06-08,2,,8.0,8.0,4.35
版合,己林,曼寇,1,009,2021-06-08,3,,7.0,6.0,6.52
版合,己林,曼寇,1,009,2021-06-08,4,,10.0,8.0,5.14
版合,己林,曼寇,1,009,2021-06-15,1,,9.0,8.0,4.61
版合,己林,曼寇,1,009,2021-06-15,2,,10.0,9.0,5.35
版合,己林,曼寇,1,009,2021-06-15,3,,8.0,7.0,5.08
版合,己林,曼寇,1,009,2021-06-15,4,,10.0,9.0,5.27
版合,己林,曼寇,1,009,2021-06-22,1,,10.0,9.0,4.73
版合,己林,曼寇,1,009,2021-06-22,2,,8.0,7.0,4.84
版合,己林,曼寇,1,009,2021-06-22,3,,7.5,7.5,5.02
版合,己林,曼寇,1,009,2021-06-22,4,,9.0,7.5,5.14
版合,己林,曼寇,1,009,2021-06-29,1,,10.0,9.0,4.80
版合,己林,曼寇,1,009,2021-06-29,2,,10.0,9.0,4.95
版合,己林,曼寇,1,009,2021-06-29,3,,9.5,8.0,5.13
版合,己林,曼寇,1,009,2021-06-29,4,,9.0,8.0,5.17
版合,己林,曼寇,1,009,2021-07-06,1,,10.0,9.0,4.82
版合,己林,曼寇,1,009,2021-07-06,2,,10.5,8.0,5.00
版合,己林,曼寇,1,009,2021-07-06,3,,8.0,7.0,4.97
版合,己林,曼寇,1,009,2021-07-06,4,,10.0,9.5,4.88
版合,己林,曼寇,1,009,2021-07-14,1,,9.0,8.0,4.75
版合,己林,曼寇,1,009,2021-07-14,2,,9.5,8.0,4.88
版合,己林,曼寇,1,009,2021-07-14,3,,9.0,7.0,5.00
版合,己林,曼寇,1,009,2021-07-14,4,,8.0,7.0,4.82
版合,己林,曼寇,1,010,2021-01-06,1,103.0,12.5,11.5,3.90
版合,己林,曼寇,1,010,2021-01-06,2,74.0,12.5,12.0,4.20
版合,己林,曼寇,1,010,2021-01-06,3,102.0,14.5,14.0,4.60
版合,己林,曼寇,1,010,2021-01-06,4,100.0,14.5,13.0,4.20
版合,己林,曼寇,1,010,2021-01-13,1,110.0,12.7,11.8,3.90
版合,己林,曼寇,1,010,2021-01-13,2,84.0,13.8,12.4,3.70
版合,己林,曼寇,1,010,2021-01-13,3,121.0,14.0,13.6,4.40
版合,己林,曼寇,1,010,2021-01-13,4,113.0,14.5,14.7,4.60
版合,己林,曼寇,1,010,2021-01-20,1,118.0,12.6,12.0,3.20
版合,己林,曼寇,1,010,2021-01-20,2,110.0,13.0,10.6,4.40
版合,己林,曼寇,1,010,2021-01-20,3,130.0,13.5,12.2,4.40
版合,己林,曼寇,1,010,2021-01-20,4,122.0,14.8,11.9,4.50
版合,己林,曼寇,1,010,2021-01-26,1,,16.3,14.2,5.10
版合,己林,曼寇,1,010,2021-01-26,2,,16.0,14.8,6.10
版合,己林,曼寇,1,010,2021-01-26,3,,16.5,14.9,5.50
版合,己林,曼寇,1,010,2021-01-26,4,,17.6,15.2,5.80
版合,己林,曼寇,1,010,2021-02-03,1,,16.5,15.4,5.50
版合,己林,曼寇,1,010,2021-02-03,2,,15.0,14.3,5.60
版合,己林,曼寇,1,010,2021-02-03,3,,15.5,14.6,5.30
版合,己林,曼寇,1,010,2021-02-03,4,,15.3,15.8,5.60
版合,己林,曼寇,1,010,2021-02-10,1,,16.0,15.0,5.30
版合,己林,曼寇,1,010,2021-02-10,2,,16.0,14.7,5.60
版合,己林,曼寇,1,010,2021-02-10,3,,15.3,15.0,5.00
版合,己林,曼寇,1,010,2021-02-10,4,,15.5,13.5,5.00
版合,己林,曼寇,1,010,2021-02-17,1,,15.0,14.5,6.00
版合,己林,曼寇,1,010,2021-02-17,2,,18.7,15.9,5.90
版合,己林,曼寇,1,010,2021-02-17,3,,19.8,19.0,5.60
版合,己林,曼寇,1,010,2021-02-17,4,,16.8,15.7,6.30
版合,己林,曼寇,1,010,2021-02-24,1,,13.5,12.0,4.80
版合,己林,曼寇,1,010,2021-02-24,2,,13.0,12.5,4.70
版合,己林,曼寇,1,010,2021-02-24,3,,15.0,11.8,5.50
版合,己林,曼寇,1,010,2021-02-24,4,,11.8,11.3,6.50
版合,己林,曼寇,1,010,2021-03-03,1,,14.8,13.7,6.00
版合,己林,曼寇,1,010,2021-03-03,2,,14.0,12.9,5.30
版合,己林,曼寇,1,010,2021-03-03,3,,13.6,13.0,5.10
版合,己林,曼寇,1,010,2021-03-03,4,,15.3,14.1,6.10
版合,己林,曼寇,1,010,2021-03-10,1,,13.5,11.6,5.20
版合,己林,曼寇,1,010,2021-03-10,2,,13.2,11.3,4.00
版合,己林,曼寇,1,010,2021-03-10,3,,11.8,10.4,5.00
版合,己林,曼寇,1,010,2021-03-10,4,,13.9,11.2,4.90
版合,己林,曼寇,1,010,2021-03-16,1,,12.2,10.1,4.20
版合,己林,曼寇,1,010,2021-03-16,2,,15.5,13.4,7.10
版合,己林,曼寇,1,010,2021-03-16,3,,13.7,11.0,5.30
版合,己林,曼寇,1,010,2021-03-16,4,,12.2,10.7,5.70
版合,己林,曼寇,1,010,2021-03-23,1,,13.8,13.6,4.80
版合,己林,曼寇,1,010,2021-03-23,2,,13.9,12.7,5.10
版合,己林,曼寇,1,010,2021-03-23,3,,13.0,12.1,4.70
版合,己林,曼寇,1,010,2021-03-23,4,,12.8,11.1,5.00
版合,己林,曼寇,1,010,2021-03-30,1,,12.1,11.0,5.10
版合,己林,曼寇,1,010,2021-03-30,2,,14.2,12.1,4.90
版合,己林,曼寇,1,010,2021-03-30,3,,13.3,11.2,4.50
版合,己林,曼寇,1,010,2021-03-30,4,,13.9,12.0,4.50
版合,己林,曼寇,1,010,2021-04-06,1,,11.2,9.4,5.40
版合,己林,曼寇,1,010,2021-04-06,2,,10.2,9.5,4.90
版合,己林,曼寇,1,010,2021-04-06,3,,11.0,10.2,6.00
版合,己林,曼寇,1,010,2021-04-06,4,,10.5,9.5,6.10
版合,己林,曼寇,1,010,2021-04-13,1,,11.0,11.2,5.30
版合,己林,曼寇,1,010,2021-04-13,2,,12.5,11.8,5.10
版合,己林,曼寇,1,010,2021-04-13,3,,10.0,9.5,4.30
版合,己林,曼寇,1,010,2021-04-13,4,,10.5,9.3,4.00
版合,己林,曼寇,1,010,2021-04-20,1,,11.5,11.0,5.60
版合,己林,曼寇,1,010,2021-04-20,2,,11.5,11.0,4.80
版合,己林,曼寇,1,010,2021-04-20,3,,11.0,9.0,4.90
版合,己林,曼寇,1,010,2021-04-20,4,,11.5,10.0,5.20
版合,己林,曼寇,1,010,2021-04-27,1,,11.0,9.5,5.40
版合,己林,曼寇,1,010,2021-04-27,2,,10.5,9.0,4.90
版合,己林,曼寇,1,010,2021-04-27,3,,10.3,9.2,4.00
版合,己林,曼寇,1,010,2021-04-27,4,,11.0,11.0,5.00
版合,己林,曼寇,1,010,2021-05-04,1,,10.3,10.0,4.60
版合,己林,曼寇,1,010,2021-05-04,2,,10.0,9.0,4.80
版合,己林,曼寇,1,010,2021-05-04,3,,10.0,9.5,5.40
版合,己林,曼寇,1,010,2021-05-04,4,,11.0,10.0,5.00
版合,己林,曼寇,1,010,2021-05-11,1,,9.5,9.0,5.10
版合,己林,曼寇,1,010,2021-05-11,2,,11.0,9.5,5.30
版合,己林,曼寇,1,010,2021-05-11,3,,11.5,10.5,5.60
版合,己林,曼寇,1,010,2021-05-11,4,,11.3,10.5,5.70
版合,己林,曼寇,1,010,2021-05-18,1,,10.0,10.0,4.50
版合,己林,曼寇,1,010,2021-05-18,2,,9.5,9.0,4.80
版合,己林,曼寇,1,010,2021-05-18,3,,11.0,10.0,5.00
版合,己林,曼寇,1,010,2021-05-18,4,,9.8,9.3,4.70
版合,己林,曼寇,1,010,2021-05-25,1,,8.6,8.7,4.10
版合,己林,曼寇,1,010,2021-05-25,2,,10.0,9.0,3.70
版合,己林,曼寇,1,010,2021-05-25,3,,10.3,10.0,4.80
版合,己林,曼寇,1,010,2021-05-25,4,,10.3,10.5,4.70
版合,己林,曼寇,1,010,2021-06-01,1,,9.5,8.7,4.40
版合,己林,曼寇,1,010,2021-06-01,2,,9.0,9.0,4.50
版合,己林,曼寇,1,010,2021-06-01,3,,9.0,8.5,4.70
版合,己林,曼寇,1,010,2021-06-01,4,,9.5,9.0,4.70
版合,己林,曼寇,1,010,2021-06-08,1,,11.0,9.5,5.10
版合,己林,曼寇,1,010,2021-06-08,2,,10.0,10.0,5.30
版合,己林,曼寇,1,010,2021-06-08,3,,10.5,10.3,5.60
版合,己林,曼寇,1,010,2021-06-08,4,,11.0,10.2,5.70
版合,己林,曼寇,1,010,2021-06-15,1,,9.0,8.5,4.60
版合,己林,曼寇,1,010,2021-06-15,2,,9.0,8.8,4.80
版合,己林,曼寇,1,010,2021-06-15,3,,9.5,9.0,5.40
版合,己林,曼寇,1,010,2021-06-15,4,,8.5,9.5,5.00
版合,己林,曼寇,1,010,2021-06-22,1,,8.5,8.2,5.00
版合,己林,曼寇,1,010,2021-06-22,2,,9.0,8.5,5.20
版合,己林,曼寇,1,010,2021-06-22,3,,9.3,8.2,5.50
版合,己林,曼寇,1,010,2021-06-22,4,,7.0,7.5,4.80
版合,己林,曼寇,1,010,2021-06-29,1,,12.0,10.0,3.30
版合,己林,曼寇,1,010,2021-06-29,2,,9.0,9.0,3.78
版合,己林,曼寇,1,010,2021-06-29,3,,9.0,8.0,3.52
版合,己林,曼寇,1,010,2021-06-29,4,,8.0,7.0,5.22
版合,己林,曼寇,1,010,2021-07-06,1,,9.0,8.0,4.19
版合,己林,曼寇,1,010,2021-07-06,2,,9.0,7.0,3.46
版合,己林,曼寇,1,010,2021-07-06,3,,8.0,7.0,3.06
版合,己林,曼寇,1,010,2021-07-06,4,,8.0,7.0,6.09
版合,己林,曼寇,1,010,2021-07-13,1,,11.0,9.0,4.54
版合,己林,曼寇,1,010,2021-07-13,2,,10.0,9.0,4.51
版合,己林,曼寇,1,010,2021-07-13,3,,9.0,8.0,4.50
版合,己林,曼寇,1,010,2021-07-13,4,,10.0,8.0,4.87
版合,己林,曼寇,1,011,2021-01-08,1,64.0,10.0,10.0,4.23
版合,己林,曼寇,1,011,2021-01-08,2,28.0,9.0,10.5,4.44
版合,己林,曼寇,1,011,2021-01-08,3,44.0,10.0,10.0,4.27
版合,己林,曼寇,1,011,2021-01-08,4,60.0,11.5,10.5,4.02
版合,己林,曼寇,1,011,2021-01-12,1,77.0,10.0,9.0,6.08
版合,己林,曼寇,1,011,2021-01-12,2,42.0,11.0,10.0,5.93
版合,己林,曼寇,1,011,2021-01-12,3,57.0,10.0,10.0,5.36
版合,己林,曼寇,1,011,2021-01-12,4,66.0,10.5,10.5,4.76
版合,己林,曼寇,1,011,2021-01-19,1,112.0,11.5,11.0,4.65
版合,己林,曼寇,1,011,2021-01-19,2,80.0,11.5,11.0,4.25
版合,己林,曼寇,1,011,2021-01-19,3,109.0,9.5,10.5,4.26
版合,己林,曼寇,1,011,2021-01-19,4,98.0,10.0,11.0,4.49
版合,己林,曼寇,1,011,2021-01-26,1,155.0,11.5,11.0,4.29
版合,己林,曼寇,1,011,2021-01-26,2,121.0,11.5,11.5,4.36
版合,己林,曼寇,1,011,2021-01-26,3,128.0,10.5,10.5,4.51
版合,己林,曼寇,1,011,2021-01-26,4,148.0,11.0,11.0,4.14
版合,己林,曼寇,1,011,2021-02-02,1,,13.5,13.5,6.13
版合,己林,曼寇,1,011,2021-02-02,2,,15.5,15.0,6.31
版合,己林,曼寇,1,011,2021-02-02,3,,14.5,14.0,5.94
版合,己林,曼寇,1,011,2021-02-02,4,,15.0,14.5,6.48
版合,己林,曼寇,1,011,2021-02-09,1,,17.0,15.0,6.69
版合,己林,曼寇,1,011,2021-02-09,2,,16.5,15.0,5.23
版合,己林,曼寇,1,011,2021-02-09,3,,17.5,16.5,6.45
版合,己林,曼寇,1,011,2021-02-09,4,,17.0,16.0,5.59
版合,己林,曼寇,1,011,2021-02-16,1,,16.5,15.5,6.16
版合,己林,曼寇,1,011,2021-02-16,2,,17.5,16.0,6.37
版合,己林,曼寇,1,011,2021-02-16,3,,17.0,15.5,6.11
版合,己林,曼寇,1,011,2021-02-16,4,,16.5,15.0,6.26
版合,己林,曼寇,1,011,2021-02-23,1,,18.0,15.0,5.61
版合,己林,曼寇,1,011,2021-02-23,2,,17.0,16.0,6.04
版合,己林,曼寇,1,011,2021-02-23,3,,16.0,16.0,6.25
版合,己林,曼寇,1,011,2021-02-23,4,,17.5,15.5,6.37
版合,己林,曼寇,1,011,2021-03-02,1,,18.0,15.5,6.21
版合,己林,曼寇,1,011,2021-03-02,2,,17.0,15.0,6.71
版合,己林,曼寇,1,011,2021-03-02,3,,16.5,15.0,5.57
版合,己林,曼寇,1,011,2021-03-02,4,,17.0,17.0,6.22
版合,己林,曼寇,1,011,2021-03-09,1,,17.0,14.0,6.77
版合,己林,曼寇,1,011,2021-03-09,2,,18.0,16.0,5.99
版合,己林,曼寇,1,011,2021-03-09,3,,17.0,16.5,6.35
版合,己林,曼寇,1,011,2021-03-09,4,,18.0,17.0,5.94
版合,己林,曼寇,1,011,2021-03-17,1,,12.0,11.0,6.29
版合,己林,曼寇,1,011,2021-03-17,2,,11.0,10.5,7.23
版合,己林,曼寇,1,011,2021-03-17,3,,14.0,12.5,4.23
版合,己林,曼寇,1,011,2021-03-17,4,,13.0,12.0,5.84
版合,己林,曼寇,1,011,2021-03-24,1,,11.8,10.2,6.10
版合,己林,曼寇,1,011,2021-03-24,2,,11.0,10.0,7.02
版合,己林,曼寇,1,011,2021-03-24,3,,13.0,11.1,4.83
版合,己林,曼寇,1,011,2021-03-24,4,,12.0,11.5,4.91
版合,己林,曼寇,1,011,2021-03-29,1,,14.0,13.0,4.49
版合,己林,曼寇,1,011,2021-03-29,2,,15.0,14.5,4.43
版合,己林,曼寇,1,011,2021-03-29,3,,15.0,13.0,4.20
版合,己林,曼寇,1,011,2021-03-29,4,,14.0,13.0,4.36
版合,己林,曼寇,1,011,2021-04-06,1,,15.0,12.0,6.32
版合,己林,曼寇,1,011,2021-04-06,2,,15.0,13.0,6.40
版合,己林,曼寇,1,011,2021-04-06,3,,14.0,12.0,5.89
版合,己林,曼寇,1,011,2021-04-06,4,,13.0,13.0,5.80
版合,己林,曼寇,1,011,2021-04-13,1,,13.0,11.0,5.42
版合,己林,曼寇,1,011,2021-04-13,2,,12.0,11.0,4.82
版合,己林,曼寇,1,011,2021-04-13,3,,12.0,11.5,4.88
版合,己林,曼寇,1,011,2021-04-13,4,,11.0,10.0,4.82
版合,己林,曼寇,1,011,2021-04-20,1,,9.0,8.0,4.28
版合,己林,曼寇,1,011,2021-04-20,2,,11.0,10.0,4.69
版合,己林,曼寇,1,011,2021-04-20,3,,10.0,9.0,4.12
版合,己林,曼寇,1,011,2021-04-20,4,,9.0,8.0,4.68
版合,己林,曼寇,1,011,2021-04-28,1,,11.0,10.0,4.51
版合,己林,曼寇,1,011,2021-04-28,2,,10.0,9.0,4.43
版合,己林,曼寇,1,011,2021-04-28,3,,10.5,10.0,4.77
版合,己林,曼寇,1,011,2021-04-28,4,,9.0,8.5,4.11
版合,己林,曼寇,1,011,2021-05-06,1,,10.0,8.5,5.17
版合,己林,曼寇,1,011,2021-05-06,2,,9.5,8.0,5.52
版合,己林,曼寇,1,011,2021-05-06,3,,9.0,8.0,4.36
版合,己林,曼寇,1,011,2021-05-06,4,,10.3,9.5,4.14
版合,己林,曼寇,1,011,2021-05-12,1,,10.0,9.0,5.56
版合,己林,曼寇,1,011,2021-05-12,2,,10.5,9.5,5.24
版合,己林,曼寇,1,011,2021-05-12,3,,10.5,9.7,5.13
版合,己林,曼寇,1,011,2021-05-12,4,,10.3,9.5,4.37
版合,己林,曼寇,1,011,2021-05-20,1,,10.0,9.0,5.74
版合,己林,曼寇,1,011,2021-05-20,2,,9.3,8.5,5.16
版合,己林,曼寇,1,011,2021-05-20,3,,9.5,9.0,4.25
版合,己林,曼寇,1,011,2021-05-20,4,,10.0,9.5,4.92
版合,己林,曼寇,1,011,2021-05-26,1,,10.3,9.5,5.11
版合,己林,曼寇,1,011,2021-05-26,2,,10.0,9.0,5.29
版合,己林,曼寇,1,011,2021-05-26,3,,10.5,9.3,5.92
版合,己林,曼寇,1,011,2021-05-26,4,,9.3,8.5,5.47
版合,己林,曼寇,1,011,2021-06-02,1,,10.5,9.6,5.21
版合,己林,曼寇,1,011,2021-06-02,2,,9.7,10.0,5.61
版合,己林,曼寇,1,011,2021-06-02,3,,9.0,8.7,5.78
版合,己林,曼寇,1,011,2021-06-02,4,,9.8,8.0,5.84
版合,己林,曼寇,1,011,2021-06-09,1,,10.0,9.0,5.31
版合,己林,曼寇,1,011,2021-06-09,2,,10.0,9.7,4.86
版合,己林,曼寇,1,011,2021-06-09,3,,9.0,7.0,5.01
版合,己林,曼寇,1,011,2021-06-09,4,,9.0,8.0,5.22
版合,己林,曼寇,1,011,2021-06-16,1,,10.0,9.0,5.83
版合,己林,曼寇,1,011,2021-06-16,2,,9.0,8.5,4.84
版合,己林,曼寇,1,011,2021-06-16,3,,9.0,8.0,6.93
版合,己林,曼寇,1,011,2021-06-16,4,,10.0,9.0,6.19
版合,己林,曼寇,1,011,2021-06-23,1,,10.0,9.0,5.21
版合,己林,曼寇,1,011,2021-06-23,2,,10.0,9.5,4.78
版合,己林,曼寇,1,011,2021-06-23,3,,11.0,10.0,4.92
版合,己林,曼寇,1,011,2021-06-23,4,,10.0,9.7,5.08
版合,己林,曼寇,1,011,2021-06-30,1,,11.5,10.0,5.00
版合,己林,曼寇,1,011,2021-06-30,2,,9.5,8.5,4.67
版合,己林,曼寇,1,011,2021-06-30,3,,10.5,9.5,4.66
版合,己林,曼寇,1,011,2021-06-30,4,,10.0,9.5,4.32
版合,己林,曼寇,1,011,2021-07-07,1,,10.5,9.5,4.31
版合,己林,曼寇,1,011,2021-07-07,2,,11.0,10.0,4.37
版合,己林,曼寇,1,011,2021-07-07,3,,11.0,11.0,4.61
版合,己林,曼寇,1,011,2021-07-07,4,,11.0,10.0,4.50
版合,己林,曼寇,1,011,2021-07-15,1,,10.0,9.0,4.32
版合,己林,曼寇,1,011,2021-07-15,2,,10.0,8.5,4.25
版合,己林,曼寇,1,011,2021-07-15,3,,10.5,9.0,4.30
版合,己林,曼寇,1,011,2021-07-15,4,,10.5,9.5,4.12
版合,己林,曼寇,1,011,2021-07-21,1,,10.0,9.0,4.51
版合,己林,曼寇,1,011,2021-07-21,2,,9.0,8.0,4.33
版合,己林,曼寇,1,011,2021-07-21,3,,10.0,8.0,4.27
版合,己林,曼寇,1,011,2021-07-21,4,,10.5,9.0,4.20
版合,己林,曼寇,1,011,2021-07-28,1,,7.0,7.5,4.32
版合,己林,曼寇,1,011,2021-07-28,2,,8.0,7.0,4.17
版合,己林,曼寇,1,011,2021-07-28,3,,9.0,8.0,4.30
版合,己林,曼寇,1,011,2021-07-28,4,,10.0,8.0,4.11
版合,己林,曼寇,1,012,2021-01-07,1,123.0,13.0,13.5,4.70
版合,己林,曼寇,1,012,2021-01-07,2,141.0,13.0,12.0,4.08
版合,己林,曼寇,1,012,2021-01-07,3,133.0,13.0,12.5,3.97
版合,己林,曼寇,1,012,2021-01-07,4,118.0,12.0,11.5,3.85
版合,己林,曼寇,1,012,2021-01-12,1,,14.0,13.5,5.42
版合,己林,曼寇,1,012,2021-01-12,2,,13.0,13.5,5.42
版合,己林,曼寇,1,012,2021-01-12,3,,13.5,13.5,4.51
版合,己林,曼寇,1,012,2021-01-12,4,,12.5,12.0,5.38
版合,己林,曼寇,1,012,2021-01-19,1,,13.0,13.0,4.76
版合,己林,曼寇,1,012,2021-01-19,2,,14.0,13.0,4.98
版合,己林,曼寇,1,012,2021-01-19,3,,14.0,14.0,5.24
版合,己林,曼寇,1,012,2021-01-19,4,,14.0,14.0,5.48
版合,己林,曼寇,1,012,2021-01-26,1,,15.0,14.0,5.33
版合,己林,曼寇,1,012,2021-01-26,2,,15.5,15.0,5.16
版合,己林,曼寇,1,012,2021-01-26,3,,14.5,13.5,5.93
版合,己林,曼寇,1,012,2021-01-26,4,,15.0,14.5,5.38
版合,己林,曼寇,1,012,2021-02-02,1,,13.5,13.5,6.52
版合,己林,曼寇,1,012,2021-02-02,2,,14.0,14.0,5.94
版合,己林,曼寇,1,012,2021-02-02,3,,15.0,14.0,6.33
版合,己林,曼寇,1,012,2021-02-02,4,,13.0,13.0,5.35
版合,己林,曼寇,1,012,2021-02-09,1,,14.0,12.5,5.72
版合,己林,曼寇,1,012,2021-02-09,2,,14.5,14.0,5.78
版合,己林,曼寇,1,012,2021-02-09,3,,15.5,14.5,4.82
版合,己林,曼寇,1,012,2021-02-09,4,,14.0,13.5,6.20
版合,己林,曼寇,1,012,2021-02-16,1,,16.0,15.5,5.81
版合,己林,曼寇,1,012,2021-02-16,2,,16.0,15.0,5.37
版合,己林,曼寇,1,012,2021-02-16,3,,16.5,16.0,4.85
版合,己林,曼寇,1,012,2021-02-16,4,,16.0,15.0,4.91
版合,己林,曼寇,1,012,2021-02-23,1,,12.5,10.0,4.70
版合,己林,曼寇,1,012,2021-02-23,2,,12.0,11.0,5.45
版合,己林,曼寇,1,012,2021-02-23,3,,13.0,11.5,5.52
版合,己林,曼寇,1,012,2021-02-23,4,,13.0,12.0,4.93
版合,己林,曼寇,1,012,2021-03-02,1,,12.0,10.5,4.72
版合,己林,曼寇,1,012,2021-03-02,2,,13.0,12.0,5.74
版合,己林,曼寇,1,012,2021-03-02,3,,13.0,12.5,4.98
版合,己林,曼寇,1,012,2021-03-02,4,,12.5,11.5,5.40
版合,己林,曼寇,1,012,2021-03-09,1,,13.0,11.0,5.08
版合,己林,曼寇,1,012,2021-03-09,2,,12.0,10.0,5.50
版合,己林,曼寇,1,012,2021-03-09,3,,12.0,10.5,5.12
版合,己林,曼寇,1,012,2021-03-09,4,,13.0,11.0,5.34
版合,己林,曼寇,1,012,2021-03-17,1,,13.5,11.5,5.36
版合,己林,曼寇,1,012,2021-03-17,2,,12.5,11.5,5.15
版合,己林,曼寇,1,012,2021-03-17,3,,12.5,10.0,5.72
版合,己林,曼寇,1,012,2021-03-17,4,,13.0,11.0,5.81
版合,己林,曼寇,1,012,2021-03-24,1,,11.5,10.0,4.71
版合,己林,曼寇,1,012,2021-03-24,2,,12.0,11.0,4.01
版合,己林,曼寇,1,012,2021-03-24,3,,11.5,11.0,5.31
版合,己林,曼寇,1,012,2021-03-24,4,,12.3,11.4,4.48
版合,己林,曼寇,1,012,2021-03-29,1,,12.0,9.0,4.43
版合,己林,曼寇,1,012,2021-03-29,2,,14.0,13.0,4.05
版合,己林,曼寇,1,012,2021-03-29,3,,13.0,12.0,4.78
版合,己林,曼寇,1,012,2021-03-29,4,,15.0,14.0,5.02
版合,己林,曼寇,1,012,2021-04-06,1,,13.0,12.0,5.64
版合,己林,曼寇,1,012,2021-04-06,2,,13.0,12.0,5.25
版合,己林,曼寇,1,012,2021-04-06,3,,12.0,12.0,5.28
版合,己林,曼寇,1,012,2021-04-06,4,,13.0,12.0,5.11
版合,己林,曼寇,1,012,2021-04-13,1,,12.0,11.0,4.99
版合,己林,曼寇,1,012,2021-04-13,2,,13.0,11.0,5.16
版合,己林,曼寇,1,012,2021-04-13,3,,12.0,10.0,5.03
版合,己林,曼寇,1,012,2021-04-13,4,,11.5,10.0,5.24
版合,己林,曼寇,1,012,2021-04-20,1,,13.0,12.0,5.04
版合,己林,曼寇,1,012,2021-04-20,2,,12.0,11.0,4.89
版合,己林,曼寇,1,012,2021-04-20,3,,12.0,11.0,5.32
版合,己林,曼寇,1,012,2021-04-20,4,,11.0,9.5,4.76
版合,己林,曼寇,1,012,2021-04-28,1,,11.0,9.5,5.57
版合,己林,曼寇,1,012,2021-04-28,2,,10.0,9.0,5.25
版合,己林,曼寇,1,012,2021-04-28,3,,10.5,10.0,4.46
版合,己林,曼寇,1,012,2021-04-28,4,,10.0,9.0,5.15
版合,己林,曼寇,1,012,2021-05-06,1,,10.5,9.0,5.16
版合,己林,曼寇,1,012,2021-05-06,2,,10.0,9.5,5.75
版合,己林,曼寇,1,012,2021-05-06,3,,10.3,9.2,5.42
版合,己林,曼寇,1,012,2021-05-06,4,,10.2,9.0,4.18
版合,己林,曼寇,1,012,2021-05-12,1,,10.5,9.5,5.11
版合,己林,曼寇,1,012,2021-05-12,2,,11.0,10.0,5.92
版合,己林,曼寇,1,012,2021-05-12,3,,10.0,9.5,6.46
版合,己林,曼寇,1,012,2021-05-12,4,,10.3,9.0,5.37
版合,己林,曼寇,1,012,2021-05-20,1,,10.7,9.5,5.14
版合,己林,曼寇,1,012,2021-05-20,2,,11.0,10.0,5.57
版合,己林,曼寇,1,012,2021-05-20,3,,10.0,9.5,5.65
版合,己林,曼寇,1,012,2021-05-20,4,,10.5,10.0,5.92
版合,己林,曼寇,1,012,2021-05-26,1,,9.7,9.0,5.28
版合,己林,曼寇,1,012,2021-05-26,2,,10.3,10.0,5.13
版合,己林,曼寇,1,012,2021-05-26,3,,9.5,8.5,5.29
版合,己林,曼寇,1,012,2021-05-26,4,,10.0,9.5,5.47
版合,己林,曼寇,1,012,2021-06-02,1,,9.9,8.5,4.96
版合,己林,曼寇,1,012,2021-06-02,2,,10.5,10.3,4.81
版合,己林,曼寇,1,012,2021-06-02,3,,10.1,9.5,4.54
版合,己林,曼寇,1,012,2021-06-02,4,,11.0,10.7,5.82
版合,己林,曼寇,1,012,2021-06-09,1,,11.0,10.0,5.62
版合,己林,曼寇,1,012,2021-06-09,2,,10.0,8.0,5.37
版合,己林,曼寇,1,012,2021-06-09,3,,10.0,10.5,5.29
版合,己林,曼寇,1,012,2021-06-09,4,,10.0,9.0,5.58
版合,己林,曼寇,1,012,2021-06-16,1,,11.0,9.0,5.17
版合,己林,曼寇,1,012,2021-06-16,2,,10.0,9.0,5.07
版合,己林,曼寇,1,012,2021-06-16,3,,9.0,9.0,4.88
版合,己林,曼寇,1,012,2021-06-16,4,,9.0,9.0,5.38
版合,己林,曼寇,1,012,2021-06-23,1,,10.0,9.0,4.28
版合,己林,曼寇,1,012,2021-06-23,2,,11.0,9.0,4.52
版合,己林,曼寇,1,012,2021-06-23,3,,11.0,10.0,4.31
版合,己林,曼寇,1,012,2021-06-23,4,,11.0,9.0,4.27
版合,己林,曼寇,1,012,2021-06-30,1,,11.0,11.0,4.12
版合,己林,曼寇,1,012,2021-06-30,2,,12.0,11.0,4.34
版合,己林,曼寇,1,012,2021-06-30,3,,11.0,10.0,4.22
版合,己林,曼寇,1,012,2021-06-30,4,,10.0,9.0,4.31
版合,己林,曼寇,1,012,2021-07-07,1,,10.0,9.0,4.00
版合,己林,曼寇,1,012,2021-07-07,2,,11.0,11.0,4.12
版合,己林,曼寇,1,012,2021-07-07,3,,11.0,9.5,4.17
版合,己林,曼寇,1,012,2021-07-07,4,,10.0,9.0,4.40
版合,己林,曼寇,1,012,2021-07-15,1,,10.0,10.0,4.12
版合,己林,曼寇,1,012,2021-07-15,2,,9.0,8.0,4.03
版合,己林,曼寇,1,012,2021-07-15,3,,10.0,8.5,4.34
版合,己林,曼寇,1,012,2021-07-15,4,,12.0,11.5,4.11
版合,己林,曼寇,1,012,2021-07-21,1,,10.0,9.0,4.01
版合,己林,曼寇,1,012,2021-07-21,2,,11.0,9.0,4.23
版合,己林,曼寇,1,012,2021-07-21,3,,8.5,7.0,4.52
版合,己林,曼寇,1,012,2021-07-21,4,,11.0,10.5,4.00
版合,己林,曼寇,1,012,2021-07-28,1,,10.0,10.0,4.12
版合,己林,曼寇,1,012,2021-07-28,2,,9.0,9.0,4.30
版合,己林,曼寇,1,012,2021-07-28,3,,9.0,8.0,4.41
版合,己林,曼寇,1,012,2021-07-28,4,,9.0,7.5,4.13
版合,己林,曼寇,1,013,2021-01-07,1,,13.9,13.6,5.30
版合,己林,曼寇,1,013,2021-01-07,2,,14.3,13.6,4.90
版合,己林,曼寇,1,013,2021-01-07,3,,13.5,12.2,6.10
版合,己林,曼寇,1,013,2021-01-07,4,,13.8,11.6,5.40
版合,己林,曼寇,1,013,2021-01-12,1,,16.1,13.6,5.40
版合,己林,曼寇,1,013,2021-01-12,2,,15.5,13.8,5.60
版合,己林,曼寇,1,013,2021-01-12,3,,15.9,13.9,5.70
版合,己林,曼寇,1,013,2021-01-12,4,,16.1,15.3,6.30
版合,己林,曼寇,1,013,2021-01-19,1,,15.0,14.5,6.50
版合,己林,曼寇,1,013,2021-01-19,2,,15.2,15.0,5.80
版合,己林,曼寇,1,013,2021-01-19,3,,20.5,18.5,6.60
版合,己林,曼寇,1,013,2021-01-19,4,,17.5,17.8,6.30
版合,己林,曼寇,1,013,2021-01-26,1,,16.3,14.0,5.60
版合,己林,曼寇,1,013,2021-01-26,2,,17.8,15.0,6.00
版合,己林,曼寇,1,013,2021-01-26,3,,17.2,14.6,6.90
版合,己林,曼寇,1,013,2021-01-26,4,,17.0,17.2,6.80
版合,己林,曼寇,1,013,2021-02-02,1,,13.5,13.0,5.70
版合,己林,曼寇,1,013,2021-02-02,2,,14.0,13.5,6.00
版合,己林,曼寇,1,013,2021-02-02,3,,15.0,13.6,5.50
版合,己林,曼寇,1,013,2021-02-02,4,,15.0,13.0,5.60
版合,己林,曼寇,1,013,2021-02-09,1,,13.0,14.0,5.40
版合,己林,曼寇,1,013,2021-02-09,2,,11.8,15.6,5.60
版合,己林,曼寇,1,013,2021-02-09,3,,12.5,13.0,5.50
版合,己林,曼寇,1,013,2021-02-09,4,,12.8,15.5,5.70
版合,己林,曼寇,1,013,2021-02-16,1,,14.3,13.4,6.70
版合,己林,曼寇,1,013,2021-02-16,2,,13.4,12.1,6.50
版合,己林,曼寇,1,013,2021-02-16,3,,16.0,14.5,6.30
版合,己林,曼寇,1,013,2021-02-16,4,,14.3,13.8,6.50
版合,己林,曼寇,1,013,2021-02-23,1,,13.8,11.4,5.50
版合,己林,曼寇,1,013,2021-02-23,2,,14.5,14.0,5.70
版合,己林,曼寇,1,013,2021-02-23,3,,13.4,11.8,6.00
版合,己林,曼寇,1,013,2021-02-23,4,,13.2,11.8,5.80
版合,己林,曼寇,1,013,2021-03-02,1,,14.1,12.4,6.30
版合,己林,曼寇,1,013,2021-03-02,2,,16.1,14.6,6.10
版合,己林,曼寇,1,013,2021-03-02,3,,16.0,13.6,6.00
版合,己林,曼寇,1,013,2021-03-02,4,,15.7,14.5,5.50
版合,己林,曼寇,1,013,2021-03-09,1,,12.0,11.5,5.60
版合,己林,曼寇,1,013,2021-03-09,2,,11.8,10.5,5.60
版合,己林,曼寇,1,013,2021-03-09,3,,14.0,12.6,5.20
版合,己林,曼寇,1,013,2021-03-09,4,,11.6,10.2,4.70
版合,己林,曼寇,1,013,2021-03-15,1,,15.3,14.1,5.70
版合,己林,曼寇,1,013,2021-03-15,2,,14.1,12.2,5.10
版合,己林,曼寇,1,013,2021-03-15,3,,14.2,10.9,5.50
版合,己林,曼寇,1,013,2021-03-15,4,,13.8,10.9,5.70
版合,己林,曼寇,1,013,2021-03-22,1,,15.5,13.1,5.40
版合,己林,曼寇,1,013,2021-03-22,2,,13.8,12.7,4.70
版合,己林,曼寇,1,013,2021-03-22,3,,14.0,13.8,5.90
版合,己林,曼寇,1,013,2021-03-22,4,,14.0,10.8,5.70
版合,己林,曼寇,1,013,2021-03-29,1,,12.5,10.0,4.60
版合,己林,曼寇,1,013,2021-03-29,2,,12.3,10.0,5.10
版合,己林,曼寇,1,013,2021-03-29,3,,12.0,11.3,4.90
版合,己林,曼寇,1,013,2021-03-29,4,,11.0,10.0,3.70
版合,己林,曼寇,1,013,2021-04-05,1,,11.8,9.7,6.40
版合,己林,曼寇,1,013,2021-04-05,2,,11.0,11.0,6.00
版合,己林,曼寇,1,013,2021-04-05,3,,11.5,10.0,5.00
版合,己林,曼寇,1,013,2021-04-05,4,,11.5,9.8,4.00
版合,己林,曼寇,1,013,2021-04-12,1,,10.5,10.0,4.80
版合,己林,曼寇,1,013,2021-04-12,2,,10.0,9.5,4.50
版合,己林,曼寇,1,013,2021-04-12,3,,11.2,10.0,4.30
版合,己林,曼寇,1,013,2021-04-12,4,,10.4,11.3,4.00
版合,己林,曼寇,1,013,2021-04-19,1,,12.1,9.6,6.00
版合,己林,曼寇,1,013,2021-04-19,2,,11.2,9.2,5.50
版合,己林,曼寇,1,013,2021-04-19,3,,10.9,9.7,5.50
版合,己林,曼寇,1,013,2021-04-19,4,,10.8,9.2,5.10
版合,己林,曼寇,1,013,2021-04-26,1,,12.0,10.0,4.30
版合,己林,曼寇,1,013,2021-04-26,2,,10.0,8.5,4.80
版合,己林,曼寇,1,013,2021-04-26,3,,11.5,10.0,5.60
版合,己林,曼寇,1,013,2021-04-26,4,,10.0,9.5,5.80
版合,己林,曼寇,1,013,2021-05-03,1,,12.0,10.0,4.70
版合,己林,曼寇,1,013,2021-05-03,2,,11.5,9.8,4.50
版合,己林,曼寇,1,013,2021-05-03,3,,11.0,10.0,4.40
版合,己林,曼寇,1,013,2021-05-03,4,,10.5,10.0,3.90
版合,己林,曼寇,1,013,2021-05-11,1,,10.0,10.5,3.90
版合,己林,曼寇,1,013,2021-05-11,2,,9.8,8.0,4.40
版合,己林,曼寇,1,013,2021-05-11,3,,10.0,9.8,4.30
版合,己林,曼寇,1,013,2021-05-11,4,,9.7,9.0,4.40
版合,己林,曼寇,1,013,2021-05-17,1,,9.5,9.0,4.50
版合,己林,曼寇,1,013,2021-05-17,2,,9.0,9.5,4.40
版合,己林,曼寇,1,013,2021-05-17,3,,8.5,8.5,4.20
版合,己林,曼寇,1,013,2021-05-17,4,,9.0,9.0,4.30
版合,己林,曼寇,1,013,2021-05-24,1,,8.8,8.5,4.50
版合,己林,曼寇,1,013,2021-05-24,2,,9.0,8.9,3.60
版合,己林,曼寇,1,013,2021-05-24,3,,9.3,9.0,4.10
版合,己林,曼寇,1,013,2021-05-24,4,,9.0,8.5,3.80
版合,己林,曼寇,1,013,2021-05-31,1,,10.0,9.3,3.10
版合,己林,曼寇,1,013,2021-05-31,2,,10.3,9.5,3.40
版合,己林,曼寇,1,013,2021-05-31,3,,10.5,9.5,3.30
版合,己林,曼寇,1,013,2021-05-31,4,,10.0,9.0,3.50
版合,己林,曼寇,1,013,2021-06-07,1,,9.5,9.0,3.40
版合,己林,曼寇,1,013,2021-06-07,2,,10.0,10.0,3.60
版合,己林,曼寇,1,013,2021-06-07,3,,11.0,11.0,3.70
版合,己林,曼寇,1,013,2021-06-07,4,,11.0,10.0,3.50
版合,己林,曼寇,1,013,2021-06-14,1,,9.0,9.5,3.60
版合,己林,曼寇,1,013,2021-06-14,2,,9.5,10.0,4.00
版合,己林,曼寇,1,013,2021-06-14,3,,9.5,9.5,3.70
版合,己林,曼寇,1,013,2021-06-14,4,,9.0,9.3,4.10
版合,己林,曼寇,1,013,2021-06-21,1,,11.0,8.5,4.00
版合,己林,曼寇,1,013,2021-06-21,2,,11.0,10.0,3.20
版合,己林,曼寇,1,013,2021-06-21,3,,10.0,9.0,3.60
版合,己林,曼寇,1,013,2021-06-21,4,,10.0,9.0,4.10
版合,己林,曼寇,1,013,2021-06-28,1,,9.0,8.0,5.18
版合,己林,曼寇,1,013,2021-06-28,2,,8.0,8.0,6.07
版合,己林,曼寇,1,013,2021-06-28,3,,9.5,9.0,5.62
版合,己林,曼寇,1,013,2021-06-28,4,,10.0,10.0,5.14
版合,己林,曼寇,1,013,2021-07-05,1,,10.5,10.0,6.05
版合,己林,曼寇,1,013,2021-07-05,2,,10.0,9.0,5.42
版合,己林,曼寇,1,013,2021-07-05,3,,9.0,8.5,7.31
版合,己林,曼寇,1,013,2021-07-05,4,,9.0,8.5,5.95
版合,己林,曼寇,1,013,2021-07-12,1,,9.0,8.0,4.30
版合,己林,曼寇,1,013,2021-07-12,2,,9.0,9.0,5.58
版合,己林,曼寇,1,013,2021-07-12,3,,10.5,9.5,5.19
版合,己林,曼寇,1,013,2021-07-12,4,,11.5,10.0,4.59
版合,己林,曼寇,1,013,2021-07-19,1,,9.0,9.0,5.76
版合,己林,曼寇,1,013,2021-07-19,2,,10.0,9.0,6.16
版合,己林,曼寇,1,013,2021-07-19,3,,11.0,10.0,4.58
版合,己林,曼寇,1,013,2021-07-19,4,,10.5,9.5,3.98
版合,己林,曼寇,1,013,2021-07-27,1,,10.0,9.0,4.50
版合,己林,曼寇,1,013,2021-07-27,2,,11.0,10.0,4.06
版合,己林,曼寇,1,013,2021-07-27,3,,10.5,9.5,4.16
版合,己林,曼寇,1,013,2021-07-27,4,,10.0,9.0,6.30
版合,己林,曼寇,1,013,2021-08-03,1,,9.0,8.0,5.58
版合,己林,曼寇,1,013,2021-08-03,2,,10.0,9.0,4.38
版合,己林,曼寇,1,013,2021-08-03,3,,9.0,9.0,4.64
版合,己林,曼寇,1,013,2021-08-03,4,,9.0,8.0,5.03
版合,己林,曼寇,1,013,2021-08-10,1,,9.0,8.0,6.31
版合,己林,曼寇,1,013,2021-08-10,2,,9.0,8.0,6.54
版合,己林,曼寇,1,013,2021-08-10,3,,9.0,9.0,5.94
版合,己林,曼寇,1,013,2021-08-10,4,,10.0,9.0,5.11
版合,己林,曼寇,1,013,2021-08-17,1,,9.0,9.0,4.56
版合,己林,曼寇,1,013,2021-08-17,2,,9.0,9.0,5.13
版合,己林,曼寇,1,013,2021-08-17,3,,9.0,8.0,6.53
版合,己林,曼寇,1,013,2021-08-17,4,,10.0,9.0,5.19
版合,己林,曼寇,1,013,2021-08-24,1,,10.0,9.0,4.60
版合,己林,曼寇,1,013,2021-08-24,2,,10.0,9.0,4.91
版合,己林,曼寇,1,013,2021-08-24,3,,10.0,9.0,5.27
版合,己林,曼寇,1,013,2021-08-24,4,,9.0,9.0,5.46
版合,己林,曼寇,1,015,2021-01-27,1,15.0,4.5,4.0,
版合,己林,曼寇,1,015,2021-01-27,2,12.0,3.2,3.3,
版合,己林,曼寇,1,015,2021-01-27,3,14.0,4.1,3.2,
版合,己林,曼寇,1,015,2021-01-27,4,9.0,3.2,3.3,
版合,己林,曼寇,1,015,2021-02-10,1,17.0,7.3,6.9,3.94
版合,己林,曼寇,1,015,2021-02-10,2,34.0,7.6,7.5,4.20
版合,己林,曼寇,1,015,2021-02-10,3,23.0,6.4,6.7,3.23
版合,己林,曼寇,1,015,2021-02-10,4,37.0,6.5,6.2,4.33
版合,己林,曼寇,1,015,2021-02-17,1,42.0,9.3,9.0,3.63
版合,己林,曼寇,1,015,2021-02-17,2,48.0,8.7,8.9,4.39
版合,己林,曼寇,1,015,2021-02-17,3,51.0,8.9,8.7,4.21
版合,己林,曼寇,1,015,2021-02-17,4,45.0,8.4,9.7,4.21
版合,己林,曼寇,1,015,2021-02-24,1,52.0,12.0,10.7,3.14
版合,己林,曼寇,1,015,2021-02-24,2,77.0,12.6,11.1,4.80
版合,己林,曼寇,1,015,2021-02-24,3,88.0,10.0,9.3,4.46
版合,己林,曼寇,1,015,2021-02-24,4,63.0,10.5,9.6,4.15
版合,己林,曼寇,1,015,2021-03-03,1,123.0,11.8,11.7,5.81
版合,己林,曼寇,1,015,2021-03-03,2,114.0,11.1,10.5,5.01
版合,己林,曼寇,1,015,2021-03-03,3,135.0,13.3,12.7,4.28
版合,己林,曼寇,1,015,2021-03-03,4,115.0,10.3,11.1,5.14
版合,己林,曼寇,1,015,2021-03-10,1,,13.7,13.3,4.78
版合,己林,曼寇,1,015,2021-03-10,2,,12.1,11.2,4.58
版合,己林,曼寇,1,015,2021-03-10,3,,12.8,13.9,5.00
版合,己林,曼寇,1,015,2021-03-10,4,,13.4,14.0,4.18
版合,己林,曼寇,1,015,2021-03-15,1,,12.2,13.0,4.85
版合,己林,曼寇,1,015,2021-03-15,2,,11.5,12.0,4.64
版合,己林,曼寇,1,015,2021-03-15,3,,12.0,12.5,5.53
版合,己林,曼寇,1,015,2021-03-15,4,,10.5,12.5,5.12
版合,己林,曼寇,1,015,2021-03-23,1,,11.5,10.0,4.11
版合,己林,曼寇,1,015,2021-03-23,2,,10.0,9.5,4.24
版合,己林,曼寇,1,015,2021-03-23,3,,11.0,10.0,4.60
版合,己林,曼寇,1,015,2021-03-23,4,,12.0,11.0,4.17
版合,己林,曼寇,1,015,2021-03-29,1,,11.5,10.0,6.80
版合,己林,曼寇,1,015,2021-03-29,2,,11.0,10.5,5.80
版合,己林,曼寇,1,015,2021-03-29,3,,10.0,9.5,5.75
版合,己林,曼寇,1,015,2021-03-29,4,,11.7,9.5,4.98
版合,己林,曼寇,1,015,2021-04-05,1,,12.0,11.0,5.45
版合,己林,曼寇,1,015,2021-04-05,2,,11.0,9.7,6.06
版合,己林,曼寇,1,015,2021-04-05,3,,11.5,10.0,5.60
版合,己林,曼寇,1,015,2021-04-05,4,,11.0,9.3,5.72
版合,己林,曼寇,1,015,2021-04-12,1,,12.7,11.5,5.15
版合,己林,曼寇,1,015,2021-04-12,2,,11.5,10.0,5.07
版合,己林,曼寇,1,015,2021-04-12,3,,11.5,9.5,5.48
版合,己林,曼寇,1,015,2021-04-12,4,,10.5,10.0,4.37
版合,己林,曼寇,1,015,2021-04-19,1,,11.5,10.0,6.02
版合,己林,曼寇,1,015,2021-04-19,2,,11.0,9.5,5.76
版合,己林,曼寇,1,015,2021-04-19,3,,13.0,11.5,4.59
版合,己林,曼寇,1,015,2021-04-19,4,,11.5,10.0,5.17
版合,己林,曼寇,1,015,2021-04-26,1,,12.0,11.0,5.98
版合,己林,曼寇,1,015,2021-04-26,2,,11.0,10.5,5.63
版合,己林,曼寇,1,015,2021-04-26,3,,10.5,10.0,4.39
版合,己林,曼寇,1,015,2021-04-26,4,,11.5,11.0,4.61
版合,己林,曼寇,1,015,2021-05-03,1,,9.5,8.0,5.49
版合,己林,曼寇,1,015,2021-05-03,2,,8.0,7.5,5.62
版合,己林,曼寇,1,015,2021-05-03,3,,9.3,8.5,5.15
版合,己林,曼寇,1,015,2021-05-03,4,,9.0,8.3,4.83
版合,己林,曼寇,1,015,2021-05-10,1,,11.0,9.5,5.91
版合,己林,曼寇,1,015,2021-05-10,2,,11.5,10.0,4.62
版合,己林,曼寇,1,015,2021-05-10,3,,10.0,9.5,5.54
版合,己林,曼寇,1,015,2021-05-10,4,,9.5,9.0,5.37
版合,己林,曼寇,1,015,2021-05-17,1,,10.0,9.0,5.66
版合,己林,曼寇,1,015,2021-05-17,2,,9.5,8.5,5.49
版合,己林,曼寇,1,015,2021-05-17,3,,9.0,8.0,4.38
版合,己林,曼寇,1,015,2021-05-17,4,,10.0,9.5,5.77
版合,己林,曼寇,1,015,2021-05-24,1,,11.0,10.0,5.42
版合,己林,曼寇,1,015,2021-05-24,2,,9.5,9.0,5.13
版合,己林,曼寇,1,015,2021-05-24,3,,9.5,8.5,4.58
版合,己林,曼寇,1,015,2021-05-24,4,,10.0,9.5,5.64
版合,己林,曼寇,1,015,2021-05-31,1,,9.5,10.1,5.42
版合,己林,曼寇,1,015,2021-05-31,2,,10.1,9.8,5.15
版合,己林,曼寇,1,015,2021-05-31,3,,9.6,8.6,4.62
版合,己林,曼寇,1,015,2021-05-31,4,,10.3,9.6,5.65
版合,己林,曼寇,1,015,2021-06-07,1,,9.0,7.5,6.50
版合,己林,曼寇,1,015,2021-06-07,2,,8.5,7.0,5.39
版合,己林,曼寇,1,015,2021-06-07,3,,11.0,7.5,6.60
版合,己林,曼寇,1,015,2021-06-07,4,,9.0,8.0,5.53
版合,己林,曼寇,1,015,2021-06-14,1,,10.0,9.5,5.45
版合,己林,曼寇,1,015,2021-06-14,2,,10.5,10.0,5.62
版合,己林,曼寇,1,015,2021-06-14,3,,11.0,10.0,5.74
版合,己林,曼寇,1,015,2021-06-14,4,,9.5,9.0,5.82
版合,己林,曼寇,1,015,2021-06-21,1,,11.0,10.0,5.50
版合,己林,曼寇,1,015,2021-06-21,2,,12.0,11.0,5.00
版合,己林,曼寇,1,015,2021-06-21,3,,11.0,11.0,5.14
版合,己林,曼寇,1,015,2021-06-21,4,,13.0,12.0,4.85
版合,己林,曼寇,1,015,2021-06-28,1,,11.0,11.0,4.00
版合,己林,曼寇,1,015,2021-06-28,2,,10.0,9.0,5.12
版合,己林,曼寇,1,015,2021-06-28,3,,11.0,10.0,4.98
版合,己林,曼寇,1,015,2021-06-28,4,,11.0,11.0,4.70
版合,己林,曼寇,1,015,2021-07-05,1,,9.0,8.0,3.75
版合,己林,曼寇,1,015,2021-07-05,2,,9.0,7.5,4.06
版合,己林,曼寇,1,015,2021-07-05,3,,9.5,8.5,4.88
版合,己林,曼寇,1,015,2021-07-05,4,,9.0,8.5,4.61
版合,己林,曼寇,1,016,2021-01-20,1,90.0,11.7,10.8,4.27
版合,己林,曼寇,1,016,2021-01-20,2,118.0,10.6,11.3,4.25
版合,己林,曼寇,1,016,2021-01-20,3,125.0,9.9,10.7,4.24
版合,己林,曼寇,1,016,2021-01-20,4,117.0,11.3,11.1,5.31
版合,己林,曼寇,1,016,2021-01-27,1,110.0,12.2,11.1,4.53
版合,己林,曼寇,1,016,2021-01-27,2,132.0,10.6,11.2,5.20
版合,己林,曼寇,1,016,2021-01-27,3,139.0,13.1,12.4,4.03
版合,己林,曼寇,1,016,2021-01-27,4,136.0,11.8,11.9,4.63
版合,己林,曼寇,1,016,2021-02-03,1,138.0,12.8,11.9,5.14
版合,己林,曼寇,1,016,2021-02-03,2,,13.2,12.5,4.71
版合,己林,曼寇,1,016,2021-02-03,3,,11.8,12.7,4.41
版合,己林,曼寇,1,016,2021-02-03,4,,13.1,13.5,5.79
版合,己林,曼寇,1,016,2021-02-10,1,,14.4,14.6,6.26
版合,己林,曼寇,1,016,2021-02-10,2,,15.1,14.8,5.30
版合,己林,曼寇,1,016,2021-02-10,3,,15.8,15.6,5.02
版合,己林,曼寇,1,016,2021-02-10,4,,14.7,14.3,6.53
版合,己林,曼寇,1,016,2021-02-17,1,,12.7,12.5,6.00
版合,己林,曼寇,1,016,2021-02-17,2,,13.2,12.4,5.04
版合,己林,曼寇,1,016,2021-02-17,3,,14.1,12.1,5.33
版合,己林,曼寇,1,016,2021-02-17,4,,12.6,14.4,4.91
版合,己林,曼寇,1,016,2021-02-24,1,,15.9,15.2,5.18
版合,己林,曼寇,1,016,2021-02-24,2,,13.6,14.1,5.48
版合,己林,曼寇,1,016,2021-02-24,3,,13.8,12.7,5.29
版合,己林,曼寇,1,016,2021-02-24,4,,15.8,15.4,5.51
版合,己林,曼寇,1,016,2021-03-03,1,,13.3,14.3,7.17
版合,己林,曼寇,1,016,2021-03-03,2,,14.1,14.5,6.45
版合,己林,曼寇,1,016,2021-03-03,3,,14.4,12.8,5.44
版合,己林,曼寇,1,016,2021-03-03,4,,13.5,13.6,5.47
版合,己林,曼寇,1,016,2021-03-10,1,,15.2,13.1,5.21
版合,己林,曼寇,1,016,2021-03-10,2,,13.7,14.2,4.37
版合,己林,曼寇,1,016,2021-03-10,3,,11.3,12.1,3.29
版合,己林,曼寇,1,016,2021-03-10,4,,11.7,11.6,7.21
版合,己林,曼寇,1,016,2021-03-15,1,,14.0,13.0,5.94
版合,己林,曼寇,1,016,2021-03-15,2,,14.0,13.5,5.47
版合,己林,曼寇,1,016,2021-03-15,3,,13.6,14.3,6.02
版合,己林,曼寇,1,016,2021-03-15,4,,14.2,13.5,5.50
版合,己林,曼寇,1,016,2021-03-22,1,,12.5,11.7,5.15
版合,己林,曼寇,1,016,2021-03-22,2,,13.0,11.9,4.94
版合,己林,曼寇,1,016,2021-03-22,3,,14.3,12.5,6.19
版合,己林,曼寇,1,016,2021-03-22,4,,14.0,12.5,5.29
版合,己林,曼寇,1,016,2021-03-29,1,,11.5,10.2,5.26
版合,己林,曼寇,1,016,2021-03-29,2,,12.0,11.0,5.20
版合,己林,曼寇,1,016,2021-03-29,3,,12.5,10.5,5.21
版合,己林,曼寇,1,016,2021-03-29,4,,11.0,9.5,4.98
版合,己林,曼寇,1,016,2021-04-05,1,,11.0,10.0,5.19
版合,己林,曼寇,1,016,2021-04-05,2,,11.5,9.5,6.03
版合,己林,曼寇,1,016,2021-04-05,3,,12.0,11.0,5.33
版合,己林,曼寇,1,016,2021-04-05,4,,12.0,10.0,4.71
版合,己林,曼寇,1,016,2021-04-12,1,,12.0,10.5,6.02
版合,己林,曼寇,1,016,2021-04-12,2,,11.0,10.0,5.16
版合,己林,曼寇,1,016,2021-04-12,3,,12.5,11.0,5.38
版合,己林,曼寇,1,016,2021-04-12,4,,12.0,9.5,5.14
版合,己林,曼寇,1,016,2021-04-19,1,,11.0,10.0,5.99
版合,己林,曼寇,1,016,2021-04-19,2,,11.5,9.5,5.17
版合,己林,曼寇,1,016,2021-04-19,3,,12.0,11.5,4.56
版合,己林,曼寇,1,016,2021-04-19,4,,11.0,10.0,5.32
版合,己林,曼寇,1,016,2021-04-26,1,,11.0,9.0,4.87
版合,己林,曼寇,1,016,2021-04-26,2,,10.0,8.5,4.91
版合,己林,曼寇,1,016,2021-04-26,3,,11.5,9.5,4.83
版合,己林,曼寇,1,016,2021-04-26,4,,11.0,10.0,5.11
版合,己林,曼寇,1,016,2021-05-03,1,,11.0,9.0,4.48
版合,己林,曼寇,1,016,2021-05-03,2,,10.0,8.5,4.35
版合,己林,曼寇,1,016,2021-05-03,3,,10.5,10.0,4.91
版合,己林,曼寇,1,016,2021-05-03,4,,10.0,9.5,5.62
版合,己林,曼寇,1,016,2021-05-10,1,,11.0,9.0,4.14
版合,己林,曼寇,1,016,2021-05-10,2,,10.5,8.0,4.87
版合,己林,曼寇,1,016,2021-05-10,3,,10.5,10.0,4.93
版合,己林,曼寇,1,016,2021-05-10,4,,11.0,10.0,4.52
版合,己林,曼寇,1,016,2021-05-17,1,,11.0,10.0,5.37
版合,己林,曼寇,1,016,2021-05-17,2,,10.5,9.0,5.24
版合,己林,曼寇,1,016,2021-05-17,3,,10.3,9.0,5.61
版合,己林,曼寇,1,016,2021-05-17,4,,11.0,9.5,4.55
版合,己林,曼寇,1,016,2021-05-24,1,,11.0,10.0,5.47
版合,己林,曼寇,1,016,2021-05-24,2,,10.5,9.0,5.13
版合,己林,曼寇,1,016,2021-05-24,3,,10.7,10.0,5.65
版合,己林,曼寇,1,016,2021-05-24,4,,11.0,9.5,5.93
版合,己林,曼寇,1,016,2021-05-31,1,,13.0,12.2,5.50
版合,己林,曼寇,1,016,2021-05-31,2,,12.4,11.5,5.21
版合,己林,曼寇,1,016,2021-05-31,3,,11.5,10.2,5.70
版合,己林,曼寇,1,016,2021-05-31,4,,10.5,11.4,6.02
版合,己林,曼寇,1,016,2021-06-07,1,,10.0,8.5,5.45
版合,己林,曼寇,1,016,2021-06-07,2,,11.0,9.0,5.58
版合,己林,曼寇,1,016,2021-06-07,3,,11.0,11.0,4.94
版合,己林,曼寇,1,016,2021-06-07,4,,13.0,11.0,5.62
版合,己林,曼寇,1,016,2021-06-14,1,,12.0,11.0,5.23
版合,己林,曼寇,1,016,2021-06-14,2,,13.0,11.0,4.74
版合,己林,曼寇,1,016,2021-06-14,3,,9.5,8.0,4.62
版合,己林,曼寇,1,016,2021-06-14,4,,10.0,8.0,4.38
版合,己林,曼寇,1,016,2021-06-21,1,,13.0,11.0,4.92
版合,己林,曼寇,1,016,2021-06-21,2,,11.0,9.0,5.05
版合,己林,曼寇,1,016,2021-06-21,3,,10.0,9.2,5.24
版合,己林,曼寇,1,016,2021-06-21,4,,9.5,9.0,5.32
版合,己林,曼寇,1,016,2021-06-28,1,,10.0,9.0,4.97
版合,己林,曼寇,1,016,2021-06-28,2,,10.0,9.5,5.10
版合,己林,曼寇,1,016,2021-06-28,3,,8.5,8.0,5.30
版合,己林,曼寇,1,016,2021-06-28,4,,10.0,9.0,5.51
版合,己林,曼寇,1,016,2021-07-05,1,,10.0,10.0,4.81
版合,己林,曼寇,1,016,2021-07-05,2,,9.0,10.0,5.20
版合,己林,曼寇,1,016,2021-07-05,3,,10.0,9.0,5.11
版合,己林,曼寇,1,016,2021-07-05,4,,9.5,8.5,5.32
版合,己林,曼寇,1,016,2021-07-13,1,,9.0,8.0,4.78
版合,己林,曼寇,1,016,2021-07-13,2,,9.0,8.5,4.99
版合,己林,曼寇,1,016,2021-07-13,3,,10.0,8.5,5.00
版合,己林,曼寇,1,016,2021-07-13,4,,9.0,8.0,4.86
版合,己林,曼寇,1,016,2021-07-20,1,,9.0,8.0,4.13
版合,己林,曼寇,1,016,2021-07-20,2,,9.0,8.5,4.27
版合,己林,曼寇,1,016,2021-07-20,3,,10.0,8.5,4.66
版合,己林,曼寇,1,016,2021-07-20,4,,9.0,8.0,4.89
版合,己林,曼寇,1,016,2021-07-27,1,,10.0,9.0,4.00
版合,己林,曼寇,1,016,2021-07-27,2,,9.0,9.0,4.21
版合,己林,曼寇,1,016,2021-07-27,3,,9.0,7.5,4.30
版合,己林,曼寇,1,016,2021-07-27,4,,8.0,8.0,4.42
版合,己林,曼寇,1,016,2021-08-03,1,,7.5,7.0,4.12
版合,己林,曼寇,1,016,2021-08-03,2,,8.5,8.5,4.40
版合,己林,曼寇,1,016,2021-08-03,3,,8.5,8.0,4.36
版合,己林,曼寇,1,016,2021-08-03,4,,8.5,7.0,4.54
版合,己林,曼寇,1,016,2021-08-10,1,,9.0,9.0,4.54
版合,己林,曼寇,1,016,2021-08-10,2,,9.0,8.5,4.15
版合,己林,曼寇,1,016,2021-08-10,3,,9.0,8.0,4.66
版合,己林,曼寇,1,016,2021-08-10,4,,7.0,7.0,4.52
版合,己林,曼寇,1,016,2021-08-17,1,,8.0,6.5,4.62
版合,己林,曼寇,1,016,2021-08-17,2,,9.0,7.0,4.64
版合,己林,曼寇,1,016,2021-08-17,3,,10.0,10.0,4.71
版合,己林,曼寇,1,016,2021-08-17,4,,10.5,9.0,4.63
版合,己林,曼寇,1,017,2021-01-05,1,,16.5,18.0,6.00
版合,己林,曼寇,1,017,2021-01-05,2,,17.0,16.0,4.80
版合,己林,曼寇,1,017,2021-01-05,3,,16.5,17.5,6.00
版合,己林,曼寇,1,017,2021-01-05,4,,16.0,17.0,5.30
版合,己林,曼寇,1,017,2021-01-13,1,,17.8,16.5,6.10
版合,己林,曼寇,1,017,2021-01-13,2,,16.5,16.1,6.20
版合,己林,曼寇,1,017,2021-01-13,3,,17.6,15.0,5.90
版合,己林,曼寇,1,017,2021-01-13,4,,17.5,16.5,6.60
版合,己林,曼寇,1,017,2021-01-20,1,,17.6,15.5,6.70
版合,己林,曼寇,1,017,2021-01-20,2,,18.6,15.6,6.60
版合,己林,曼寇,1,017,2021-01-20,3,,20.0,17.1,5.90
版合,己林,曼寇,1,017,2021-01-20,4,,16.7,15.3,5.50
版合,己林,曼寇,1,017,2021-01-27,1,,18.3,15.6,6.20
版合,己林,曼寇,1,017,2021-01-27,2,,19.0,16.6,5.50
版合,己林,曼寇,1,017,2021-01-27,3,,18.0,15.8,6.00
版合,己林,曼寇,1,017,2021-01-27,4,,17.3,14.8,5.90
版合,己林,曼寇,1,017,2021-02-03,1,,15.0,13.5,5.90
版合,己林,曼寇,1,017,2021-02-03,2,,16.0,15.0,5.40
版合,己林,曼寇,1,017,2021-02-03,3,,16.0,15.5,5.90
版合,己林,曼寇,1,017,2021-02-03,4,,15.0,14.0,6.00
版合,己林,曼寇,1,017,2021-02-17,1,,12.8,12.0,3.80
版合,己林,曼寇,1,017,2021-02-17,2,,11.2,9.5,4.50
版合,己林,曼寇,1,017,2021-02-17,3,,12.6,11.3,4.10
版合,己林,曼寇,1,017,2021-02-17,4,,14.0,13.6,5.20
版合,己林,曼寇,1,017,2021-02-24,1,,14.8,14.0,5.60
版合,己林,曼寇,1,017,2021-02-24,2,,14.5,13.6,4.70
版合,己林,曼寇,1,017,2021-02-24,3,,13.5,12.7,4.80
版合,己林,曼寇,1,017,2021-02-24,4,,12.8,12.0,5.70
版合,己林,曼寇,1,017,2021-03-03,1,,12.5,9.4,4.50
版合,己林,曼寇,1,017,2021-03-03,2,,14.1,12.0,4.30
版合,己林,曼寇,1,017,2021-03-03,3,,13.0,11.8,4.20
版合,己林,曼寇,1,017,2021-03-03,4,,14.3,13.2,5.10
版合,己林,曼寇,1,017,2021-03-10,1,,15.5,13.0,6.00
版合,己林,曼寇,1,017,2021-03-10,2,,14.5,11.5,5.90
版合,己林,曼寇,1,017,2021-03-10,3,,12.4,10.1,5.50
版合,己林,曼寇,1,017,2021-03-10,4,,13.1,10.3,5.60
版合,己林,曼寇,1,017,2021-03-16,1,,15.1,13.6,6.90
版合,己林,曼寇,1,017,2021-03-16,2,,16.0,14.2,6.50
版合,己林,曼寇,1,017,2021-03-16,3,,15.1,13.8,4.90
版合,己林,曼寇,1,017,2021-03-16,4,,15.5,13.8,5.40
版合,己林,曼寇,1,017,2021-03-23,1,,12.6,10.4,4.60
版合,己林,曼寇,1,017,2021-03-23,2,,11.1,10.0,4.50
版合,己林,曼寇,1,017,2021-03-23,3,,12.8,11.4,4.40
版合,己林,曼寇,1,017,2021-03-23,4,,13.5,12.2,4.30
版合,己林,曼寇,1,017,2021-03-30,1,,12.5,11.8,5.50
版合,己林,曼寇,1,017,2021-03-30,2,,14.0,12.0,6.50
版合,己林,曼寇,1,017,2021-03-30,3,,13.3,13.5,5.60
版合,己林,曼寇,1,017,2021-03-30,4,,13.0,11.0,4.90
版合,己林,曼寇,1,017,2021-04-06,1,,11.2,10.2,5.40
版合,己林,曼寇,1,017,2021-04-06,2,,11.9,10.5,4.00
版合,己林,曼寇,1,017,2021-04-06,3,,12.3,11.3,4.00
版合,己林,曼寇,1,017,2021-04-06,4,,12.1,10.9,4.30
版合,己林,曼寇,1,017,2021-04-13,1,,11.0,9.8,4.50
版合,己林,曼寇,1,017,2021-04-13,2,,10.5,9.2,6.00
版合,己林,曼寇,1,017,2021-04-13,3,,11.4,9.8,5.10
版合,己林,曼寇,1,017,2021-04-13,4,,14.0,12.0,4.80
版合,己林,曼寇,1,017,2021-04-20,1,,10.0,11.0,4.80
版合,己林,曼寇,1,017,2021-04-20,2,,10.0,9.8,4.30
版合,己林,曼寇,1,017,2021-04-20,3,,10.3,9.5,4.70
版合,己林,曼寇,1,017,2021-04-20,4,,10.5,10.0,4.00
版合,己林,曼寇,1,017,2021-04-27,1,,7.8,7.5,4.50
版合,己林,曼寇,1,017,2021-04-27,2,,7.5,7.0,5.70
版合,己林,曼寇,1,017,2021-04-27,3,,7.0,6.3,4.70
版合,己林,曼寇,1,017,2021-04-27,4,,6.6,6.0,6.00
版合,己林,曼寇,1,017,2021-05-04,1,,8.5,7.8,4.10
版合,己林,曼寇,1,017,2021-05-04,2,,8.7,8.0,4.50
版合,己林,曼寇,1,017,2021-05-04,3,,8.5,8.0,5.00
版合,己林,曼寇,1,017,2021-05-04,4,,8.0,7.3,3.70
版合,己林,曼寇,1,017,2021-05-11,1,,11.3,11.0,6.30
版合,己林,曼寇,1,017,2021-05-11,2,,12.0,11.5,4.70
版合,己林,曼寇,1,017,2021-05-11,3,,10.5,9.5,4.60
版合,己林,曼寇,1,017,2021-05-11,4,,11.7,11.5,5.50
版合,己林,曼寇,1,017,2021-05-18,1,,10.3,10.5,3.70
版合,己林,曼寇,1,017,2021-05-18,2,,10.0,9.5,4.40
版合,己林,曼寇,1,017,2021-05-18,3,,11.0,10.5,4.60
版合,己林,曼寇,1,017,2021-05-18,4,,10.5,11.0,4.70
版合,己林,曼寇,1,017,2021-05-25,1,,10.0,9.5,5.00
版合,己林,曼寇,1,017,2021-05-25,2,,10.5,10.5,5.60
版合,己林,曼寇,1,017,2021-05-25,3,,11.5,11.5,4.80
版合,己林,曼寇,1,017,2021-05-25,4,,12.5,11.0,5.00
版合,己林,曼寇,1,017,2021-06-01,1,,10.0,9.6,4.80
版合,己林,曼寇,1,017,2021-06-01,2,,11.0,10.0,5.00
版合,己林,曼寇,1,017,2021-06-01,3,,11.0,10.5,4.70
版合,己林,曼寇,1,017,2021-06-01,4,,10.0,9.5,5.10
版合,己林,曼寇,1,017,2021-06-08,1,,10.0,9.8,4.80
版合,己林,曼寇,1,017,2021-06-08,2,,10.0,10.0,4.70
版合,己林,曼寇,1,017,2021-06-08,3,,9.5,9.0,5.00
版合,己林,曼寇,1,017,2021-06-08,4,,10.3,10.0,4.00
版合,己林,曼寇,1,017,2021-06-15,1,,10.0,9.8,5.00
版合,己林,曼寇,1,017,2021-06-15,2,,10.0,9.5,4.20
版合,己林,曼寇,1,017,2021-06-15,3,,9.5,9.0,4.00
版合,己林,曼寇,1,017,2021-06-15,4,,9.5,9.0,4.40
版合,己林,曼寇,1,017,2021-06-23,1,,8.0,7.0,4.70
版合,己林,曼寇,1,017,2021-06-23,2,,8.0,8.0,5.00
版合,己林,曼寇,1,017,2021-06-23,3,,8.0,7.5,5.30
版合,己林,曼寇,1,017,2021-06-23,4,,8.0,8.5,4.80
版合,己林,曼寇,1,017,2021-06-29,1,,9.5,9.0,3.78
版合,己林,曼寇,1,017,2021-06-29,2,,9.0,8.5,3.86
版合,己林,曼寇,1,017,2021-06-29,3,,10.0,9.5,3.91
版合,己林,曼寇,1,017,2021-06-29,4,,9.5,9.0,5.61
版合,己林,曼寇,1,017,2021-07-06,1,,9.5,9.0,3.46
版合,己林,曼寇,1,017,2021-07-06,2,,9.0,9.0,4.48
版合,己林,曼寇,1,017,2021-07-06,3,,9.0,9.0,4.97
版合,己林,曼寇,1,017,2021-07-06,4,,9.0,8.5,4.72
版合,己林,曼寇,1,017,2021-07-13,1,,10.5,9.0,4.78
版合,己林,曼寇,1,017,2021-07-13,2,,9.5,8.5,5.13
版合,己林,曼寇,1,017,2021-07-13,3,,9.0,8.0,5.24
版合,己林,曼寇,1,017,2021-07-13,4,,10.0,9.0,5.69
版合,己林,曼寇,1,017,2021-07-20,1,,,,
版合,己林,曼寇,1,017,2021-07-20,2,,,,
版合,己林,曼寇,1,017,2021-07-20,3,,,,
版合,己林,曼寇,1,017,2021-07-20,4,,,,
版合,己林,曼寇,1,018,2021-01-07,1,102.0,6.8,8.9,9.08
版合,己林,曼寇,1,018,2021-01-07,2,93.0,9.1,7.5,8.81
版合,己林,曼寇,1,018,2021-01-07,3,129.0,7.6,8.2,7.98
版合,己林,曼寇,1,018,2021-01-07,4,99.0,9.0,7.7,7.11
版合,己林,曼寇,1,018,2021-01-13,1,105.0,7.7,9.3,7.66
版合,己林,曼寇,1,018,2021-01-13,2,93.0,11.4,11.9,5.42
版合,己林,曼寇,1,018,2021-01-13,3,111.0,10.8,8.7,7.31
版合,己林,曼寇,1,018,2021-01-13,4,126.0,10.5,9.6,5.86
版合,己林,曼寇,1,018,2021-01-20,1,115.0,11.3,10.1,8.57
版合,己林,曼寇,1,018,2021-01-20,2,110.0,11.1,10.5,5.58
版合,己林,曼寇,1,018,2021-01-20,3,116.0,10.5,10.1,7.89
版合,己林,曼寇,1,018,2021-01-20,4,130.0,11.3,10.2,8.14
版合,己林,曼寇,1,018,2021-01-27,1,148.0,11.0,9.9,8.96
版合,己林,曼寇,1,018,2021-01-27,2,137.5,10.1,9.6,5.92
版合,己林,曼寇,1,018,2021-01-27,3,125.0,9.7,10.1,8.17
版合,己林,曼寇,1,018,2021-01-27,4,144.0,11.4,11.2,8.14
版合,己林,曼寇,1,018,2021-02-03,1,,11.2,10.5,9.00
版合,己林,曼寇,1,018,2021-02-03,2,148.0,11.7,10.6,7.21
版合,己林,曼寇,1,018,2021-02-03,3,139.0,11.1,11.7,8.68
版合,己林,曼寇,1,018,2021-02-03,4,,11.8,11.4,8.32
版合,己林,曼寇,1,018,2021-02-10,1,,9.8,9.1,9.81
版合,己林,曼寇,1,018,2021-02-10,2,,13.1,11.7,8.45
版合,己林,曼寇,1,018,2021-02-10,3,,10.9,10.5,9.02
版合,己林,曼寇,1,018,2021-02-10,4,,9.1,8.5,8.67
版合,己林,曼寇,1,018,2021-02-17,1,,9.9,10.0,10.25
版合,己林,曼寇,1,018,2021-02-17,2,,10.3,9.8,8.87
版合,己林,曼寇,1,018,2021-02-17,3,,12.6,11.7,9.64
版合,己林,曼寇,1,018,2021-02-17,4,,10.6,10.8,9.05
版合,己林,曼寇,1,018,2021-02-24,1,,11.1,9.9,10.52
版合,己林,曼寇,1,018,2021-02-24,2,,11.6,10.7,10.56
版合,己林,曼寇,1,018,2021-02-24,3,,10.7,10.2,9.81
版合,己林,曼寇,1,018,2021-02-24,4,,11.3,10.6,9.34
版合,己林,曼寇,1,018,2021-03-03,1,,11.4,11.1,11.02
版合,己林,曼寇,1,018,2021-03-03,2,,10.2,9.8,10.68
版合,己林,曼寇,1,018,2021-03-03,3,,12.2,10.1,9.92
版合,己林,曼寇,1,018,2021-03-03,4,,10.8,10.6,9.37
版合,己林,曼寇,1,018,2021-03-10,1,,12.2,11.6,11.06
版合,己林,曼寇,1,018,2021-03-10,2,,13.8,13.5,10.71
版合,己林,曼寇,1,018,2021-03-10,3,,9.6,10.4,9.96
版合,己林,曼寇,1,018,2021-03-10,4,,12.4,11.1,9.42
版合,己林,曼寇,1,018,2021-03-15,1,,13.0,11.5,11.08
版合,己林,曼寇,1,018,2021-03-15,2,,11.3,10.0,10.77
版合,己林,曼寇,1,018,2021-03-15,3,,10.3,10.0,9.99
版合,己林,曼寇,1,018,2021-03-15,4,,11.0,10.5,9.51
版合,己林,曼寇,1,018,2021-03-22,1,,10.5,9.5,11.34
版合,己林,曼寇,1,018,2021-03-22,2,,12.0,10.0,10.89
版合,己林,曼寇,1,018,2021-03-22,3,,12.0,10.2,10.41
版合,己林,曼寇,1,018,2021-03-22,4,,9.9,11.8,9.89
版合,己林,曼寇,1,018,2021-03-29,1,,10.5,9.0,11.37
版合,己林,曼寇,1,018,2021-03-29,2,,11.5,10.0,10.92
版合,己林,曼寇,1,018,2021-03-29,3,,11.0,10.0,10.44
版合,己林,曼寇,1,018,2021-03-29,4,,10.6,9.7,9.92
版合,己林,曼寇,1,018,2021-04-05,1,,10.0,8.6,11.48
版合,己林,曼寇,1,018,2021-04-05,2,,10.0,9.0,10.99
版合,己林,曼寇,1,018,2021-04-05,3,,10.5,10.0,10.52
版合,己林,曼寇,1,018,2021-04-05,4,,9.5,8.0,10.01
版合,己林,曼寇,1,018,2021-04-12,1,,10.0,9.0,11.55
版合,己林,曼寇,1,018,2021-04-12,2,,9.5,8.7,11.06
版合,己林,曼寇,1,018,2021-04-12,3,,10.0,9.2,10.54
版合,己林,曼寇,1,018,2021-04-12,4,,9.8,8.6,10.08
版合,己林,曼寇,1,018,2021-04-19,1,,9.5,8.5,11.58
版合,己林,曼寇,1,018,2021-04-19,2,,9.0,8.3,11.09
版合,己林,曼寇,1,018,2021-04-19,3,,9.8,9.1,10.57
版合,己林,曼寇,1,018,2021-04-19,4,,9.5,9.0,10.10
版合,己林,曼寇,1,018,2021-04-26,1,,8.0,7.5,11.59
版合,己林,曼寇,1,018,2021-04-26,2,,8.0,7.7,11.11
版合,己林,曼寇,1,018,2021-04-26,3,,7.5,7.0,10.58
版合,己林,曼寇,1,018,2021-04-26,4,,8.0,6.5,10.12
版合,己林,曼寇,1,018,2021-05-03,1,,8.5,7.7,11.61
版合,己林,曼寇,1,018,2021-05-03,2,,7.7,7.0,11.13
版合,己林,曼寇,1,018,2021-05-03,3,,8.3,7.6,10.59
版合,己林,曼寇,1,018,2021-05-03,4,,8.0,7.5,10.14
版合,己林,曼寇,1,018,2021-05-10,1,,10.0,9.0,11.62
版合,己林,曼寇,1,018,2021-05-10,2,,9.3,8.0,11.14
版合,己林,曼寇,1,018,2021-05-10,3,,9.5,8.5,10.61
版合,己林,曼寇,1,018,2021-05-10,4,,10.2,9.5,10.15
版合,己林,曼寇,1,018,2021-05-17,1,,8.0,7.5,11.63
版合,己林,曼寇,1,018,2021-05-17,2,,8.0,7.7,11.15
版合,己林,曼寇,1,018,2021-05-17,3,,7.5,7.0,10.62
版合,己林,曼寇,1,018,2021-05-17,4,,8.0,6.5,10.17
版合,己林,曼寇,1,018,2021-05-24,1,,9.5,9.0,11.64
版合,己林,曼寇,1,018,2021-05-24,2,,9.0,8.5,11.16
版合,己林,曼寇,1,018,2021-05-24,3,,9.3,8.5,10.63
版合,己林,曼寇,1,018,2021-05-24,4,,9.0,8.0,10.18
版合,己林,曼寇,1,018,2021-05-31,1,,9.2,8.6,11.65
版合,己林,曼寇,1,018,2021-05-31,2,,8.1,8.0,11.17
版合,己林,曼寇,1,018,2021-05-31,3,,8.3,7.5,10.65
版合,己林,曼寇,1,018,2021-05-31,4,,9.0,8.0,10.19
版合,己林,曼寇,1,018,2021-06-07,1,,7.5,6.0,11.67
版合,己林,曼寇,1,018,2021-06-07,2,,8.0,6.0,11.19
版合,己林,曼寇,1,018,2021-06-07,3,,8.0,6.0,10.67
版合,己林,曼寇,1,018,2021-06-07,4,,7.0,5.5,10.21
版合,己林,曼寇,1,018,2021-06-14,1,,10.0,9.0,11.68
版合,己林,曼寇,1,018,2021-06-14,2,,9.0,9.0,11.21
版合,己林,曼寇,1,018,2021-06-14,3,,7.5,7.0,10.68
版合,己林,曼寇,1,018,2021-06-14,4,,11.0,9.0,10.22
版合,己林,曼寇,1,018,2021-06-21,1,,10.0,9.0,11.70
版合,己林,曼寇,1,018,2021-06-21,2,,9.0,8.0,11.23
版合,己林,曼寇,1,018,2021-06-21,3,,10.0,10.0,10.70
版合,己林,曼寇,1,018,2021-06-21,4,,9.0,9.0,10.25
版合,己林,曼寇,1,018,2021-06-28,1,,11.0,9.5,11.80
版合,己林,曼寇,1,018,2021-06-28,2,,11.0,10.0,11.41
版合,己林,曼寇,1,018,2021-06-28,3,,10.0,9.0,10.81
版合,己林,曼寇,1,018,2021-06-28,4,,12.0,11.0,10.30
版合,己林,曼寇,1,018,2021-07-05,1,,11.0,10.5,11.90
版合,己林,曼寇,1,018,2021-07-05,2,,10.0,9.5,11.57
版合,己林,曼寇,1,018,2021-07-05,3,,12.0,11.0,10.99
版合,己林,曼寇,1,018,2021-07-05,4,,10.0,8.5,10.45
版合,己林,曼寇,1,018,2021-07-13,1,,11.0,10.0,12.00
版合,己林,曼寇,1,018,2021-07-13,2,,10.0,9.5,11.78
版合,己林,曼寇,1,018,2021-07-13,3,,12.0,10.0,11.23
版合,己林,曼寇,1,018,2021-07-13,4,,10.0,9.0,10.61
版合,己林,曼寇,1,018,2021-07-20,1,,11.0,10.0,12.12
版合,己林,曼寇,1,018,2021-07-20,2,,10.0,9.5,11.84
版合,己林,曼寇,1,018,2021-07-20,3,,12.0,10.0,11.41
版合,己林,曼寇,1,018,2021-07-20,4,,10.0,9.0,10.86
版合,己林,曼寇,1,018,2021-07-27,1,,7.0,7.0,12.30
版合,己林,曼寇,1,018,2021-07-27,2,,7.0,7.0,12.00
版合,己林,曼寇,1,018,2021-07-27,3,,9.0,7.5,11.51
版合,己林,曼寇,1,018,2021-07-27,4,,7.5,7.0,10.99
版合,己林,曼寇,1,018,2021-08-03,1,,8.0,7.0,12.41
版合,己林,曼寇,1,018,2021-08-03,2,,7.0,7.0,12.12
版合,己林,曼寇,1,018,2021-08-03,3,,8.0,8.0,11.67
版合,己林,曼寇,1,018,2021-08-03,4,,7.5,7.0,11.05
版合,磨邦,曼寇,1,003,2021-01-08,1,,12.0,10.5,5.02
版合,磨邦,曼寇,1,003,2021-01-08,2,,13.5,13.5,4.09
版合,磨邦,曼寇,1,003,2021-01-08,3,,13.0,12.5,3.80
版合,磨邦,曼寇,1,003,2021-01-08,4,,13.0,11.5,4.90
版合,磨邦,曼寇,1,003,2021-01-13,1,,17.0,16.0,6.15
版合,磨邦,曼寇,1,003,2021-01-13,2,,14.5,14.0,5.17
版合,磨邦,曼寇,1,003,2021-01-13,3,,14.0,15.0,6.65
版合,磨邦,曼寇,1,003,2021-01-13,4,,15.0,14.0,6.44
版合,磨邦,曼寇,1,003,2021-01-20,1,,15.5,14.5,5.73
版合,磨邦,曼寇,1,003,2021-01-20,2,,16.0,15.5,5.36
版合,磨邦,曼寇,1,003,2021-01-20,3,,16.5,15.5,6.28
版合,磨邦,曼寇,1,003,2021-01-20,4,,17.0,15.0,5.59
版合,磨邦,曼寇,1,003,2021-01-27,1,,17.0,16.5,5.01
版合,磨邦,曼寇,1,003,2021-01-27,2,,17.0,16.0,5.79
版合,磨邦,曼寇,1,003,2021-01-27,3,,16.0,15.0,4.24
版合,磨邦,曼寇,1,003,2021-01-27,4,,16.5,15.0,5.53
版合,磨邦,曼寇,1,003,2021-02-03,1,,17.0,16.5,5.16
版合,磨邦,曼寇,1,003,2021-02-03,2,,16.5,16.0,5.29
版合,磨邦,曼寇,1,003,2021-02-03,3,,17.0,16.0,5.27
版合,磨邦,曼寇,1,003,2021-02-03,4,,17.5,17.0,4.96
版合,磨邦,曼寇,1,003,2021-02-10,1,,15.0,16.0,6.00
版合,磨邦,曼寇,1,003,2021-02-10,2,,17.0,16.0,5.43
版合,磨邦,曼寇,1,003,2021-02-10,3,,17.0,15.0,5.30
版合,磨邦,曼寇,1,003,2021-02-10,4,,17.0,17.0,5.73
版合,磨邦,曼寇,1,003,2021-02-17,1,,16.5,15.0,5.91
版合,磨邦,曼寇,1,003,2021-02-17,2,,15.5,15.0,5.34
版合,磨邦,曼寇,1,003,2021-02-17,3,,16.0,14.5,5.64
版合,磨邦,曼寇,1,003,2021-02-17,4,,16.5,15.0,5.81
版合,磨邦,曼寇,1,003,2021-02-24,1,,12.0,11.5,5.46
版合,磨邦,曼寇,1,003,2021-02-24,2,,13.0,12.0,4.94
版合,磨邦,曼寇,1,003,2021-02-24,3,,13.5,13.0,5.34
版合,磨邦,曼寇,1,003,2021-02-24,4,,14.0,13.0,5.24
版合,磨邦,曼寇,1,003,2021-03-03,1,,13.0,12.5,4.22
版合,磨邦,曼寇,1,003,2021-03-03,2,,13.0,12.5,5.75
版合,磨邦,曼寇,1,003,2021-03-03,3,,13.0,13.0,4.99
版合,磨邦,曼寇,1,003,2021-03-03,4,,13.5,13.0,5.15
版合,磨邦,曼寇,1,003,2021-03-10,1,,13.5,12.0,5.12
版合,磨邦,曼寇,1,003,2021-03-10,2,,14.0,13.0,5.26
版合,磨邦,曼寇,1,003,2021-03-10,3,,13.0,12.5,5.33
版合,磨邦,曼寇,1,003,2021-03-10,4,,13.5,12.0,5.12
版合,磨邦,曼寇,1,003,2021-03-17,1,,12.5,11.0,5.50
版合,磨邦,曼寇,1,003,2021-03-17,2,,12.7,12.0,4.70
版合,磨邦,曼寇,1,003,2021-03-17,3,,14.1,13.3,4.70
版合,磨邦,曼寇,1,003,2021-03-17,4,,12.4,11.0,5.00
版合,磨邦,曼寇,1,003,2021-03-24,1,,13.5,11.5,4.70
版合,磨邦,曼寇,1,003,2021-03-24,2,,13.8,12.0,5.50
版合,磨邦,曼寇,1,003,2021-03-24,3,,14.0,12.8,6.00
版合,磨邦,曼寇,1,003,2021-03-24,4,,13.5,12.0,4.90
版合,磨邦,曼寇,1,003,2021-03-30,1,,13.5,12.0,5.24
版合,磨邦,曼寇,1,003,2021-03-30,2,,14.0,12.5,5.32
版合,磨邦,曼寇,1,003,2021-03-30,3,,13.5,12.0,5.11
版合,磨邦,曼寇,1,003,2021-03-30,4,,13.0,11.0,5.70
版合,磨邦,曼寇,1,003,2021-04-05,1,,12.0,10.0,5.46
版合,磨邦,曼寇,1,003,2021-04-05,2,,13.0,12.0,4.86
版合,磨邦,曼寇,1,003,2021-04-05,3,,12.0,12.0,4.26
版合,磨邦,曼寇,1,003,2021-04-05,4,,13.0,12.0,4.25
版合,磨邦,曼寇,1,003,2021-04-12,1,,11.0,9.0,4.48
版合,磨邦,曼寇,1,003,2021-04-12,2,,11.0,8.5,4.66
版合,磨邦,曼寇,1,003,2021-04-12,3,,12.0,10.0,5.16
版合,磨邦,曼寇,1,003,2021-04-12,4,,12.0,10.0,4.58
版合,磨邦,曼寇,1,003,2021-04-19,1,,11.0,9.0,4.58
版合,磨邦,曼寇,1,003,2021-04-19,2,,12.0,10.0,5.02
版合,磨邦,曼寇,1,003,2021-04-19,3,,11.0,9.5,4.86
版合,磨邦,曼寇,1,003,2021-04-19,4,,11.5,10.0,4.92
版合,磨邦,曼寇,1,003,2021-04-28,1,,12.3,11.5,4.30
版合,磨邦,曼寇,1,003,2021-04-28,2,,9.0,8.8,4.50
版合,磨邦,曼寇,1,003,2021-04-28,3,,10.2,10.0,5.10
版合,磨邦,曼寇,1,003,2021-04-28,4,,10.3,11.0,4.70
版合,磨邦,曼寇,1,003,2021-05-06,1,,12.0,11.0,4.00
版合,磨邦,曼寇,1,003,2021-05-06,2,,11.0,9.4,4.60
版合,磨邦,曼寇,1,003,2021-05-06,3,,11.0,10.0,4.50
版合,磨邦,曼寇,1,003,2021-05-06,4,,10.0,9.0,4.00
版合,磨邦,曼寇,1,003,2021-05-12,1,,10.0,10.0,5.40
版合,磨邦,曼寇,1,003,2021-05-12,2,,10.5,10.0,5.00
版合,磨邦,曼寇,1,003,2021-05-12,3,,11.0,10.5,5.10
版合,磨邦,曼寇,1,003,2021-05-12,4,,10.0,8.5,4.80
版合,磨邦,曼寇,1,003,2021-05-20,1,,12.0,11.0,4.30
版合,磨邦,曼寇,1,003,2021-05-20,2,,12.0,10.0,3.80
版合,磨邦,曼寇,1,003,2021-05-20,3,,14.0,13.5,4.60
版合,磨邦,曼寇,1,003,2021-05-20,4,,10.0,10.0,4.00
版合,磨邦,曼寇,1,003,2021-05-26,1,,9.0,9.0,4.10
版合,磨邦,曼寇,1,003,2021-05-26,2,,9.0,9.0,3.80
版合,磨邦,曼寇,1,003,2021-05-26,3,,10.0,9.5,4.20
版合,磨邦,曼寇,1,003,2021-05-26,4,,9.0,9.0,4.10
版合,磨邦,曼寇,1,003,2021-06-02,1,,9.0,8.6,4.40
版合,磨邦,曼寇,1,003,2021-06-02,2,,9.0,9.0,4.10
版合,磨邦,曼寇,1,003,2021-06-02,3,,10.5,11.0,4.30
版合,磨邦,曼寇,1,003,2021-06-02,4,,11.0,10.5,3.90
版合,磨邦,曼寇,1,003,2021-06-09,1,,9.0,9.5,4.50
版合,磨邦,曼寇,1,003,2021-06-09,2,,8.0,7.0,4.70
版合,磨邦,曼寇,1,003,2021-06-09,3,,10.0,10.0,4.00
版合,磨邦,曼寇,1,003,2021-06-09,4,,8.5,8.5,5.00
版合,磨邦,曼寇,1,003,2021-06-16,1,,12.0,11.5,4.50
版合,磨邦,曼寇,1,003,2021-06-16,2,,10.0,9.0,5.00
版合,磨邦,曼寇,1,003,2021-06-16,3,,12.0,12.0,4.00
版合,磨邦,曼寇,1,003,2021-06-16,4,,10.8,10.0,4.40
版合,磨邦,曼寇,1,003,2021-06-23,1,,9.0,8.5,5.00
版合,磨邦,曼寇,1,003,2021-06-23,2,,10.0,9.0,5.20
版合,磨邦,曼寇,1,003,2021-06-23,3,,10.0,8.0,4.00
版合,磨邦,曼寇,1,003,2021-06-23,4,,10.0,9.5,4.50
版合,磨邦,曼寇,1,003,2021-06-30,1,,10.5,10.0,3.95
版合,磨邦,曼寇,1,003,2021-06-30,2,,10.0,9.0,4.98
版合,磨邦,曼寇,1,003,2021-06-30,3,,10.0,9.5,4.16
版合,磨邦,曼寇,1,003,2021-06-30,4,,12.0,10.5,6.83
版合,磨邦,曼寇,1,003,2021-07-07,1,,10.0,9.0,3.96
版合,磨邦,曼寇,1,003,2021-07-07,2,,9.0,8.0,5.86
版合,磨邦,曼寇,1,003,2021-07-07,3,,10.0,10.0,5.13
版合,磨邦,曼寇,1,003,2021-07-07,4,,10.0,9.0,4.30
版合,磨邦,曼寇,1,003,2021-07-14,1,,9.0,7.0,4.62
版合,磨邦,曼寇,1,003,2021-07-14,2,,9.0,9.0,5.10
版合,磨邦,曼寇,1,003,2021-07-14,3,,10.0,9.0,5.13
版合,磨邦,曼寇,1,003,2021-07-14,4,,9.0,8.0,5.39
版合,磨邦,曼寇,1,003,2021-07-21,1,,10.0,8.0,4.56
版合,磨邦,曼寇,1,003,2021-07-21,2,,10.0,9.0,4.39
版合,磨邦,曼寇,1,003,2021-07-21,3,,9.0,8.0,5.12
版合,磨邦,曼寇,1,003,2021-07-21,4,,10.0,9.0,5.89
版合,磨邦,曼寇,1,003,2021-07-28,1,,10.0,9.0,5.44
版合,磨邦,曼寇,1,003,2021-07-28,2,,10.0,9.0,6.28
版合,磨邦,曼寇,1,003,2021-07-28,3,,9.0,9.0,5.59
版合,磨邦,曼寇,1,003,2021-07-28,4,,10.0,9.0,5.83
版合,磨邦,曼寇,1,003,2021-08-04,1,,8.0,8.0,5.55
版合,磨邦,曼寇,1,003,2021-08-04,2,,9.0,9.0,5.49
版合,磨邦,曼寇,1,003,2021-08-04,3,,10.0,9.0,5.57
版合,磨邦,曼寇,1,003,2021-08-04,4,,10.0,10.0,5.70
版合,磨邦,曼寇,1,003,2021-08-11,1,,9.0,9.0,5.45
版合,磨邦,曼寇,1,003,2021-08-11,2,,9.0,8.0,4.79
版合,磨邦,曼寇,1,003,2021-08-11,3,,10.0,9.0,5.06
版合,磨邦,曼寇,1,003,2021-08-11,4,,10.0,9.0,5.69
版合,磨邦,曼寇,1,003,2021-08-18,1,,9.5,9.0,5.92
版合,磨邦,曼寇,1,003,2021-08-18,2,,9.0,9.0,5.88
版合,磨邦,曼寇,1,003,2021-08-18,3,,10.0,9.0,5.69
版合,磨邦,曼寇,1,003,2021-08-18,4,,9.5,9.0,6.31
版合,磨邦,曼寇,1,003,2021-08-25,1,,10.0,9.0,5.46
版合,磨邦,曼寇,1,003,2021-08-25,2,,10.0,9.0,4.86
版合,磨邦,曼寇,1,003,2021-08-25,3,,9.0,9.0,5.05
版合,磨邦,曼寇,1,003,2021-08-25,4,,10.0,9.0,5.59
版合,磨邦,曼寇,1,007,2021-01-13,1,24.0,8.0,7.5,4.00
版合,磨邦,曼寇,1,007,2021-01-13,2,43.0,8.5,8.0,3.35
版合,磨邦,曼寇,1,007,2021-01-13,3,37.0,8.5,8.5,3.20
版合,磨邦,曼寇,1,007,2021-01-13,4,21.0,6.0,6.5,2.73
版合,磨邦,曼寇,1,007,2021-01-20,1,42.0,9.0,8.0,3.94
版合,磨邦,曼寇,1,007,2021-01-20,2,61.0,9.0,9.0,3.82
版合,磨邦,曼寇,1,007,2021-01-20,3,50.0,10.0,10.0,4.38
版合,磨邦,曼寇,1,007,2021-01-20,4,39.0,7.5,7.5,2.85
版合,磨邦,曼寇,1,007,2021-01-27,1,69.0,12.5,11.0,4.36
版合,磨邦,曼寇,1,007,2021-01-27,2,82.0,12.0,11.0,4.24
版合,磨邦,曼寇,1,007,2021-01-27,3,74.0,13.0,11.5,4.51
版合,磨邦,曼寇,1,007,2021-01-27,4,50.0,11.5,10.0,3.85
版合,磨邦,曼寇,1,007,2021-02-03,1,95.0,12.0,11.0,4.06
版合,磨邦,曼寇,1,007,2021-02-03,2,115.0,12.0,11.5,4.18
版合,磨邦,曼寇,1,007,2021-02-03,3,112.0,11.5,10.0,4.12
版合,磨邦,曼寇,1,007,2021-02-03,4,74.0,12.5,11.5,3.70
版合,磨邦,曼寇,1,007,2021-02-10,1,144.0,17.0,16.0,5.65
版合,磨邦,曼寇,1,007,2021-02-10,2,151.0,16.0,15.0,5.05
版合,磨邦,曼寇,1,007,2021-02-10,3,153.0,15.0,14.0,4.96
版合,磨邦,曼寇,1,007,2021-02-10,4,118.0,15.0,14.0,5.01
版合,磨邦,曼寇,1,007,2021-02-17,1,,17.0,16.0,6.11
版合,磨邦,曼寇,1,007,2021-02-17,2,,16.0,15.5,6.37
版合,磨邦,曼寇,1,007,2021-02-17,3,,16.0,15.0,6.21
版合,磨邦,曼寇,1,007,2021-02-17,4,,16.5,16.0,5.81
版合,磨邦,曼寇,1,007,2021-02-24,1,,16.0,16.0,5.70
版合,磨邦,曼寇,1,007,2021-02-24,2,,17.0,16.0,5.34
版合,磨邦,曼寇,1,007,2021-02-24,3,,17.0,16.5,5.94
版合,磨邦,曼寇,1,007,2021-02-24,4,,16.0,15.5,6.41
版合,磨邦,曼寇,1,007,2021-03-03,1,,16.0,15.0,5.36
版合,磨邦,曼寇,1,007,2021-03-03,2,,16.0,14.0,5.91
版合,磨邦,曼寇,1,007,2021-03-03,3,,17.0,17.0,6.07
版合,磨邦,曼寇,1,007,2021-03-03,4,,15.0,15.0,5.64
版合,磨邦,曼寇,1,007,2021-03-10,1,,16.5,15.0,5.73
版合,磨邦,曼寇,1,007,2021-03-10,2,,17.0,16.0,5.64
版合,磨邦,曼寇,1,007,2021-03-10,3,,16.0,15.5,5.74
版合,磨邦,曼寇,1,007,2021-03-10,4,,16.0,16.0,5.56
版合,磨邦,曼寇,1,007,2021-03-17,1,,12.0,11.6,5.30
版合,磨邦,曼寇,1,007,2021-03-17,2,,11.6,10.0,4.80
版合,磨邦,曼寇,1,007,2021-03-17,3,,11.0,11.7,5.20
版合,磨邦,曼寇,1,007,2021-03-17,4,,12.9,12.5,4.70
版合,磨邦,曼寇,1,007,2021-03-24,1,,12.5,13.0,5.20
版合,磨邦,曼寇,1,007,2021-03-24,2,,13.0,13.5,5.80
版合,磨邦,曼寇,1,007,2021-03-24,3,,12.5,12.5,6.20
版合,磨邦,曼寇,1,007,2021-03-24,4,,12.3,11.9,4.90
版合,磨邦,曼寇,1,007,2021-03-30,1,,13.0,12.0,5.48
版合,磨邦,曼寇,1,007,2021-03-30,2,,14.0,13.0,5.02
版合,磨邦,曼寇,1,007,2021-03-30,3,,12.0,10.0,4.89
版合,磨邦,曼寇,1,007,2021-03-30,4,,13.5,12.0,5.26
版合,磨邦,曼寇,1,007,2021-04-05,1,,13.0,13.0,4.01
版合,磨邦,曼寇,1,007,2021-04-05,2,,12.0,11.0,4.30
版合,磨邦,曼寇,1,007,2021-04-05,3,,13.0,12.5,4.26
版合,磨邦,曼寇,1,007,2021-04-05,4,,12.5,11.0,4.25
版合,磨邦,曼寇,1,007,2021-04-12,1,,13.0,12.0,5.25
版合,磨邦,曼寇,1,007,2021-04-12,2,,13.0,13.0,5.26
版合,磨邦,曼寇,1,007,2021-04-12,3,,11.0,10.0,4.65
版合,磨邦,曼寇,1,007,2021-04-12,4,,12.0,10.0,5.02
版合,磨邦,曼寇,1,007,2021-04-19,1,,13.0,12.0,4.98
版合,磨邦,曼寇,1,007,2021-04-19,2,,12.0,10.0,5.42
版合,磨邦,曼寇,1,007,2021-04-19,3,,11.0,10.0,5.12
版合,磨邦,曼寇,1,007,2021-04-19,4,,11.5,10.0,4.44
版合,磨邦,曼寇,1,007,2021-04-28,1,,10.0,10.0,5.10
版合,磨邦,曼寇,1,007,2021-04-28,2,,10.0,9.0,5.50
版合,磨邦,曼寇,1,007,2021-04-28,3,,9.5,10.0,5.70
版合,磨邦,曼寇,1,007,2021-04-28,4,,10.5,10.3,5.00
版合,磨邦,曼寇,1,007,2021-05-06,1,,8.0,8.5,4.70
版合,磨邦,曼寇,1,007,2021-05-06,2,,8.8,7.5,4.10
版合,磨邦,曼寇,1,007,2021-05-06,3,,9.0,9.0,4.40
版合,磨邦,曼寇,1,007,2021-05-06,4,,8.0,8.2,4.50
版合,磨邦,曼寇,1,007,2021-05-12,1,,10.0,10.0,5.00
版合,磨邦,曼寇,1,007,2021-05-12,2,,10.5,9.6,5.20
版合,磨邦,曼寇,1,007,2021-05-12,3,,10.0,10.0,5.50
版合,磨邦,曼寇,1,007,2021-05-12,4,,11.0,10.7,4.80
版合,磨邦,曼寇,1,007,2021-05-20,1,,9.5,9.3,4.70
版合,磨邦,曼寇,1,007,2021-05-20,2,,10.5,10.0,5.00
版合,磨邦,曼寇,1,007,2021-05-20,3,,9.0,9.0,4.90
版合,磨邦,曼寇,1,007,2021-05-20,4,,9.3,10.5,5.10
版合,磨邦,曼寇,1,007,2021-05-26,1,,9.0,9.8,4.70
版合,磨邦,曼寇,1,007,2021-05-26,2,,12.0,11.5,5.30
版合,磨邦,曼寇,1,007,2021-05-26,3,,10.8,10.0,4.60
版合,磨邦,曼寇,1,007,2021-05-26,4,,11.3,11.5,5.10
版合,磨邦,曼寇,1,007,2021-06-02,1,,12.5,11.5,5.60
版合,磨邦,曼寇,1,007,2021-06-02,2,,12.0,10.3,5.40
版合,磨邦,曼寇,1,007,2021-06-02,3,,10.0,9.4,5.30
版合,磨邦,曼寇,1,007,2021-06-02,4,,12.5,11.5,5.70
版合,磨邦,曼寇,1,007,2021-06-09,1,,13.0,11.5,5.48
版合,磨邦,曼寇,1,007,2021-06-09,2,,12.0,11.0,5.02
版合,磨邦,曼寇,1,007,2021-06-09,3,,12.3,11.7,4.89
版合,磨邦,曼寇,1,007,2021-06-09,4,,10.8,10.5,5.26
版合,磨邦,曼寇,1,007,2021-06-16,1,,9.5,9.0,4.70
版合,磨邦,曼寇,1,007,2021-06-16,2,,10.5,10.0,4.10
版合,磨邦,曼寇,1,007,2021-06-16,3,,10.3,9.5,4.40
版合,磨邦,曼寇,1,007,2021-06-16,4,,10.5,10.0,4.50
版合,磨邦,曼寇,1,007,2021-06-23,1,,11.0,10.0,3.80
版合,磨邦,曼寇,1,007,2021-06-23,2,,10.5,9.0,4.00
版合,磨邦,曼寇,1,007,2021-06-23,3,,10.0,9.5,4.20
版合,磨邦,曼寇,1,007,2021-06-23,4,,9.8,8.5,4.00
版合,磨邦,曼寇,1,007,2021-06-30,1,,10.0,10.0,5.79
版合,磨邦,曼寇,1,007,2021-06-30,2,,10.0,8.0,5.78
版合,磨邦,曼寇,1,007,2021-06-30,3,,10.0,9.0,4.55
版合,磨邦,曼寇,1,007,2021-06-30,4,,9.0,9.0,5.24
版合,磨邦,曼寇,1,007,2021-07-07,1,,9.0,8.0,5.54
版合,磨邦,曼寇,1,007,2021-07-07,2,,10.0,9.0,3.75
版合,磨邦,曼寇,1,007,2021-07-07,3,,9.0,9.0,4.13
版合,磨邦,曼寇,1,007,2021-07-07,4,,8.0,7.0,4.79
版合,磨邦,曼寇,1,007,2021-07-14,1,,11.0,10.0,5.13
版合,磨邦,曼寇,1,007,2021-07-14,2,,10.0,10.0,5.24
版合,磨邦,曼寇,1,007,2021-07-14,3,,11.0,11.0,4.29
版合,磨邦,曼寇,1,007,2021-07-14,4,,10.0,8.0,5.66
版合,磨邦,曼寇,1,007,2021-07-21,1,,11.0,10.0,5.23
版合,磨邦,曼寇,1,007,2021-07-21,2,,14.0,13.0,4.46
版合,磨邦,曼寇,1,007,2021-07-21,3,,12.0,10.0,5.56
版合,磨邦,曼寇,1,007,2021-07-21,4,,12.0,10.0,4.66
版合,磨邦,曼寇,1,007,2021-07-28,1,,12.0,11.0,6.18
版合,磨邦,曼寇,1,007,2021-07-28,2,,10.0,9.0,4.03
版合,磨邦,曼寇,1,007,2021-07-28,3,,11.0,10.0,4.86
版合,磨邦,曼寇,1,007,2021-07-28,4,,10.0,9.0,5.35
版合,磨邦,曼寇,1,007,2021-08-04,1,,10.0,10.0,6.66
版合,磨邦,曼寇,1,007,2021-08-04,2,,11.0,10.0,4.85
版合,磨邦,曼寇,1,007,2021-08-04,3,,9.0,9.0,5.63
版合,磨邦,曼寇,1,007,2021-08-04,4,,10.0,9.0,5.73
版合,磨邦,曼寇,1,007,2021-08-11,1,,,,
版合,磨邦,曼寇,1,007,2021-08-11,2,,,,
版合,磨邦,曼寇,1,007,2021-08-11,3,,,,
版合,磨邦,曼寇,1,007,2021-08-11,4,,,,
